ordem;restaurant_id;categoria;caminho_categorias;nome;descricao;preco_referencia_reais;origem_preco_referencia;preco_source_file;preco_json_pointer;price_bruto_api;default_price_bruto_api;display_default_price_na_fonte;tipo_produto_api;ativo_na_fonte;visivel_na_fonte;source_id;json_pointer;variantes_e_componentes;sinalizacoes;status_revisao;observacoes_ike
1;freneze;Experiência Frêneze;Experiência Frêneze;Experiência Frêneze;consulte o Garçon.;349,00;default_price do composto, exibido pelo componente publico;raw_catalogo.json;/0/products/0/default_price;0;349;false;9;true;true;94531;/0/products/0;Pré-Couvert (Treneze) > Pururuca: 0,00 (SEM_COBRANCA_SEPARADA_NA_FONTE) | Pré-Couvert (Treneze) > Onion Ring: 0,00 (SEM_COBRANCA_SEPARADA_NA_FONTE) | Pré-Couvert (Treneze) > Batata Chips: 0,00 (SEM_COBRANCA_SEPARADA_NA_FONTE) | Couvert > Mini Pastel de Queijo: 0,00 (SEM_COBRANCA_SEPARADA_NA_FONTE) | Couvert > Pão de Queijo: 0,00 (SEM_COBRANCA_SEPARADA_NA_FONTE) | Couvert > Antepasto do dia: 0,00 (SEM_COBRANCA_SEPARADA_NA_FONTE) | Tour do Mar > Tartar de Salmão: 0,00 (SEM_COBRANCA_SEPARADA_NA_FONTE) | Tour do Mar > Ceviche de Frutos do Mar: 0,00 (SEM_COBRANCA_SEPARADA_NA_FONTE) | Tour do Mar > Ostra Fresca: 0,00 (SEM_COBRANCA_SEPARADA_NA_FONTE) | Tour do Mar > Camarões: 0,00 (SEM_COBRANCA_SEPARADA_NA_FONTE) | Saladas > Salada Caesar Crispy: 0,00 (SEM_COBRANCA_SEPARADA_NA_FONTE) | Saladas > Salada Frêneze: 0,00 (SEM_COBRANCA_SEPARADA_NA_FONTE) | Saladas > Salada Mediterrânea: 0,00 (SEM_COBRANCA_SEPARADA_NA_FONTE) | Entradas > Provoleta: 0,00 (SEM_COBRANCA_SEPARADA_NA_FONTE) | Entradas > Bolinho da Vovó: 0,00 (SEM_COBRANCA_SEPARADA_NA_FONTE) | Entradas > Croqueta de Morcilla: 0,00 (SEM_COBRANCA_SEPARADA_NA_FONTE) | Entradas > Golden Ball: 0,00 (SEM_COBRANCA_SEPARADA_NA_FONTE) | Entradas > Coxinha de Costela: 0,00 (SEM_COBRANCA_SEPARADA_NA_FONTE) | Entradas > Tempurá de Milho: 0,00 (SEM_COBRANCA_SEPARADA_NA_FONTE) | Entradas > Tataki de Atum: 0,00 (SEM_COBRANCA_SEPARADA_NA_FONTE) | Entradas > Ostra Fresca: 0,00 (SEM_COBRANCA_SEPARADA_NA_FONTE) | Entradas > Ostras Gratinadas: 0,00 (SEM_COBRANCA_SEPARADA_NA_FONTE) | Entradas > Steak Tartare Defumado: 0,00 (SEM_COBRANCA_SEPARADA_NA_FONTE) | Entradas > Beef Tonnato: 0,00 (SEM_COBRANCA_SEPARADA_NA_FONTE) | Entradas > Carpaccio Parrileiro: 0,00 (SEM_COBRANCA_SEPARADA_NA_FONTE) | Entradas > Carpaccio Gratinado: 0,00 (SEM_COBRANCA_SEPARADA_NA_FONTE) | Linguiças e Embutidos > Linguiça Apimentada: 0,00 (SEM_COBRANCA_SEPARADA_NA_FONTE) | Linguiças e Embutidos > Linguiça de Cachaça: 0,00 (SEM_COBRANCA_SEPARADA_NA_FONTE) | Linguiças e Embutidos > LInguiça Frêneze: 0,00 (SEM_COBRANCA_SEPARADA_NA_FONTE) | Linguiças e Embutidos > Morcilla: 0,00 (SEM_COBRANCA_SEPARADA_NA_FONTE) | Linguiças e Embutidos > Salsicha Weisswurst: 0,00 (SEM_COBRANCA_SEPARADA_NA_FONTE) | Proteínas e Cortes > Picanha: 0,00 (SEM_COBRANCA_SEPARADA_NA_FONTE) | Proteínas e Cortes > Bife Ancho: 0,00 (SEM_COBRANCA_SEPARADA_NA_FONTE) | Proteínas e Cortes > Ojo de Bife: 0,00 (SEM_COBRANCA_SEPARADA_NA_FONTE) | Proteínas e Cortes > Flat Iron: 0,00 (SEM_COBRANCA_SEPARADA_NA_FONTE) | Proteínas e Cortes > Denver Steak: 0,00 (SEM_COBRANCA_SEPARADA_NA_FONTE) | Proteínas e Cortes > Bife de Chorizo: 0,00 (SEM_COBRANCA_SEPARADA_NA_FONTE) | Proteínas e Cortes > Fraldinha: 0,00 (SEM_COBRANCA_SEPARADA_NA_FONTE) | Proteínas e Cortes > Assado de Tira: 0,00 (SEM_COBRANCA_SEPARADA_NA_FONTE) | Proteínas e Cortes > Sobrecoxa Desossada: 0,00 (SEM_COBRANCA_SEPARADA_NA_FONTE) | Proteínas e Cortes > Costela Francesa: 0,00 (SEM_COBRANCA_SEPARADA_NA_FONTE) | Proteínas e Cortes > Costelinha BBQ: 0,00 (SEM_COBRANCA_SEPARADA_NA_FONTE) | Proteínas e Cortes > Contra Filet de Cordeiro: 0,00 (SEM_COBRANCA_SEPARADA_NA_FONTE) | Proteínas e Cortes > Salmão: 0,00 (SEM_COBRANCA_SEPARADA_NA_FONTE) | Adicionais > Arroz Biro-Biro: 0,00 (SEM_COBRANCA_SEPARADA_NA_FONTE) | Adicionais > Arroz Oswaldo Aranha: 0,00 (SEM_COBRANCA_SEPARADA_NA_FONTE) | Adicionais > Arroz Caldoso: 0,00 (SEM_COBRANCA_SEPARADA_NA_FONTE) | Adicionais > Aligot de Batata: 0,00 (SEM_COBRANCA_SEPARADA_NA_FONTE) | Adicionais > Salada de Batata Morna: 0,00 (SEM_COBRANCA_SEPARADA_NA_FONTE) | Adicionais > Creme de Milho Tostado: 0,00 (SEM_COBRANCA_SEPARADA_NA_FONTE) | Adicionais > Batata Frita: 0,00 (SEM_COBRANCA_SEPARADA_NA_FONTE) | Adicionais > Farofa de Ovo: 0,00 (SEM_COBRANCA_SEPARADA_NA_FONTE) | Adicionais > Farofa de Limão: 0,00 (SEM_COBRANCA_SEPARADA_NA_FONTE) | Adicionais > Legumes Grelhados: 0,00 (SEM_COBRANCA_SEPARADA_NA_FONTE) | Adicionais > Palmito Pupunha: 0,00 (SEM_COBRANCA_SEPARADA_NA_FONTE) | Adicionais > Shitake na Manteiga: 0,00 (SEM_COBRANCA_SEPARADA_NA_FONTE) | Adicionais > Massa do Dia: 0,00 (SEM_COBRANCA_SEPARADA_NA_FONTE);COMPOSTO_COM_ETAPAS_PRECO_DEFAULT;PENDENTE;
2;freneze;Couvert Frêneze;Menu Principal > Couvert Frêneze;Couvert;Pão, manteiga, jamón, mini Pastel de Queijo, pão de Queijo;47,00;price do produto simples;raw_catalogo.json;/1/children/0/products/0/price;47;0;true;1;true;true;98376;/1/children/0/products/0;;;PENDENTE;
3;freneze;Entradas;Menu Principal > Entradas;Provoleta 250g;Queijo Provolone tostado na parrilla e servido com chimi churri.;68,00;price do produto simples;raw_catalogo.json;/1/children/1/products/0/price;68;0;true;1;true;true;98357;/1/children/1/products/0;;;PENDENTE;
4;freneze;Entradas;Menu Principal > Entradas;Bolinho da Vovó 40g;Bolinho de arroz recheado com queijo.;42,00;price do produto simples;raw_catalogo.json;/1/children/1/products/1/price;42;0;true;1;true;true;98358;/1/children/1/products/1;;;PENDENTE;
5;freneze;Entradas;Menu Principal > Entradas;Dadinho de Tapioca 40G;Tradicional receita nordestina a base de Tapioca granulada e queijo.;47,00;price do produto simples;raw_catalogo.json;/1/children/1/products/2/price;47;0;true;1;true;true;99614;/1/children/1/products/2;;;PENDENTE;
6;freneze;Entradas;Menu Principal > Entradas;Croqueta de Morcilla 40g;Bolinho cremoso feito com morcilla.;58,00;price do produto simples;raw_catalogo.json;/1/children/1/products/3/price;58;0;true;1;true;true;98360;/1/children/1/products/3;;;PENDENTE;
7;freneze;Entradas;Menu Principal > Entradas;Golden Ball 40g;Bolinho a base de queijo Parmesão 12 meses.;51,00;price do produto simples;raw_catalogo.json;/1/children/1/products/4/price;51;0;true;1;true;true;98361;/1/children/1/products/4;;;PENDENTE;
8;freneze;Entradas;Menu Principal > Entradas;Coxinha de Costela 150g;coxinha cremosa de costela assada lentamente.;54,00;price do produto simples;raw_catalogo.json;/1/children/1/products/5/price;54;0;true;1;true;true;98362;/1/children/1/products/5;;;PENDENTE;
9;freneze;Entradas;Menu Principal > Entradas;Tempurá de Milho 300g;Bolinho feito com milho tostado na parilla.;42,00;price do produto simples;raw_catalogo.json;/1/children/1/products/6/price;42;0;true;1;true;true;98363;/1/children/1/products/6;;;PENDENTE;
10;freneze;Entradas;Menu Principal > Entradas;Tataki de Atum 300g;Atum selado, molho Tonkatsu e tgare de gergelim torrado.;129,00;price do produto simples;raw_catalogo.json;/1/children/1/products/7/price;129;0;true;1;true;true;98364;/1/children/1/products/7;;;PENDENTE;
11;freneze;Entradas;Menu Principal > Entradas;Ostra Fresca - und;Temperada com azeite extra virgem e flor de sal.;18,00;price do produto simples;raw_catalogo.json;/1/children/1/products/8/price;18;0;true;1;true;true;98365;/1/children/1/products/8;;NOME_REPETIDO_OUTRA_CATEGORIA;PENDENTE;
12;freneze;Entradas;Menu Principal > Entradas;Ostras Gratinadas - und;Gratinada com queijo cremoso.;22,00;price do produto simples;raw_catalogo.json;/1/children/1/products/9/price;22;0;true;1;true;true;98366;/1/children/1/products/9;;;PENDENTE;
13;freneze;Entradas;Menu Principal > Entradas;Steak Tartare Defumado;Mignon picado na ponta da faca,cebola roxa, Alcaparras, Picles de pepino, Azeite defumado e espuma de Mostarda Dijon.;117,00;price do produto simples;raw_catalogo.json;/1/children/1/products/10/price;117;0;true;1;true;true;98367;/1/children/1/products/10;;;PENDENTE;
14;freneze;Entradas;Menu Principal > Entradas;Beef Tonnato;Miolo de Mignon selado, Maionese de anchovas e atum em cubos, finalisado com Furikake e ceboulete.;126,00;price do produto simples;raw_catalogo.json;/1/children/1/products/11/price;126;0;true;1;true;true;98368;/1/children/1/products/11;;;PENDENTE;
15;freneze;Entradas;Menu Principal > Entradas;Carpaccio Parrileiro;Ojo de Beef levemente selado com molho a base de Sriracha e mostarda Dijon.;134,00;price do produto simples;raw_catalogo.json;/1/children/1/products/12/price;134;0;true;1;true;true;98369;/1/children/1/products/12;;;PENDENTE;
16;freneze;Entradas;Menu Principal > Entradas;Carpaccio Gratinado;Lagarto selado na parrilla, com mostarda Dijon Parmesão e azeite trufado, servido com salada de alface, cogumelos e fonduta de queijo.;128,00;price do produto simples;raw_catalogo.json;/1/children/1/products/13/price;128;0;true;1;true;true;98370;/1/children/1/products/13;;;PENDENTE;
17;freneze;Entradas;Menu Principal > Entradas;Palmito Pupunha 540g;Pupunha grelhada na parrilla e servida com manteiga de ervas.;92,00;price do produto simples;raw_catalogo.json;/1/children/1/products/14/price;92;0;true;1;true;true;98371;/1/children/1/products/14;;;PENDENTE;
18;freneze;Entradas;Menu Principal > Entradas;LInguiça Frêneze;Linguiça artesanl com tempero Oriental.;56,00;price do produto simples;raw_catalogo.json;/1/children/1/products/15/price;56;0;true;1;true;true;98372;/1/children/1/products/15;;;PENDENTE;
19;freneze;Entradas;Menu Principal > Entradas;Mix de Linguiça;Cachaça, Freneze e Weisswurst;118,00;price do produto simples;raw_catalogo.json;/1/children/1/products/16/price;118;0;true;1;true;true;98373;/1/children/1/products/16;;;PENDENTE;
20;freneze;Entradas;Menu Principal > Entradas;Burrata Oro;Burrata servida com tomatinhos confitados e recoberta por folha de Ouro.;119,00;price do produto simples;raw_catalogo.json;/1/children/1/products/17/price;119;0;true;1;true;true;98778;/1/children/1/products/17;;;PENDENTE;
21;freneze;Balcão do  Mar;Menu Principal > Balcão do  Mar;Tour  do Mar;Uma verdadeira viagem ao oceano com Camarões, Ostra, ceviche de frutos do mar e salmão fresco.;188,00;price do produto simples;raw_catalogo.json;/1/children/2/products/0/price;188;0;true;1;true;true;99613;/1/children/2/products/0;;;PENDENTE;
22;freneze;Balcão do  Mar;Menu Principal > Balcão do  Mar;Cerviche de frutos do mar;clássico prato peruano que combina texturas diferentes com acidez marcante.;94,00;price do produto simples;raw_catalogo.json;/1/children/2/products/1/price;94;0;true;1;true;true;93899;/1/children/2/products/1;;;PENDENTE;
23;freneze;Balcão do  Mar;Menu Principal > Balcão do  Mar;Tartar de Salmão Frnz;Salmão picado na ponta da faca temperado com cebola roxa, picles e alcaparras, Finalizado com azeite e flor de sal.;119,00;price do produto simples;raw_catalogo.json;/1/children/2/products/2/price;119;0;true;1;true;true;93903;/1/children/2/products/2;;;PENDENTE;
24;freneze;Balcão do  Mar;Menu Principal > Balcão do  Mar;Ostra Fresca - und;Temperadas com azeite Extra Virgem e flor de sal;18,00;price do produto simples;raw_catalogo.json;/1/children/2/products/3/price;18;0;true;1;true;true;93897;/1/children/2/products/3;;NOME_REPETIDO_OUTRA_CATEGORIA;PENDENTE;
25;freneze;Balcão do  Mar;Menu Principal > Balcão do  Mar;Pan Tumaka;Pão artesanal tostado com tomate ralado, atum e anchova importada.;57,00;price do produto simples;raw_catalogo.json;/1/children/2/products/4/price;57;0;true;1;true;true;93898;/1/children/2/products/4;;;PENDENTE;
26;freneze;Balcão do  Mar;Menu Principal > Balcão do  Mar;Polvo a Lagareiro;Polvo confit no azeite servido com pão de fermentação natural tostado.;136,00;price do produto simples;raw_catalogo.json;/1/children/2/products/5/price;136;0;true;1;true;true;93900;/1/children/2/products/5;;;PENDENTE;
27;freneze;Balcão do  Mar;Menu Principal > Balcão do  Mar;Vieira Meia Concha;temperada com azeite de ervas, flor de sal, Wasabi,Tabasco jalapeno e ovas.;45,00;price do produto simples;raw_catalogo.json;/1/children/2/products/6/price;45;0;true;1;true;true;93901;/1/children/2/products/6;;;PENDENTE;
28;freneze;Balcão do  Mar;Menu Principal > Balcão do  Mar;Vieira Peruana;Servidas com ovas de salmão e espuma de wasabi.;52,00;price do produto simples;raw_catalogo.json;/1/children/2/products/7/price;52;0;true;1;true;true;93902;/1/children/2/products/7;;;PENDENTE;
29;freneze;Balcão do  Mar;Menu Principal > Balcão do  Mar;Bacalhau em lascas;Bacalhau Gadus Norhua confitado no azeite extra virgem.;159,00;price do produto simples;raw_catalogo.json;/1/children/2/products/8/price;159;0;true;1;true;true;97470;/1/children/2/products/8;;;PENDENTE;
30;freneze;Principais;Menu Principal > Principais;Surf & Turf;Ojo de bife grelhado, acompanhado de camarões rosa, puré de batata. Finalizado com molho demi-glace e nosso molho oriental.;237,00;price do produto simples;raw_catalogo.json;/1/children/3/products/0/price;237;0;true;1;true;true;98350;/1/children/3/products/0;;;PENDENTE;
31;freneze;Principais;Menu Principal > Principais;Tuna Tataki;Atum fresco selado, acompanhado de batata crocante, maionese tonkatsu, molho tarê, furikake e katsobushi.;192,00;price do produto simples;raw_catalogo.json;/1/children/3/products/1/price;192;0;true;1;true;true;98352;/1/children/3/products/1;;;PENDENTE;
32;freneze;Principais;Menu Principal > Principais;Cordeiro Steak;Corte selecionado de cordeiro grelhado, acompanhado de aligot de banana, demi-glace e molho oriental.;198,00;price do produto simples;raw_catalogo.json;/1/children/3/products/2/price;198;0;true;1;true;true;98354;/1/children/3/products/2;;;PENDENTE;
33;freneze;Principais;Menu Principal > Principais;Frêneze Mostard;Ribeye Cap grelhado, servido com nosso molho especial de mostarda e cebola crocante empanada, temperada com lemon pepper e páprica defumada.;194,00;price do produto simples;raw_catalogo.json;/1/children/3/products/3/price;194;0;true;1;true;true;98355;/1/children/3/products/3;;;PENDENTE;
34;freneze;Principais;Menu Principal > Principais;Risoto do Sertão;Risoto de arroz arbóreo cremoso com linguiça artesanal, mostarda ancienne, molho vermelho, parmesão e burrata.;149,00;price do produto simples;raw_catalogo.json;/1/children/3/products/4/price;149;0;true;1;true;true;98356;/1/children/3/products/4;;;PENDENTE;
35;freneze;Principais;Menu Principal > Principais;Magret de Pato;Peito de pato preparado com precisão, servido com puré de cenoura, couve crocante e molho de laranja aromatizado com especiarias.;219,00;price do produto simples;raw_catalogo.json;/1/children/3/products/5/price;219;0;true;1;true;true;98351;/1/children/3/products/5;;;PENDENTE;
36;freneze;Seleção Especial;Menu Principal > Seleção Especial;Wagyu na Parrilla Chorizo;Preço para cada 100gr;239,00;price do produto simples;raw_catalogo.json;/1/children/4/products/0/price;239;0;true;1;true;true;93891;/1/children/4/products/0;;;PENDENTE;
37;freneze;Seleção Especial;Menu Principal > Seleção Especial;Prime Rib;Corte com 600g;499,00;price do produto simples;raw_catalogo.json;/1/children/4/products/1/price;499;0;true;1;true;true;93893;/1/children/4/products/1;;;PENDENTE;
38;freneze;Seleção Especial;Menu Principal > Seleção Especial;Porterhouse;Corte com 1kg;529,00;price do produto simples;raw_catalogo.json;/1/children/4/products/2/price;529;0;true;1;true;true;93894;/1/children/4/products/2;;;PENDENTE;
39;freneze;Seleção Especial;Menu Principal > Seleção Especial;Vaca Velha Chorizo;Preço para cada 100gr;99,00;price do produto simples;raw_catalogo.json;/1/children/4/products/3/price;99;0;true;1;true;true;93895;/1/children/4/products/3;;;PENDENTE;
40;freneze;Seleção Especial;Menu Principal > Seleção Especial;Vaca Velha Pìcanha;Preço para cada 100gr;99,00;price do produto simples;raw_catalogo.json;/1/children/4/products/4/price;99;0;true;1;true;true;93896;/1/children/4/products/4;;;PENDENTE;
41;freneze;Sobremesa Frêneze;Sobremesa Frêneze;Pipoca & Doce de Leite;Cheesecake de doce de leite, pipoca caramelizada, sorvete de pipoca, crumble e calda de doce de leite.;54,00;price do produto simples;raw_catalogo.json;/2/products/0/price;54;0;true;1;true;true;93904;/2/products/0;;;PENDENTE;
42;freneze;Sobremesa Frêneze;Sobremesa Frêneze;Romeu & Julieta Frêneze;Goiabada, creme de queijo, crumble, calda de goiaba e sorvete de queijo.;42,00;price do produto simples;raw_catalogo.json;/2/products/1/price;42;0;true;1;true;true;93905;/2/products/1;;;PENDENTE;
43;freneze;Sobremesa Frêneze;Sobremesa Frêneze;Cocada cremosa;Cocada cremosa e delicadamente aquecida, preparada com coco fresco, servida com gelato de nata, em um delicioso contraste entre o quente e o frio.;40,00;price do produto simples;raw_catalogo.json;/2/products/2/price;40;0;true;1;true;true;93906;/2/products/2;;;PENDENTE;
44;freneze;Sobremesa Frêneze;Sobremesa Frêneze;Pavlova Verde;Suspiro, kiwi fresco, gel de maçã verde e calda de kiwi.;42,00;price do produto simples;raw_catalogo.json;/2/products/3/price;42;0;true;1;true;true;93907;/2/products/3;;;PENDENTE;
45;freneze;Softs;Bebidas > Softs;Coca cola 250 ML;;12,00;price do produto simples;raw_catalogo.json;/3/children/0/products/0/price;12;0;true;1;true;true;93922;/3/children/0/products/0;;DESCRICAO_AUSENTE;PENDENTE;
46;freneze;Softs;Bebidas > Softs;Coca Cola Zero 250 ML;;12,00;price do produto simples;raw_catalogo.json;/3/children/0/products/1/price;12;0;true;1;true;true;93923;/3/children/0/products/1;;DESCRICAO_AUSENTE;PENDENTE;
47;freneze;Softs;Bebidas > Softs;Tônica schweppes 350 ML;;12,00;price do produto simples;raw_catalogo.json;/3/children/0/products/2/price;12;0;true;1;true;true;93924;/3/children/0/products/2;;DESCRICAO_AUSENTE;PENDENTE;
48;freneze;Softs;Bebidas > Softs;Tônica schweppes Zero 350 ML;;12,00;price do produto simples;raw_catalogo.json;/3/children/0/products/3/price;12;0;true;1;true;true;93925;/3/children/0/products/3;;DESCRICAO_AUSENTE;PENDENTE;
49;freneze;Softs;Bebidas > Softs;Água Pura sem gás;;9,00;price do produto simples;raw_catalogo.json;/3/children/0/products/4/price;9;0;true;1;true;true;93926;/3/children/0/products/4;;DESCRICAO_AUSENTE;PENDENTE;
50;freneze;Softs;Bebidas > Softs;Água Pura com gás;;9,00;price do produto simples;raw_catalogo.json;/3/children/0/products/5/price;9;0;true;1;true;true;93927;/3/children/0/products/5;;DESCRICAO_AUSENTE;PENDENTE;
51;freneze;Softs;Bebidas > Softs;San pellegrino 500 ML;Água mineral natural reforçada com gás natural da fonte.;42,00;price do produto simples;raw_catalogo.json;/3/children/0/products/6/price;42;0;true;1;true;true;93928;/3/children/0/products/6;;;PENDENTE;
52;freneze;Softs;Bebidas > Softs;Acqua Panna 500 ML;Água extremamente leve, a preferida pelas associações de Sommeliers para acompanhar.;42,00;price do produto simples;raw_catalogo.json;/3/children/0/products/7/price;42;0;true;1;true;true;93929;/3/children/0/products/7;;;PENDENTE;
53;freneze;Softs;Bebidas > Softs;Guarana;;12,00;price do produto simples;raw_catalogo.json;/3/children/0/products/8/price;12;0;true;1;true;true;93930;/3/children/0/products/8;;DESCRICAO_AUSENTE;PENDENTE;
54;freneze;Softs;Bebidas > Softs;Guarana zero;;12,00;price do produto simples;raw_catalogo.json;/3/children/0/products/9/price;12;0;true;1;true;true;93931;/3/children/0/products/9;;DESCRICAO_AUSENTE;PENDENTE;
55;freneze;Softs;Bebidas > Softs;Agua de coco;;18,00;price do produto simples;raw_catalogo.json;/3/children/0/products/10/price;18;0;true;1;true;true;93932;/3/children/0/products/10;;DESCRICAO_AUSENTE;PENDENTE;
56;freneze;Softs;Bebidas > Softs;Café;Ristreto, Vanilla e Descafeinado;12,00;price do produto simples;raw_catalogo.json;/3/children/0/products/11/price;12;0;true;1;true;true;93933;/3/children/0/products/11;;;PENDENTE;
57;freneze;Softs;Bebidas > Softs;Suco de Uva;;24,00;preco da unica variante cobrada e ativa;raw_detalhes.json;/responses/1/body/product/product_composite_steps/0/complements/0/price;24;0;true;9;true;true;93935;/3/children/0/products/12;Volume > Suco de Uva - 300ml: 24,00 (COBRADO_NA_FONTE);VARIANTE_UNICA_PRESERVAR_ROTULO | DESCRICAO_AUSENTE;PENDENTE;
58;freneze;Softs;Bebidas > Softs;Soda de Maça Verde;;32,00;price do produto simples;raw_catalogo.json;/3/children/0/products/13/price;32;0;true;1;true;true;93936;/3/children/0/products/13;;DESCRICAO_AUSENTE;PENDENTE;
59;freneze;Softs;Bebidas > Softs;Soda de Melancia;;32,00;price do produto simples;raw_catalogo.json;/3/children/0/products/14/price;32;0;true;1;true;true;93937;/3/children/0/products/14;;DESCRICAO_AUSENTE;PENDENTE;
60;freneze;Softs;Bebidas > Softs;Soda de Manga;;32,00;price do produto simples;raw_catalogo.json;/3/children/0/products/15/price;32;0;true;1;true;true;93938;/3/children/0/products/15;;DESCRICAO_AUSENTE;PENDENTE;
61;freneze;Drinks Autorais;Bebidas > Drinks Autorais;Verdejo;Gin, suco de abacaxi, licor de laranja, xarope simples, suco de limão, angostura e manjericão.;52,00;price do produto simples;raw_catalogo.json;/3/children/1/products/0/price;52;0;true;1;true;true;93908;/3/children/1/products/0;;;PENDENTE;
62;freneze;Drinks Autorais;Bebidas > Drinks Autorais;Terral;Absolut vanilia, suco de melancia, suco de pepino, xarope simples, suco limão e folha de shisso.;52,00;price do produto simples;raw_catalogo.json;/3/children/1/products/1/price;52;0;true;1;true;true;93909;/3/children/1/products/1;;;PENDENTE;
63;freneze;Drinks Autorais;Bebidas > Drinks Autorais;Figueira;Jerez fino infusionado com figo, Jerez Valdespino, Rum zacapa e Amaro Branco San Basile.;52,00;price do produto simples;raw_catalogo.json;/3/children/1/products/2/price;52;0;true;1;true;true;93910;/3/children/1/products/2;;;PENDENTE;
64;freneze;Drinks Autorais;Bebidas > Drinks Autorais;Rosato;Gin infusionado com cumaru, vermute seco infusionado com damasco, Amaro Branco San Basile.;54,00;price do produto simples;raw_catalogo.json;/3/children/1/products/3/price;54;0;true;1;true;true;93911;/3/children/1/products/3;;;PENDENTE;
65;freneze;Drinks Autorais;Bebidas > Drinks Autorais;Alba Legacy;JW18 infusionado com nibs, vermute rosso, Jerez Oloroso, bitter aromatico e bitter de chocolate.;92,00;price do produto simples;raw_catalogo.json;/3/children/1/products/4/price;92;0;true;1;true;true;93912;/3/children/1/products/4;;;PENDENTE;
66;freneze;Drinks Autorais;Bebidas > Drinks Autorais;Alberca;Don Julio Blanco, mezcal, polpa de cupuaçu, blend 1833 maga + banana e suco de limão.;96,00;price do produto simples;raw_catalogo.json;/3/children/1/products/5/price;96;0;true;1;true;true;93913;/3/children/1/products/5;;;PENDENTE;
67;freneze;Drinks Autorais;Bebidas > Drinks Autorais;Salina;Tequila, pickles, vermute seco e gin.;64,00;price do produto simples;raw_catalogo.json;/3/children/1/products/6/price;64;0;true;1;true;true;93914;/3/children/1/products/6;;;PENDENTE;
68;freneze;Drinks Classicos;Bebidas > Drinks Classicos;Negroni;Gin, vermute rosso e bitter aperitivo.;58,00;price do produto simples;raw_catalogo.json;/3/children/2/products/0/price;58;0;true;1;true;true;93915;/3/children/2/products/0;;;PENDENTE;
69;freneze;Drinks Classicos;Bebidas > Drinks Classicos;Dry Martini;Gin e vermute seco.;48,00;price do produto simples;raw_catalogo.json;/3/children/2/products/1/price;48;0;true;1;true;true;93916;/3/children/2/products/1;;;PENDENTE;
70;freneze;Drinks Classicos;Bebidas > Drinks Classicos;Fitzgerald;Gin, limão e açúcar.;58,00;price do produto simples;raw_catalogo.json;/3/children/2/products/2/price;58;0;true;1;true;true;93917;/3/children/2/products/2;;;PENDENTE;
71;freneze;Drinks Classicos;Bebidas > Drinks Classicos;Gin & Tônica;Gin & Tônica;56,00;price do produto simples;raw_catalogo.json;/3/children/2/products/3/price;56;0;true;1;true;true;93918;/3/children/2/products/3;;;PENDENTE;
72;freneze;Drinks Classicos;Bebidas > Drinks Classicos;Old Fashioned;Bourbon, açúcar e Angostura. Finalizado com cereja.;48,00;price do produto simples;raw_catalogo.json;/3/children/2/products/4/price;48;0;true;1;true;true;93919;/3/children/2/products/4;;;PENDENTE;
73;freneze;Drinks Classicos;Bebidas > Drinks Classicos;Bloody Mary;Aperol, espumante e água com gás. Finalizado com laranja.;56,00;price do produto simples;raw_catalogo.json;/3/children/2/products/5/price;56;0;true;1;true;true;93920;/3/children/2/products/5;;;PENDENTE;
74;freneze;Drinks Classicos;Bebidas > Drinks Classicos;Aperol Spritz;Vodka, suco de tomate temperado e limão. Servido com azeitona e bacon.;52,00;price do produto simples;raw_catalogo.json;/3/children/2/products/6/price;52;0;true;1;true;true;93921;/3/children/2/products/6;;;PENDENTE;
75;freneze;Cervejas;Bebidas > Cervejas;Cerveja Heineken;;22,00;price do produto simples;raw_catalogo.json;/3/children/3/products/0/price;22;0;true;1;true;true;93940;/3/children/3/products/0;;DESCRICAO_AUSENTE;PENDENTE;
76;freneze;Cervejas;Bebidas > Cervejas;Cerveja Heineken Zero;;22,00;price do produto simples;raw_catalogo.json;/3/children/3/products/1/price;22;0;true;1;true;true;93941;/3/children/3/products/1;;DESCRICAO_AUSENTE;PENDENTE;
77;freneze;Cervejas;Bebidas > Cervejas;Cerveja Baden Baden;;34,00;price do produto simples;raw_catalogo.json;/3/children/3/products/2/price;34;0;true;1;true;true;93942;/3/children/3/products/2;;DESCRICAO_AUSENTE;PENDENTE;
78;freneze;Cervejas;Bebidas > Cervejas;Cerveja Blue Moon;;34,00;price do produto simples;raw_catalogo.json;/3/children/3/products/3/price;34;0;true;1;true;true;93943;/3/children/3/products/3;;DESCRICAO_AUSENTE;PENDENTE;
79;freneze;Doses;Bebidas > Doses;Amaro Branco San Basile;;36,00;price do produto simples;raw_catalogo.json;/3/children/4/products/0/price;36;0;true;1;true;true;93944;/3/children/4/products/0;;DESCRICAO_AUSENTE;PENDENTE;
80;freneze;Doses;Bebidas > Doses;Amaro Monte Negro;;42,00;price do produto simples;raw_catalogo.json;/3/children/4/products/1/price;42;0;true;1;true;true;93945;/3/children/4/products/1;;DESCRICAO_AUSENTE;PENDENTE;
81;freneze;Doses;Bebidas > Doses;Aperol;;32,00;price do produto simples;raw_catalogo.json;/3/children/4/products/2/price;32;0;true;1;true;true;93946;/3/children/4/products/2;;DESCRICAO_AUSENTE;PENDENTE;
82;freneze;Doses;Bebidas > Doses;Campari;;32,00;price do produto simples;raw_catalogo.json;/3/children/4/products/3/price;32;0;true;1;true;true;93947;/3/children/4/products/3;;DESCRICAO_AUSENTE;PENDENTE;
83;freneze;Doses;Bebidas > Doses;Fernet Blanca;;32,00;price do produto simples;raw_catalogo.json;/3/children/4/products/4/price;32;0;true;1;true;true;93948;/3/children/4/products/4;;DESCRICAO_AUSENTE;PENDENTE;
84;freneze;Doses;Bebidas > Doses;Gin Bombay;;36,00;price do produto simples;raw_catalogo.json;/3/children/4/products/5/price;36;0;true;1;true;true;93949;/3/children/4/products/5;;DESCRICAO_AUSENTE;PENDENTE;
85;freneze;Doses;Bebidas > Doses;Gin Tanqueray Dry;;38,00;price do produto simples;raw_catalogo.json;/3/children/4/products/6/price;38;0;true;1;true;true;93950;/3/children/4/products/6;;DESCRICAO_AUSENTE;PENDENTE;
86;freneze;Doses;Bebidas > Doses;Gin Tanqueray Ten;;42,00;price do produto simples;raw_catalogo.json;/3/children/4/products/7/price;42;0;true;1;true;true;93951;/3/children/4/products/7;;DESCRICAO_AUSENTE;PENDENTE;
87;freneze;Doses;Bebidas > Doses;Jerez Valdespino;;48,00;price do produto simples;raw_catalogo.json;/3/children/4/products/8/price;48;0;true;1;true;true;93952;/3/children/4/products/8;;DESCRICAO_AUSENTE;PENDENTE;
88;freneze;Doses;Bebidas > Doses;Jerez Valdespino Oloroso;;52,00;price do produto simples;raw_catalogo.json;/3/children/4/products/9/price;52;0;true;1;true;true;93953;/3/children/4/products/9;;DESCRICAO_AUSENTE;PENDENTE;
89;freneze;Doses;Bebidas > Doses;Licor 43;;42,00;price do produto simples;raw_catalogo.json;/3/children/4/products/10/price;42;0;true;1;true;true;93954;/3/children/4/products/10;;DESCRICAO_AUSENTE;PENDENTE;
90;freneze;Doses;Bebidas > Doses;Licor Abadia Sanbasile;;42,00;price do produto simples;raw_catalogo.json;/3/children/4/products/11/price;42;0;true;1;true;true;93955;/3/children/4/products/11;;DESCRICAO_AUSENTE;PENDENTE;
91;freneze;Doses;Bebidas > Doses;Licor Cointreau;;36,00;price do produto simples;raw_catalogo.json;/3/children/4/products/12/price;36;0;true;1;true;true;93956;/3/children/4/products/12;;DESCRICAO_AUSENTE;PENDENTE;
92;freneze;Doses;Bebidas > Doses;Licor Disaronno;;38,00;price do produto simples;raw_catalogo.json;/3/children/4/products/13/price;38;0;true;1;true;true;93957;/3/children/4/products/13;;DESCRICAO_AUSENTE;PENDENTE;
93;freneze;Doses;Bebidas > Doses;Licor Tia Maria;;38,00;price do produto simples;raw_catalogo.json;/3/children/4/products/14/price;38;0;true;1;true;true;93958;/3/children/4/products/14;;DESCRICAO_AUSENTE;PENDENTE;
94;freneze;Doses;Bebidas > Doses;Licor Luxardo Marraschino;;58,00;price do produto simples;raw_catalogo.json;/3/children/4/products/15/price;58;0;true;1;true;true;93959;/3/children/4/products/15;;DESCRICAO_AUSENTE;PENDENTE;
95;freneze;Doses;Bebidas > Doses;Rum Havana 7 anos;;42,00;price do produto simples;raw_catalogo.json;/3/children/4/products/16/price;42;0;true;1;true;true;93960;/3/children/4/products/16;;DESCRICAO_AUSENTE;PENDENTE;
96;freneze;Doses;Bebidas > Doses;Rum Havana 3 anos;;32,00;price do produto simples;raw_catalogo.json;/3/children/4/products/17/price;32;0;true;1;true;true;93961;/3/children/4/products/17;;DESCRICAO_AUSENTE;PENDENTE;
97;freneze;Doses;Bebidas > Doses;Tequila Don Julio 1942;;390,00;price do produto simples;raw_catalogo.json;/3/children/4/products/18/price;390;0;true;1;true;true;93962;/3/children/4/products/18;;DESCRICAO_AUSENTE;PENDENTE;
98;freneze;Doses;Bebidas > Doses;Tequila Don Julio Anejo;;62,00;price do produto simples;raw_catalogo.json;/3/children/4/products/19/price;62;0;true;1;true;true;93963;/3/children/4/products/19;;DESCRICAO_AUSENTE;PENDENTE;
99;freneze;Doses;Bebidas > Doses;Tequila Don Julio blanco;;62,00;price do produto simples;raw_catalogo.json;/3/children/4/products/20/price;62;0;true;1;true;true;93964;/3/children/4/products/20;;DESCRICAO_AUSENTE;PENDENTE;
100;freneze;Doses;Bebidas > Doses;Tequila Don Julio Reposado;;62,00;price do produto simples;raw_catalogo.json;/3/children/4/products/21/price;62;0;true;1;true;true;93965;/3/children/4/products/21;;DESCRICAO_AUSENTE;PENDENTE;
101;freneze;Doses;Bebidas > Doses;Vermute Noilly Prat;;32,00;price do produto simples;raw_catalogo.json;/3/children/4/products/22/price;32;0;true;1;true;true;93966;/3/children/4/products/22;;DESCRICAO_AUSENTE;PENDENTE;
102;freneze;Doses;Bebidas > Doses;Vermute Punt E Mes;;32,00;price do produto simples;raw_catalogo.json;/3/children/4/products/23/price;32;0;true;1;true;true;93967;/3/children/4/products/23;;DESCRICAO_AUSENTE;PENDENTE;
103;freneze;Doses;Bebidas > Doses;Vermute Rosso Cinzano 1757;;34,00;price do produto simples;raw_catalogo.json;/3/children/4/products/24/price;34;0;true;1;true;true;93968;/3/children/4/products/24;;DESCRICAO_AUSENTE;PENDENTE;
104;freneze;Doses;Bebidas > Doses;Vodka Absolut;;36,00;price do produto simples;raw_catalogo.json;/3/children/4/products/25/price;36;0;true;1;true;true;93969;/3/children/4/products/25;;DESCRICAO_AUSENTE;PENDENTE;
105;freneze;Doses;Bebidas > Doses;Vodka Absolut Vanilla;;36,00;price do produto simples;raw_catalogo.json;/3/children/4/products/26/price;36;0;true;1;true;true;93970;/3/children/4/products/26;;DESCRICAO_AUSENTE;PENDENTE;
106;freneze;Doses;Bebidas > Doses;Vodka Belvedere;;42,00;price do produto simples;raw_catalogo.json;/3/children/4/products/27/price;42;0;true;1;true;true;93971;/3/children/4/products/27;;DESCRICAO_AUSENTE;PENDENTE;
107;freneze;Doses;Bebidas > Doses;Vodka Grey Goose;;42,00;price do produto simples;raw_catalogo.json;/3/children/4/products/28/price;42;0;true;1;true;true;93972;/3/children/4/products/28;;DESCRICAO_AUSENTE;PENDENTE;
108;freneze;Doses;Bebidas > Doses;Whiskey Bulleit Bourbon;;48,00;price do produto simples;raw_catalogo.json;/3/children/4/products/29/price;48;0;true;1;true;true;93973;/3/children/4/products/29;;DESCRICAO_AUSENTE;PENDENTE;
109;freneze;Doses;Bebidas > Doses;Whiskey Jameson;;36,00;price do produto simples;raw_catalogo.json;/3/children/4/products/30/price;36;0;true;1;true;true;93974;/3/children/4/products/30;;DESCRICAO_AUSENTE;PENDENTE;
110;freneze;Doses;Bebidas > Doses;Whiskey Jim Bean;;42,00;price do produto simples;raw_catalogo.json;/3/children/4/products/31/price;42;0;true;1;true;true;93975;/3/children/4/products/31;;DESCRICAO_AUSENTE;PENDENTE;
111;freneze;Doses;Bebidas > Doses;Whiskey Chivas 18 anos;;128,00;price do produto simples;raw_catalogo.json;/3/children/4/products/32/price;128;0;true;1;true;true;93976;/3/children/4/products/32;;DESCRICAO_AUSENTE;PENDENTE;
112;freneze;Doses;Bebidas > Doses;Whisky J.W. 18 Anos;;128,00;price do produto simples;raw_catalogo.json;/3/children/4/products/33/price;128;0;true;1;true;true;93977;/3/children/4/products/33;;DESCRICAO_AUSENTE;PENDENTE;
113;freneze;Doses;Bebidas > Doses;Whisky J.W. Black Label;;52,00;price do produto simples;raw_catalogo.json;/3/children/4/products/34/price;52;0;true;1;true;true;93978;/3/children/4/products/34;;DESCRICAO_AUSENTE;PENDENTE;
114;freneze;Doses;Bebidas > Doses;Whisky J.W. Blue Label;;198,00;price do produto simples;raw_catalogo.json;/3/children/4/products/35/price;198;0;true;1;true;true;93979;/3/children/4/products/35;;DESCRICAO_AUSENTE;PENDENTE;
115;freneze;Doses;Bebidas > Doses;Whisky J.W. Double Black;;58,00;price do produto simples;raw_catalogo.json;/3/children/4/products/36/price;58;0;true;1;true;true;93980;/3/children/4/products/36;;DESCRICAO_AUSENTE;PENDENTE;
116;freneze;Doses;Bebidas > Doses;Whisky J.W. Green Label;;152,00;price do produto simples;raw_catalogo.json;/3/children/4/products/37/price;152;0;true;1;true;true;93981;/3/children/4/products/37;;DESCRICAO_AUSENTE;PENDENTE;
117;freneze;Doses;Bebidas > Doses;Whisky Macallan 12 Anos;;198,00;price do produto simples;raw_catalogo.json;/3/children/4/products/38/price;198;0;true;1;true;true;93982;/3/children/4/products/38;;DESCRICAO_AUSENTE;PENDENTE;
118;freneze;Doses;Bebidas > Doses;Whisky Macallan 18 Anos;;620,00;price do produto simples;raw_catalogo.json;/3/children/4/products/39/price;620;0;true;1;true;true;93983;/3/children/4/products/39;;DESCRICAO_AUSENTE;PENDENTE;
119;freneze;Caipirinhas;Bebidas > Caipirinhas;Caipirinha de Limão;Cachaça, limão e açúcar.;48,00;price do produto simples;raw_catalogo.json;/3/children/5/products/0/price;48;0;true;1;true;true;93984;/3/children/5/products/0;;;PENDENTE;
120;freneze;Caipirinhas;Bebidas > Caipirinhas;Caipiroska de Limão;Vodka Ketel One, Limão e Açucar;56,00;price do produto simples;raw_catalogo.json;/3/children/5/products/1/price;56;0;true;1;true;true;93985;/3/children/5/products/1;;;PENDENTE;
121;freneze;Caipirinhas;Bebidas > Caipirinhas;Caipiroska de Limão Premium;Vodka Belvedere ou Grey Goose, Limão e Açucar;62,00;price do produto simples;raw_catalogo.json;/3/children/5/products/2/price;62;0;true;1;true;true;93986;/3/children/5/products/2;;;PENDENTE;
122;freneze;Caipirinhas;Bebidas > Caipirinhas;Caipisake de Limão;Sake Gekkeikan, Limão e Açucar;46,00;price do produto simples;raw_catalogo.json;/3/children/5/products/3/price;46;0;true;1;true;true;93987;/3/children/5/products/3;;;PENDENTE;
123;freneze;Espumante & Champagnes;Adega > Espumante & Champagnes;Vallontano Brut;Com as uvas Pinot Noir e Chardonnay, as mesmas utilizadas em Champagne, Vallontano elabora este espumante de bastante classe seco, cheio de fruta e com grande apelo. Uma deliciosa pedida como aperitivo ou mesmo para acompanhar entradas e carnes brancas. Uma ótima descoberta.;243,00;preco da unica variante cobrada e ativa;raw_detalhes.json;/responses/2/body/product/product_composite_steps/0/complements/0/price;243;0;true;9;true;true;93989;/4/children/0/products/0;Volume > Vallontano Brut - 750ml: 243,00 (COBRADO_NA_FONTE);VARIANTE_UNICA_PRESERVAR_ROTULO;PENDENTE;
124;freneze;Espumante & Champagnes;Adega > Espumante & Champagnes;Vallontano Rosé Brut;Elaborado com base nas castas Chardonnay e Pinot Noir, mostra sedutores aromas de frutas vermelhas e ótima presença no palato. É um vinho versátil, de minúscula produção, que combina com uma infinidade de pratos.;233,00;preco da unica variante cobrada e ativa;raw_detalhes.json;/responses/3/body/product/product_composite_steps/0/complements/0/price;233;0;true;9;true;true;93991;/4/children/0/products/1;Volume > Vallontano Rosé Brut - 750ml: 233,00 (COBRADO_NA_FONTE);VARIANTE_UNICA_PRESERVAR_ROTULO;PENDENTE;
125;freneze;Espumante & Champagnes;Adega > Espumante & Champagnes;Zanini LH Nature;Esta nova safra do já consagrado espumante Extra Brut da Vallontano é um corte clássico de uvas Chardonnay e Pinot Noir. Elaborado pelo tradicional método champenoise, é um espumante artesanal brasileiro de autor, assinado por Luís Henrique Zanini e produzido em quantidade limitadíssima.;330,00;preco da unica variante cobrada e ativa;raw_detalhes.json;/responses/4/body/product/product_composite_steps/0/complements/0/price;330;0;true;9;true;true;93993;/4/children/0/products/2;Volume > Zanini LH Nature - 750ml: 330,00 (COBRADO_NA_FONTE);VARIANTE_UNICA_PRESERVAR_ROTULO;PENDENTE;
126;freneze;Espumante & Champagnes;Adega > Espumante & Champagnes;Cabert Prosecco Extra Dry D.O.C.;Uma uva branca utilizada na fabricação de famosos proseccos, muito cultivada nas regiões italianas do Veneto e Friuli Venezia Giulia, principalmente em torno de Conegliano e Valdobbiadene, nas colinas ao norte de Treviso.;299,00;preco da unica variante cobrada e ativa;raw_detalhes.json;/responses/5/body/product/product_composite_steps/0/complements/0/price;299;0;true;9;true;true;93995;/4/children/0/products/3;Volume > Cabert Prosecco Extra Dry D.O.C. - 750ml: 299,00 (COBRADO_NA_FONTE);VARIANTE_UNICA_PRESERVAR_ROTULO;PENDENTE;
127;freneze;Espumante & Champagnes;Adega > Espumante & Champagnes;Ca' Del Bosco Franciacorta Cuvee Prestige Brut;O Cuvée Prestige de Ca' del Bosco é um espumante impressionante, comparável aos melhores vinhos de Champagne. Feito com uma grande proporção de Chardonnay e maturado 28 meses com as borras, é delicado e complexo, com grande presença no palato. A rigorosa seleção das melhores uvas e o uso de vinhos reserva maturados com as borras por muitos anos, ajuda a fazer desta Franciacorta um dos grandes espumantes do Velho Mundo.;1316,00;preco da unica variante cobrada e ativa;raw_detalhes.json;/responses/6/body/product/product_composite_steps/0/complements/0/price;1316;0;true;9;true;true;93997;/4/children/0/products/4;Volume > Ca' Del Bosco Franciacorta Cuvee Prestige Brut - 750ml: 1316,00 (COBRADO_NA_FONTE);VARIANTE_UNICA_PRESERVAR_ROTULO;PENDENTE;
128;freneze;Espumante & Champagnes;Adega > Espumante & Champagnes;Louis Roederer Collection (1624);O Champagne Louis Roederer Collection Brut é assinado pela Maison Louis Roederer, uma das mais tradicionais e renomadas casas de Champagne. Elaborado com um corte das uvas Pinot Noir, Chardonnay e Pinot Meunier. De coloração dourada, revela, no nariz, aromas de frutas brancas, notas de frutas cítricas, além de toques de avelã. Em boca, o Champagne Louis Roederer Collection Brut é equilibrado e complexo, contando com grande frescor e perlage refinada e persistente.;999,00;preco da unica variante cobrada e ativa;raw_detalhes.json;/responses/7/body/product/product_composite_steps/0/complements/0/price;999;0;true;9;true;true;93999;/4/children/0/products/5;Volume > Louis Roederer Collection (1624) - 750ml: 999,00 (COBRADO_NA_FONTE);VARIANTE_UNICA_PRESERVAR_ROTULO;PENDENTE;
129;freneze;Espumante & Champagnes;Adega > Espumante & Champagnes;Champagne Cristal Brut Louis Roederer;O tempo trabalhou sua mágica. Cristal é um gigante com um coração paciente. Ainda está repleto de jovens, mesmo depois de muitos anos passados ​​descansando nas adegas. O giz concentrou sua textura e lhe deu uma energia única e uma profundidade surpreendente. Sua pura tensão, opulência e persistência notável a levam acima e além de quaisquer limites. Ele afirma sua presença, fluindo tão docemente quanto um córrego da montanha, mas estruturado pela força e concentração da safra. Das profundezas calcárias, o Cristal forjou sua identidade nesses solos calcários que refletem os raios do sol do verão e capturam a luz suave do inverno. Cristal tem uma força contida e uma pureza penetrante, como o salto incrivelmente gracioso de uma bailarina flexível no ar. Uma reverberação de fruta brilhante, um pulso inicial que penetra no núcleo e acena a contemplação.;7145,00;preco da unica variante cobrada e ativa;raw_detalhes.json;/responses/8/body/product/product_composite_steps/0/complements/0/price;7145;0;true;9;true;true;94005;/4/children/0/products/6;Volume > Champagne Cristal Brut Louis Roederer - 750ml: 7145,00 (COBRADO_NA_FONTE);VARIANTE_UNICA_PRESERVAR_ROTULO;PENDENTE;
130;freneze;Espumante & Champagnes;Adega > Espumante & Champagnes;Bollinger Special Cuvée;Encorpado, equilibrado e muito fino, é um corte proveniente 80% de vinhedos Grands e Premiers Crus. Outras premiações do rótulo: Revue des Vins de France: 5*/ Wine Enthusiast: 94 pontos / Wine & Spirits: 92 pontos;1966,00;preco da unica variante cobrada e ativa;raw_detalhes.json;/responses/9/body/product/product_composite_steps/0/complements/0/price;1966;0;true;9;true;true;94007;/4/children/0/products/7;Volume > Bollinger Special Cuvée - 750ml: 1966,00 (COBRADO_NA_FONTE);VARIANTE_UNICA_PRESERVAR_ROTULO;PENDENTE;
131;freneze;Espumante & Champagnes;Adega > Espumante & Champagnes;Cremant pierre ponnelle brut;;324,00;preco da unica variante cobrada e ativa;raw_detalhes.json;/responses/10/body/product/product_composite_steps/0/complements/0/price;324;0;true;9;true;true;94009;/4/children/0/products/8;Volume > Cremant pierre ponnelle brut - 750ml: 324,00 (COBRADO_NA_FONTE);VARIANTE_UNICA_PRESERVAR_ROTULO | DESCRICAO_AUSENTE;PENDENTE;
132;freneze;Espumante & Champagnes;Adega > Espumante & Champagnes;Luis Pato Espumante Bruto Baga;;795,00;preco da unica variante cobrada e ativa;raw_detalhes.json;/responses/11/body/product/product_composite_steps/0/complements/0/price;795;0;true;9;true;true;94011;/4/children/0/products/9;Volume > Luis Pato Espumante Bruto Baga - 750ml: 795,00 (COBRADO_NA_FONTE);VARIANTE_UNICA_PRESERVAR_ROTULO | DESCRICAO_AUSENTE;PENDENTE;
133;freneze;Espumante & Champagnes;Adega > Espumante & Champagnes;Chablis;Chablis, com certeza, integra a lista TOP 10 de qualquer apreciador de bons vinhos brancos. elaborado pela Maison Dufouleur Pere e Fils, é muito fresco, vivo e mineral, com notas de maçã verde, limão, hortelã e grama cortada. O Chablis, no paladar, apresenta frescura prolongada e com muita energia, tem um ataque potente.;485,00;preco da unica variante cobrada e ativa;raw_detalhes.json;/responses/12/body/product/product_composite_steps/0/complements/0/price;485;0;true;9;true;true;94013;/4/children/0/products/10;Volume > Chablis - 750ml: 485,00 (COBRADO_NA_FONTE);VARIANTE_UNICA_PRESERVAR_ROTULO;PENDENTE;
134;freneze;Vinhos Brancos;Adega > Vinhos Brancos;Roero Tistin Arneis;Este excelente branco elaborado por um dos grandes nomes do Piemonte, é muito floral e fresco com notas que lembram pera. Perfeito para acompanhar comida pois ao mesmo tempo que é delicado tem otima persistencia;554,00;preco da unica variante cobrada e ativa;raw_detalhes.json;/responses/13/body/product/product_composite_steps/0/complements/0/price;554;0;true;9;true;true;94019;/4/children/1/products/0;Volume > Roero Tistin Arneis - 750ml: 554,00 (COBRADO_NA_FONTE);VARIANTE_UNICA_PRESERVAR_ROTULO;PENDENTE;
135;freneze;Vinhos Brancos;Adega > Vinhos Brancos;Marani IGT;;310,00;preco da unica variante cobrada e ativa;raw_detalhes.json;/responses/14/body/product/product_composite_steps/0/complements/0/price;310;0;true;9;true;true;94021;/4/children/1/products/1;Volume > Marani IGT - 750ml: 310,00 (COBRADO_NA_FONTE);VARIANTE_UNICA_PRESERVAR_ROTULO | DESCRICAO_AUSENTE;PENDENTE;
136;freneze;Vinhos Brancos;Adega > Vinhos Brancos;Fontaleoni Vernaccia di San Gimignano;Corpo leve a médio, seco e elegante. Apresenta acidez viva e refrescante, um toque amendoado sutil no final de boca e uma persistência agradável e limpa.;434,00;preco da unica variante cobrada e ativa;raw_detalhes.json;/responses/15/body/product/product_composite_steps/0/complements/0/price;434;0;true;9;true;true;94023;/4/children/1/products/2;Volume > Fontaleoni Vernaccia di San Gimignano - 750ml: 434,00 (COBRADO_NA_FONTE);VARIANTE_UNICA_PRESERVAR_ROTULO;PENDENTE;
137;freneze;Vinhos Brancos;Adega > Vinhos Brancos;Guerriero Bianco IGT;;293,00;preco da unica variante cobrada e ativa;raw_detalhes.json;/responses/16/body/product/product_composite_steps/0/complements/0/price;293;0;true;9;true;true;94025;/4/children/1/products/3;Volume > Guerriero Bianco IGT - 750ml: 293,00 (COBRADO_NA_FONTE);VARIANTE_UNICA_PRESERVAR_ROTULO | DESCRICAO_AUSENTE;PENDENTE;
138;freneze;Vinhos Brancos;Adega > Vinhos Brancos;Mastroberardino Greco di Tufo;;682,00;preco da unica variante cobrada e ativa;raw_detalhes.json;/responses/17/body/product/product_composite_steps/0/complements/0/price;682;0;true;9;true;true;94027;/4/children/1/products/4;Volume > Mastroberardino Greco di Tufo - 750ml: 682,00 (COBRADO_NA_FONTE);VARIANTE_UNICA_PRESERVAR_ROTULO | DESCRICAO_AUSENTE;PENDENTE;
139;freneze;Vinhos Brancos;Adega > Vinhos Brancos;Regaleali Bianco;Produzido pela Tasca d'Almerita, eleita como a Vinícola Europeia do ano pela revista Wine Enthusiast. Um corte das uvas Inzolia, Grecanico, Catarratto e Chardonnay, revela aromas de frutas brancas, notas florais, herbáceas e minerais. Um vinho branco fresco e vibrante. Em boca, apresenta ótima acidez e um final persistente.;365,00;preco da unica variante cobrada e ativa;raw_detalhes.json;/responses/18/body/product/product_composite_steps/0/complements/0/price;365;0;true;9;true;true;94031;/4/children/1/products/5;Volume > Regaleali Bianco - 750ml: 365,00 (COBRADO_NA_FONTE);VARIANTE_UNICA_PRESERVAR_ROTULO;PENDENTE;
140;freneze;Vinhos Brancos;Adega > Vinhos Brancos;MONOGRAPH MOSCHOFILERO;O Monograph Moschofilero é elaborado com a casta (100%) Moschofilero na sub-região de Mantinia no Peloponeso, variedade cultivada especialmente nesta região. É um vinho vivo, moderno, rico, frutado, com notas marcantes florais, e em boca é refrescante e equilibrado. Ótimo para acompanhar peixes, e carnes brancas.;372,00;preco da unica variante cobrada e ativa;raw_detalhes.json;/responses/19/body/product/product_composite_steps/0/complements/0/price;372;0;true;9;true;true;94033;/4/children/1/products/6;Volume > MONOGRAPH MOSCHOFILERO - 750ml: 372,00 (COBRADO_NA_FONTE);VARIANTE_UNICA_PRESERVAR_ROTULO;PENDENTE;
141;freneze;Vinhos Brancos;Adega > Vinhos Brancos;Oremus Mandolás;Este branco seco surpreende com seu charme e frescor,Encorpado,repleto de aromas e com grande finesse, mostra perfeita acidez e uma leve cremosidade, Um dos vinhos pioneiros a mostrar a uva Furmint vinificada como vinho seco,é um seco branco surpreendente e de vocação gastronômica.;982,00;preco da unica variante cobrada e ativa;raw_detalhes.json;/responses/20/body/product/product_composite_steps/0/complements/0/price;982;0;true;9;true;true;94035;/4/children/1/products/7;Volume > Oremus Mandolás - 750ml: 982,00 (COBRADO_NA_FONTE);VARIANTE_UNICA_PRESERVAR_ROTULO;PENDENTE;
142;freneze;Vinhos Brancos;Adega > Vinhos Brancos;Chablis Tete d'Or;;1283,00;preco da unica variante cobrada e ativa;raw_detalhes.json;/responses/21/body/product/product_composite_steps/0/complements/0/price;1283;0;true;9;true;true;94039;/4/children/1/products/8;Volume > Chablis Tete d'Or - 750ml: 1283,00 (COBRADO_NA_FONTE);VARIANTE_UNICA_PRESERVAR_ROTULO | DESCRICAO_AUSENTE;PENDENTE;
143;freneze;Vinhos Brancos;Adega > Vinhos Brancos;Le Cabanon des Alexandrins;A aromática uva Viognier é a matéria-prima do famoso Condrieu, um dos brancos mais celebrados da França. O Le Cabanon revela exuberantes aromas de frutas brancas e cítricas, com toque exótico e excelente frescor. Um branco sedutor, perfeito como aperitivo e ideal para acompanhar entradas e saladas.;382,00;preco da unica variante cobrada e ativa;raw_detalhes.json;/responses/22/body/product/product_composite_steps/0/complements/0/price;382;0;true;9;true;true;94041;/4/children/1/products/9;Volume > Le Cabanon des Alexandrins - 750ml: 382,00 (COBRADO_NA_FONTE);VARIANTE_UNICA_PRESERVAR_ROTULO;PENDENTE;
144;freneze;Vinhos Brancos;Adega > Vinhos Brancos;Viña Bujanda Blanco;Saborosas notas florais com um bom volume na boca. Ataque fresco e de grande porte, com um paladar sedoso e amigável. Incrivelmente fresco.;276,00;preco da unica variante cobrada e ativa;raw_detalhes.json;/responses/23/body/product/product_composite_steps/0/complements/0/price;276;0;true;9;true;true;94043;/4/children/1/products/10;Volume > Viña Bujanda Blanco - 750ml: 276,00 (COBRADO_NA_FONTE);VARIANTE_UNICA_PRESERVAR_ROTULO;PENDENTE;
145;freneze;Vinhos Brancos;Adega > Vinhos Brancos;Soalheiro Allo;;329,00;preco da unica variante cobrada e ativa;raw_detalhes.json;/responses/24/body/product/product_composite_steps/0/complements/0/price;329;0;true;9;true;true;94045;/4/children/1/products/11;Volume > Soalheiro Allo - 750ml: 329,00 (COBRADO_NA_FONTE);VARIANTE_UNICA_PRESERVAR_ROTULO | DESCRICAO_AUSENTE;PENDENTE;
146;freneze;Vinhos Brancos;Adega > Vinhos Brancos;Tapada de Coelheiros;O Tapada de Coelheiros branco é elaborado a partir de Arinto e Roupeiro provenientes da Vinha da Sobreira. Foi produzido pela primeira vez em 1995, sendo reconhecido pela sua elegância, untuosidade e capacidade de envelhecimento. Nariz complexo, onde se evidencia a fruta tropical, oriunda da Roupeiro, combinada com notas de toranja e o frescor da casca de lima da Arinto. O paladar é dominado pela cremosidade e untuosidade. Final longo e persistente.;993,00;preco da unica variante cobrada e ativa;raw_detalhes.json;/responses/25/body/product/product_composite_steps/0/complements/0/price;993;0;true;9;true;true;94047;/4/children/1/products/12;Volume > Tapada de Coelheiros - 750ml: 993,00 (COBRADO_NA_FONTE);VARIANTE_UNICA_PRESERVAR_ROTULO;PENDENTE;
147;freneze;Vinhos Brancos;Adega > Vinhos Brancos;Barista;;381,00;preco da unica variante cobrada e ativa;raw_detalhes.json;/responses/26/body/product/product_composite_steps/0/complements/0/price;381;0;true;9;true;true;94049;/4/children/1/products/13;Volume > Barista - 750ml: 381,00 (COBRADO_NA_FONTE);VARIANTE_UNICA_PRESERVAR_ROTULO | DESCRICAO_AUSENTE;PENDENTE;
148;freneze;Vinhos Brancos;Adega > Vinhos Brancos;Luca Chardonnay;;585,00;preco da unica variante cobrada e ativa;raw_detalhes.json;/responses/27/body/product/product_composite_steps/0/complements/0/price;585;0;true;9;true;true;94053;/4/children/1/products/14;Volume > Luca Chardonnay - 750ml: 585,00 (COBRADO_NA_FONTE);VARIANTE_UNICA_PRESERVAR_ROTULO | DESCRICAO_AUSENTE;PENDENTE;
149;freneze;Vinhos Brancos;Adega > Vinhos Brancos;Adriana Chardonnay White Stones;Um dos belos Chardonnay da América do Sul. Cor dourado médio. Aromas de banana. Abacaxi, pêssego com toques minerais/terrosos e levemente amanteigado. Na boca tem acidez e corpo médio.;2437,00;preco da unica variante cobrada e ativa;raw_detalhes.json;/responses/28/body/product/product_composite_steps/0/complements/0/price;2437;0;true;9;true;true;94055;/4/children/1/products/15;Volume > Adriana Chardonnay White Stones - 750ml: 2437,00 (COBRADO_NA_FONTE);VARIANTE_UNICA_PRESERVAR_ROTULO;PENDENTE;
150;freneze;Vinhos Brancos;Adega > Vinhos Brancos;El enemigo;O El Enemigo Chardonnay é um branco sério e persistente. Uvas de Tupungato, cultivadas a 1500 metros de altitude, são fermentadas em barricas de carvalho francês, originando um branco intenso e cheio de caráter. No nariz, impõem-se notas de frutas cítricas e aromas minerais. No palato, é untuoso, com fruta madura e grande frescor.;485,00;preco da unica variante cobrada e ativa;raw_detalhes.json;/responses/29/body/product/product_composite_steps/0/complements/0/price;485;0;true;9;true;true;94057;/4/children/1/products/16;Volume > El enemigo - 750ml: 485,00 (COBRADO_NA_FONTE);VARIANTE_UNICA_PRESERVAR_ROTULO;PENDENTE;
151;freneze;Vinhos Brancos;Adega > Vinhos Brancos;Amayna Sauvignon Blanc;;487,00;preco da unica variante cobrada e ativa;raw_detalhes.json;/responses/30/body/product/product_composite_steps/0/complements/0/price;487;0;true;9;true;true;94059;/4/children/1/products/17;Volume > Amayna Sauvignon Blanc - 750ml: 487,00 (COBRADO_NA_FONTE);VARIANTE_UNICA_PRESERVAR_ROTULO | DESCRICAO_AUSENTE;PENDENTE;
152;freneze;Vinhos Brancos;Adega > Vinhos Brancos;Santa Magdalena Reserva Chardonnay;Aroma intenso e um paladar marcante. De origem chilena, o vinho é marcado pelo seu sabor acido e persistente, com textura macia e untuosa. Já o seu aroma possui toques de mineiras e notas cítricas das frutas maduras tropicais que conferem ao olfato uma sensação única e indescritível.;224,00;preco da unica variante cobrada e ativa;raw_detalhes.json;/responses/31/body/product/product_composite_steps/0/complements/0/price;224;0;true;9;true;true;94061;/4/children/1/products/18;Volume > Santa Magdalena Reserva Chardonnay - 750ml: 224,00 (COBRADO_NA_FONTE);VARIANTE_UNICA_PRESERVAR_ROTULO;PENDENTE;
153;freneze;Vinhos Brancos;Adega > Vinhos Brancos;LA VIEILLE FERME BLANC;É um ótimo exemplar de qualidade e do frescor que os vinhos do sul da França possuem. Apresenta notas de frutas cítricas, como lima, frutas brancas, como peras e maçãs, notas de flores brancas e toques minerais. Leve, com bom equilibrio e frescor Seu final de boca é agradável.;181,00;preco da unica variante cobrada e ativa;raw_detalhes.json;/responses/32/body/product/product_composite_steps/0/complements/0/price;181;0;true;9;true;true;94063;/4/children/1/products/19;Volume > LA VIEILLE FERME BLANC - 750ml: 181,00 (COBRADO_NA_FONTE);VARIANTE_UNICA_PRESERVAR_ROTULO;PENDENTE;
154;freneze;Vinhos Roses;Adega > Vinhos Roses;Rose del Borro;Frutado e agradável ao paladar, Rosé del Borro é um vinho único e exuberante. Aromas de flores brancas e frutas frescas aliada a um paladar delicado, fazem deste vinho uma experiência memorável. A uva Sangiovese mostra aqui toda sua versatilidade.;409,00;preco da unica variante cobrada e ativa;raw_detalhes.json;/responses/33/body/product/product_composite_steps/0/complements/0/price;409;0;true;9;true;true;94065;/4/children/2/products/0;Volume > Rose del Borro - 750ml: 409,00 (COBRADO_NA_FONTE);VARIANTE_UNICA_PRESERVAR_ROTULO;PENDENTE;
155;freneze;Vinhos Roses;Adega > Vinhos Roses;Tenuta Delle Terre Nere Etna Rosato;;806,00;preco da unica variante cobrada e ativa;raw_detalhes.json;/responses/34/body/product/product_composite_steps/0/complements/0/price;806;0;true;9;true;true;94067;/4/children/2/products/1;Volume > Tenuta Delle Terre Nere Etna Rosato - 750ml: 806,00 (COBRADO_NA_FONTE);VARIANTE_UNICA_PRESERVAR_ROTULO | DESCRICAO_AUSENTE;PENDENTE;
156;freneze;Vinhos Roses;Adega > Vinhos Roses;Bayanegra Rosé;O Bayanegra Rosé 2021 é produzido com a uva Tempranillo, cultivada a 800 metros de altitude, na região vitivinícola de Castilla-La Mancha, na Espanha. As uvas são prensadas inteiras. A fermentação alcoólica ocorre em tanques de aço inox sob temperatura controlada. O vinho não estagia em madeira para manter o frescor e os aromas.;198,00;preco da unica variante cobrada e ativa;raw_detalhes.json;/responses/35/body/product/product_composite_steps/0/complements/0/price;198;0;true;9;true;true;94069;/4/children/2/products/2;Volume > Bayanegra Rosé - 750ml: 198,00 (COBRADO_NA_FONTE);VARIANTE_UNICA_PRESERVAR_ROTULO;PENDENTE;
157;freneze;Vinhos Roses;Adega > Vinhos Roses;Coelheiros Rosado - Tapada de Coelheiros;Este elegante Rosé, de pequena produção, demonstra a elegância que a Tapada de Coelheiros consegue atingir em seu singular terroir no Alentejo. De caráter fresco, ele apresenta notas de morangos e menta com boa mineralidade, na boca comprova sua versatilidade para acompanhar diversas gastronomias.;454,00;preco da unica variante cobrada e ativa;raw_detalhes.json;/responses/36/body/product/product_composite_steps/0/complements/0/price;454;0;true;9;true;true;94071;/4/children/2/products/3;Volume > Coelheiros Rosado - Tapada de Coelheiros - 750ml: 454,00 (COBRADO_NA_FONTE);VARIANTE_UNICA_PRESERVAR_ROTULO;PENDENTE;
158;freneze;Vinhos Roses;Adega > Vinhos Roses;By Ott Grenache;Rosado de cor suave, lembrando casca de cebola. São evidentes os aromas frutados, de cerejas frescas, damasco, pêssego, manga e maracujá. Também notam-se toques florais, além de um sutil herbáceo de pano de fundo. Na boca é um vinho saboroso, com fruta e ótima presença e frescor.;568,00;preco da unica variante cobrada e ativa;raw_detalhes.json;/responses/37/body/product/product_composite_steps/0/complements/0/price;568;0;true;9;true;true;94073;/4/children/2/products/4;Volume > By Ott Grenache - 750ml: 568,00 (COBRADO_NA_FONTE);VARIANTE_UNICA_PRESERVAR_ROTULO;PENDENTE;
159;freneze;Vinhos Roses;Adega > Vinhos Roses;Aussieres Rose;;317,00;preco da unica variante cobrada e ativa;raw_detalhes.json;/responses/38/body/product/product_composite_steps/0/complements/0/price;317;0;true;9;true;true;94075;/4/children/2/products/5;Volume > Aussieres Rose - 750ml: 317,00 (COBRADO_NA_FONTE);VARIANTE_UNICA_PRESERVAR_ROTULO | DESCRICAO_AUSENTE;PENDENTE;
160;freneze;Vinhos Tintos;Adega > Vinhos Tintos;Vallontano Reserva Cabernet Sauvignon;Notas de frutas vermelhas e pretas, café, tabaco e compotas. Os aromas complexos e marcantes provêm das barricas de carvalho, onde o vinho é maturado por 1 ano, lembrando especiarias. Encorpado, com ótimo volume de boca, taninos elegantes e maduros, e longa persistência, produz uma sensação extremamente agradável ao paladar.;225,00;preco da unica variante cobrada e ativa;raw_detalhes.json;/responses/39/body/product/product_composite_steps/0/complements/0/price;225;0;true;9;true;true;94077;/4/children/3/products/0;Volume > Vallontano Reserva Cabernet Sauvignon - 750ml: 225,00 (COBRADO_NA_FONTE);VARIANTE_UNICA_PRESERVAR_ROTULO;PENDENTE;
161;freneze;Vinhos Tintos;Adega > Vinhos Tintos;Vallontano Lh Zanini Tinto;O Vallontano LH Zanini Tinto 2013 é o resultado do corte de uvas passificadas Ancellotta, Tannat, Teroldego e outras castas em menor proporção. É um vinho artístico, artesanal e que traduz a manifestação típica das variedades utilizadas. Sua complexidade aromática devido ao processo de apassimento é fantástica, tem colocação intensa e em boca é potente e estruturado com certa mineralidade.;379,00;preco da unica variante cobrada e ativa;raw_detalhes.json;/responses/40/body/product/product_composite_steps/0/complements/0/price;379;0;true;9;true;true;94079;/4/children/3/products/1;Volume > Vallontano Lh Zanini Tinto - 750ml: 379,00 (COBRADO_NA_FONTE);VARIANTE_UNICA_PRESERVAR_ROTULO;PENDENTE;
162;freneze;Vinhos Tintos;Adega > Vinhos Tintos;Merlot Riserva Trentino DOC;;302,00;preco da unica variante cobrada e ativa;raw_detalhes.json;/responses/41/body/product/product_composite_steps/0/complements/0/price;302;0;true;9;true;true;94081;/4/children/3/products/2;Volume > Merlot Riserva Trentino DOC - 750ml: 302,00 (COBRADO_NA_FONTE);VARIANTE_UNICA_PRESERVAR_ROTULO | DESCRICAO_AUSENTE;PENDENTE;
163;freneze;Vinhos Tintos;Adega > Vinhos Tintos;Burdizzo Appassimento;Cor roxa intensa. tendendo para o âmbar com o envelhecimento.;275,00;preco da unica variante cobrada e ativa;raw_detalhes.json;/responses/42/body/product/product_composite_steps/0/complements/0/price;275;0;true;9;true;true;94083;/4/children/3/products/3;Volume > Burdizzo Appassimento - 750ml: 275,00 (COBRADO_NA_FONTE);VARIANTE_UNICA_PRESERVAR_ROTULO;PENDENTE;
164;freneze;Vinhos Tintos;Adega > Vinhos Tintos;Dogliani San Luigi DOC;;485,00;preco da unica variante cobrada e ativa;raw_detalhes.json;/responses/43/body/product/product_composite_steps/0/complements/0/price;485;0;true;9;true;true;94085;/4/children/3/products/4;Volume > Dogliani San Luigi DOC - 750ml: 485,00 (COBRADO_NA_FONTE);VARIANTE_UNICA_PRESERVAR_ROTULO | DESCRICAO_AUSENTE;PENDENTE;
165;freneze;Vinhos Tintos;Adega > Vinhos Tintos;Porlapá Barbera D'Asti Superiore DOCG;;515,00;preco da unica variante cobrada e ativa;raw_detalhes.json;/responses/44/body/product/product_composite_steps/0/complements/0/price;515;0;true;9;true;true;94087;/4/children/3/products/5;Volume > Porlapá Barbera D'Asti Superiore DOCG - 750ml: 515,00 (COBRADO_NA_FONTE);VARIANTE_UNICA_PRESERVAR_ROTULO | DESCRICAO_AUSENTE;PENDENTE;
166;freneze;Vinhos Tintos;Adega > Vinhos Tintos;PODERI ELIA BARBARESCO SERRACAPELLI;Nebbiolo elegante e complexo do Piemonte, com taninos sedosos e grande finesse. Aromas: cereja madura, rosa seca e notas de especiarias. Harmonização: risotos trufados, carnes assadas e queijos maturados.;998,00;preco da unica variante cobrada e ativa;raw_detalhes.json;/responses/45/body/product/product_composite_steps/0/complements/0/price;998;0;true;9;true;true;94089;/4/children/3/products/6;Volume > PODERI ELIA BARBARESCO SERRACAPELLI - 750ml: 998,00 (COBRADO_NA_FONTE);VARIANTE_UNICA_PRESERVAR_ROTULO;PENDENTE;
167;freneze;Vinhos Tintos;Adega > Vinhos Tintos;Barolo Docg;O Barolo Gianni Gagliardo é produzido com uvas dos terroirs excepcionais de La Morra, Monforte d'Alba, Barolo e Serralunga. Esta combinação de diferentes solos confere a este vinho um caráter sutil e expressivo, ao mesmo tempo que tem um excelente potencial de envelhecimento. Aromas de alcaçuz lindamente adornados por notas florais e de tosta complementam o sabor intenso, rico em acidez de cereja fresca e taninos polidos.;1190,00;preco da unica variante cobrada e ativa;raw_detalhes.json;/responses/46/body/product/product_composite_steps/0/complements/0/price;1190;0;true;9;true;true;94091;/4/children/3/products/7;Volume > Barolo Docg - 750ml: 1190,00 (COBRADO_NA_FONTE);VARIANTE_UNICA_PRESERVAR_ROTULO;PENDENTE;
168;freneze;Vinhos Tintos;Adega > Vinhos Tintos;Barbaresco DOCG;;1410,00;preco da unica variante cobrada e ativa;raw_detalhes.json;/responses/47/body/product/product_composite_steps/0/complements/0/price;1410;0;true;9;true;true;94093;/4/children/3/products/8;Volume > Barbaresco DOCG - 750ml: 1410,00 (COBRADO_NA_FONTE);VARIANTE_UNICA_PRESERVAR_ROTULO | DESCRICAO_AUSENTE;PENDENTE;
169;freneze;Vinhos Tintos;Adega > Vinhos Tintos;Amarone della Valpolicella Classico Sant'Urbano;;1316,00;preco da unica variante cobrada e ativa;raw_detalhes.json;/responses/48/body/product/product_composite_steps/0/complements/0/price;1316;0;true;9;true;true;94095;/4/children/3/products/9;Volume > Amarone della Valpolicella Classico Sant'Urbano - 750ml: 1316,00 (COBRADO_NA_FONTE);VARIANTE_UNICA_PRESERVAR_ROTULO | DESCRICAO_AUSENTE;PENDENTE;
170;freneze;Vinhos Tintos;Adega > Vinhos Tintos;Roberto Riga;"Descrição do Produto:
O Roberto Riga Rosso é um vinho tinto equilibrado e saboroso, elaborado com um blend harmonioso de Sangiovese, Primitivo e Negroamaro. No paladar, apresenta corpo médio, taninos macios e notas de frutas vermelhas maduras, cereja escura e leve toque de especiarias. Seu final é redondo e agradável, tornando-o uma excelente escolha para diferentes ocasiões.";292,00;preco da unica variante cobrada e ativa;raw_detalhes.json;/responses/49/body/product/product_composite_steps/0/complements/0/price;292;0;true;9;true;true;94097;/4/children/3/products/10;Volume > Roberto Riga - 750ml: 292,00 (COBRADO_NA_FONTE);VARIANTE_UNICA_PRESERVAR_ROTULO;PENDENTE;
171;freneze;Vinhos Tintos;Adega > Vinhos Tintos;Roccabaro chianti;O Vinho Tinto Chianti Riserva Roccabaro 750ml é uma escolha sofisticada para apreciadores que buscam um rótulo de qualidade superior. Este vinho tinto italiano destaca-se por sua complexidade e estrutura, características marcantes de um autêntico Chianti Riserva. Com um perfil sensorial equilibrado, ele oferece uma experiência de degustação refinada, sendo a companhia ideal para momentos especiais e celebrações memoráveis. A excelência deste vinho de mesa reflete o cuidado em sua produção, garantindo que cada taça revele notas ricas e um paladar persistente. Seja para acompanhar pratos da culinária mediterrânea ou para desfrutar de um momento de relaxamento, este produto entrega valor agregado através de sua tradição e sabor inconfundível, tornando-se uma adição indispensável à sua adega pessoal.;314,00;preco da unica variante cobrada e ativa;raw_detalhes.json;/responses/50/body/product/product_composite_steps/0/complements/0/price;314;0;true;9;true;true;94099;/4/children/3/products/11;Volume > Roccabaro chianti - 750ml: 314,00 (COBRADO_NA_FONTE);VARIANTE_UNICA_PRESERVAR_ROTULO;PENDENTE;
172;freneze;Vinhos Tintos;Adega > Vinhos Tintos;Romulo IGT;Coloração vermelho rubi intenso, com reflexos púrpura. Característico bouquet com notas de cereja, frutas silvestres e balsâmicas. Em boca é macio e redondo, com notas de alcaçuz e baunilha, boa acidez e sabor equilibrado de fruta. DIRETRIZES GASTRONÔMICAS: Ideal com carnes grelhadas, perfeito com queijos curados.;199,00;preco da unica variante cobrada e ativa;raw_detalhes.json;/responses/51/body/product/product_composite_steps/0/complements/0/price;199;0;true;9;true;true;94101;/4/children/3/products/12;Volume > Romulo IGT - 750ml: 199,00 (COBRADO_NA_FONTE);VARIANTE_UNICA_PRESERVAR_ROTULO;PENDENTE;
173;freneze;Vinhos Tintos;Adega > Vinhos Tintos;Il Boro Pian Di Nova;Pian di Nova, um vinho encorpado cuja elegância e maciez nunca decepcionam, é um blend dinâmico que combina perfeitamente o toque picante da Syrah com o frutado da Sangiovese.;742,00;preco da unica variante cobrada e ativa;raw_detalhes.json;/responses/52/body/product/product_composite_steps/0/complements/0/price;742;0;true;9;true;true;94103;/4/children/3/products/13;Volume > Il Boro Pian Di Nova - 750ml: 742,00 (COBRADO_NA_FONTE);VARIANTE_UNICA_PRESERVAR_ROTULO;PENDENTE;
174;freneze;Vinhos Tintos;Adega > Vinhos Tintos;Felsina Berardenga Chianti Classico Docg;"Fèlsina Berardenga é indiscutivelmente um dos melhores e mais celebrados vinhos de Chianti Classico. Um tinto mais profundo e complexo que os exemplares comuns dessa denominação, o Berardenga compete com os Riserva da maioria dos produtores. Este é um tinto que ganha outra dimensão quando acompanhado por comida, se tornando ainda mais refinado — com suas muitas camadas de frutas silvestres e um delicioso toque cremoso e achocolatado. A safra de 2020 recebeu nada menos que 93 pontos de Robert Parker e 92 de James Suckling! É uma nota realmente extraordinária para um Chianti Classico de entrada, mas não para o Fèlsina Berardenga, que sempre arremata notas impressionantes da imprensa especializada. Além de sua grande qualidade, é um vinho que pode evoluir por mais de uma década na adega. Para Antonio Galloni, trata-se de ""uma escolha fantástica para quem procura vinhos de grande capacidade de envelhecimento, mas que são relativamente acessíveis”. É um vinho que mostra porque alguns especialistas consideram Chianti Classico a mais verdadeira expressão da uva Sangiovese.";742,00;preco da unica variante cobrada e ativa;raw_detalhes.json;/responses/53/body/product/product_composite_steps/0/complements/0/price;742;0;true;9;true;true;94105;/4/children/3/products/14;Volume > Felsina Berardenga Chianti Classico Docg - 750ml: 742,00 (COBRADO_NA_FONTE);VARIANTE_UNICA_PRESERVAR_ROTULO;PENDENTE;
175;freneze;Vinhos Tintos;Adega > Vinhos Tintos;Le Macchiole Bolgheri Rosso;"Descrito como glorioso e repleto de fruta madura por Robert Parker - que o classificou como ""outstanding"" e concedeu 93 pontos ao vinho na safra de 2019 - o Bolgheri Rosso é elaborado com um corte de Merlot, Cabernet Franc, Cabernet Sauvignon e Syrah. É certamente um dos mais belos achados da região de Bolgheri, na Toscana, e segue o estilo concentrado e exuberante dos vinhos de Le Macchiole em uma versão para ser bebida desde já.";833,00;preco da unica variante cobrada e ativa;raw_detalhes.json;/responses/54/body/product/product_composite_steps/0/complements/0/price;833;0;true;9;true;true;94107;/4/children/3/products/15;Volume > Le Macchiole Bolgheri Rosso - 750ml: 833,00 (COBRADO_NA_FONTE);VARIANTE_UNICA_PRESERVAR_ROTULO;PENDENTE;
176;freneze;Vinhos Tintos;Adega > Vinhos Tintos;Le Serre Nuove dell'Ornellaia;Produzido com as mesmas variedades de uva, sob o mesmo céu e guiado pela mesma filosofia que o Ornellaia, o Serre Nuove Dell'Ornellaia é um segundo vinho da vinícola, com a capacidade de prever a personalidade do vinho principal da propriedade. O prazer de degustar o Le Serre Nuove dell'Ornellaia evolui com o tempo, acrescentando o charme da maturidade ao vigor da juventude. Produzido a partir de uma safra de alta qualidade e extremamente satisfatória, a safra 2021 dá plena expressão às suas qualidades tânicas e concentração equilibrada. O vinho é elegante, com boa acidez e um final longo, persistente e saboroso que estimula sua degustação.;1300,00;preco da unica variante cobrada e ativa;raw_detalhes.json;/responses/55/body/product/product_composite_steps/0/complements/0/price;1300;0;true;9;true;true;94109;/4/children/3/products/16;Volume > Le Serre Nuove dell'Ornellaia - 750ml: 1300,00 (COBRADO_NA_FONTE);VARIANTE_UNICA_PRESERVAR_ROTULO;PENDENTE;
177;freneze;Vinhos Tintos;Adega > Vinhos Tintos;"Magari ""Bolgheri"" IGP";"Magari é um sofisticado corte de Cabernet Franc, Cabernet Sauvignon e Petit Verdot elaborado em Bolgheri — microclima ideal para o cultivo destas variedades originárias de Bordeaux. Este tinto nasce do equilíbrio perfeito entre os ""solos escuros"" (argilosos) e os ""solos brancos"" (calcários) da propriedade, resultando num vinho ""profundo e elegante"", segundo Robert Parker. Com generosas notas de fruta e uma complexidade impressionante. Um vinho soberbo!";2351,00;preco da unica variante cobrada e ativa;raw_detalhes.json;/responses/56/body/product/product_composite_steps/0/complements/0/price;2351;0;true;9;true;true;94111;/4/children/3/products/17;"Volume > Magari ""Bolgheri"" IGP - 750ml: 2351,00 (COBRADO_NA_FONTE)";VARIANTE_UNICA_PRESERVAR_ROTULO;PENDENTE;
178;freneze;Vinhos Tintos;Adega > Vinhos Tintos;Pieve Santa Restituta Brunello di Montalcino Sugarille;Estupendo tinto elaborado apenas com uvas do vinhedo Sugarille, sendo o melhor vinho da propriedade. Tem enorme estrutura, profundidade, complexidade e longevidade, porém contrabalançadas pela classe, elegância e o toque aveludado que são a assinatura de Gaja.;2964,00;preco da unica variante cobrada e ativa;raw_detalhes.json;/responses/57/body/product/product_composite_steps/0/complements/0/price;2964;0;true;9;true;true;94113;/4/children/3/products/18;Volume > Pieve Santa Restituta Brunello di Montalcino Sugarille - 750ml: 2964,00 (COBRADO_NA_FONTE);VARIANTE_UNICA_PRESERVAR_ROTULO;PENDENTE;
179;freneze;Vinhos Tintos;Adega > Vinhos Tintos;Sassicaia;O lendário Sassicaia é um dos mais admirados vinhos do mundo. O supertoscano é tão famoso que foi criada uma denominação de origem exclusiva para ele: a Bolgheri Sassicaia. Para a The Wine Advocate, o Sassicaia “é um marco de excelência na história do vinho italiano, mudando para sempre a imagem da Itália e seus vinhos”. Robert Parker afirmou que o Sassicaia da safra 1985 foi o vinho que ele mais gostou, entre todos que provou nos seus mais de 40 anos de carreira. O vinho que já recebeu os máximos “Tre Bicchieri” do Gambero Rosso em mais de 30 safras é indiscutivelmente um dos mais prestigiados e cobiçados cortes bordaleses de todo mundo, sendo comparado aos Premier Grands Cru Classés de Bordeaux por toda a crítica especializada. Segundo o Wine-Searcher, o Sassicaia é um dos 3 vinhos mais desejados de todo o mundo! O Marquês Incisa della Rocchetta descobriu que os solos de Bolgheri, repletos de pedregulhos, eram similares aos de Graves, em Bordeaux – perfeitos para o cultivo das uvas Cabernet Sauvignon e Cabernet Franc. Os primeiros vinhos foram feitos na década de 1940, mas até a colheita de 1967 eram famosos apenas nos jantares e reuniões da família.;5991,00;preco da unica variante cobrada e ativa;raw_detalhes.json;/responses/58/body/product/product_composite_steps/0/complements/0/price;5991;0;true;9;true;true;94115;/4/children/3/products/19;Volume > Sassicaia - 750ml: 5991,00 (COBRADO_NA_FONTE);VARIANTE_UNICA_PRESERVAR_ROTULO;PENDENTE;
180;freneze;Vinhos Tintos;Adega > Vinhos Tintos;I Mori IGT;"O Vinho Tinto Meio Seco I Mori Calabria IGT 750ml é um vinho italiano expressivo e equilibrado, produzido na região da Calábria, no sul da Itália. Elaborado com uvas selecionadas típicas da região, apresenta um perfil frutado, macio e agradável, refletindo o estilo caloroso e envolvente dos vinhos do sul italiano.

 

Com aromas marcantes de frutas vermelhas e negras maduras, como cereja, ameixa e amora, o vinho também apresenta sutis toques de especiarias e notas delicadas que enriquecem seu conjunto aromático. Em boca é macio, levemente adocicado e equilibrado, com taninos suaves e final agradável, tornando-se uma excelente opção para quem aprecia vinhos tintos fáceis de beber e com perfil frutado.

 

Seu estilo meio seco proporciona um paladar agradável e versátil, ideal tanto para momentos de descontração quanto para acompanhar diferentes tipos de refeições.";282,00;preco da unica variante cobrada e ativa;raw_detalhes.json;/responses/59/body/product/product_composite_steps/0/complements/0/price;282;0;true;9;true;true;94123;/4/children/3/products/20;Volume > I Mori IGT - 750ml: 282,00 (COBRADO_NA_FONTE);VARIANTE_UNICA_PRESERVAR_ROTULO;PENDENTE;
181;freneze;Vinhos Tintos;Adega > Vinhos Tintos;Tenuta regaliali vigna;Um dos maiores Cabernet Sauvignon do sul da Itália, quase sempre premiado com os máximos 3 Bicchieri do Gambero Rosso. Elegante, potente e muito classudo, é capaz de envelhecer por muitos anos em garrafa.;1313,00;preco da unica variante cobrada e ativa;raw_detalhes.json;/responses/60/body/product/product_composite_steps/0/complements/0/price;1313;0;true;9;true;true;94127;/4/children/3/products/21;Volume > Tenuta regaliali vigna - 750ml: 1313,00 (COBRADO_NA_FONTE);VARIANTE_UNICA_PRESERVAR_ROTULO;PENDENTE;
182;freneze;Vinhos Tintos;Adega > Vinhos Tintos;David Duband Morey Saint Denis;Proveniente de vinhas antigas, este Morey-Saint-Denis exibe concentração e complexidade excepcionais. Com notas intensas de frutas negras, especiarias e nuances terrosas, reflete o caráter profundo do terroir. O paladar é envolvente, com taninos firmes e equilibrados, oferecendo longa persistência e elegância que revelam toda a nobreza da região.;1975,00;preco da unica variante cobrada e ativa;raw_detalhes.json;/responses/61/body/product/product_composite_steps/0/complements/0/price;1975;0;true;9;true;true;94129;/4/children/3/products/22;Volume > David Duband Morey Saint Denis - 750ml: 1975,00 (COBRADO_NA_FONTE);VARIANTE_UNICA_PRESERVAR_ROTULO;PENDENTE;
183;freneze;Vinhos Tintos;Adega > Vinhos Tintos;Gevrey-chambertin;;1606,00;preco da unica variante cobrada e ativa;raw_detalhes.json;/responses/62/body/product/product_composite_steps/0/complements/0/price;1606;0;true;9;true;true;94131;/4/children/3/products/23;Volume > Gevrey-chambertin - 750ml: 1606,00 (COBRADO_NA_FONTE);VARIANTE_UNICA_PRESERVAR_ROTULO | DESCRICAO_AUSENTE;PENDENTE;
184;freneze;Vinhos Tintos;Adega > Vinhos Tintos;Bourgogne Hautes-côtes De Beaune;O vinho é roxo com toques de violeta, aromas de morello cereja, framboesa, morango triturado e violeta com uma espontaneidade cativante. É um vinho por prazer, gourmand, com taninos redondos e sedosos. combina muito com um tradicional Boeuf Bourguignon. É excelente com uma cozinha equilibrada, não muito picante nem muito pesada. Combina bem com carnes assadas, como um filé de vitela com curry leve ou, mais tradicionalmente, carne de porco salgada ou simplesmente carnes grelhadas.;598,00;preco da unica variante cobrada e ativa;raw_detalhes.json;/responses/63/body/product/product_composite_steps/0/complements/0/price;598;0;true;9;true;true;94133;/4/children/3/products/24;Volume > Bourgogne Hautes-côtes De Beaune - 750ml: 598,00 (COBRADO_NA_FONTE);VARIANTE_UNICA_PRESERVAR_ROTULO;PENDENTE;
185;freneze;Vinhos Tintos;Adega > Vinhos Tintos;Domaine De Montille Pommard 1er Cru Les Pezerolles;O excelente Pommard Premier Cru Les Pézerolles foi descrito pela Burghound como um clássico Pommard de rara beleza. Já a Wine Spectator classificou o belo Premier Cru como robusto e tânico. Sem dúvida, um dos grandes vinhos de Pommard e uma das melhores expressões deste magnífico terroir.;4225,00;preco da unica variante cobrada e ativa;raw_detalhes.json;/responses/64/body/product/product_composite_steps/0/complements/0/price;4225;0;true;9;true;true;94135;/4/children/3/products/25;Volume > Domaine De Montille Pommard 1er Cru Les Pezerolles - 750ml: 4225,00 (COBRADO_NA_FONTE);VARIANTE_UNICA_PRESERVAR_ROTULO;PENDENTE;
186;freneze;Vinhos Tintos;Adega > Vinhos Tintos;Chateau petit boyer;;302,00;preco da unica variante cobrada e ativa;raw_detalhes.json;/responses/65/body/product/product_composite_steps/0/complements/0/price;302;0;true;9;true;true;94137;/4/children/3/products/26;Volume > Chateau petit boyer - 750ml: 302,00 (COBRADO_NA_FONTE);VARIANTE_UNICA_PRESERVAR_ROTULO | DESCRICAO_AUSENTE;PENDENTE;
187;freneze;Vinhos Tintos;Adega > Vinhos Tintos;Chapelle de pontesac;;569,00;preco da unica variante cobrada e ativa;raw_detalhes.json;/responses/66/body/product/product_composite_steps/0/complements/0/price;569;0;true;9;true;true;94139;/4/children/3/products/27;Volume > Chapelle de pontesac - 750ml: 569,00 (COBRADO_NA_FONTE);VARIANTE_UNICA_PRESERVAR_ROTULO | DESCRICAO_AUSENTE;PENDENTE;
188;freneze;Vinhos Tintos;Adega > Vinhos Tintos;Chateau sigognac;;568,00;preco da unica variante cobrada e ativa;raw_detalhes.json;/responses/67/body/product/product_composite_steps/0/complements/0/price;568;0;true;9;true;true;94141;/4/children/3/products/28;Volume > Chateau sigognac - 750ml: 568,00 (COBRADO_NA_FONTE);VARIANTE_UNICA_PRESERVAR_ROTULO | DESCRICAO_AUSENTE;PENDENTE;
189;freneze;Vinhos Tintos;Adega > Vinhos Tintos;Chateau pontet-canet cru classe;;4327,00;preco da unica variante cobrada e ativa;raw_detalhes.json;/responses/68/body/product/product_composite_steps/0/complements/0/price;4327;0;true;9;true;true;94143;/4/children/3/products/29;Volume > Chateau pontet-canet cru classe - 750ml: 4327,00 (COBRADO_NA_FONTE);VARIANTE_UNICA_PRESERVAR_ROTULO | DESCRICAO_AUSENTE;PENDENTE;
190;freneze;Vinhos Tintos;Adega > Vinhos Tintos;Chateau lafon rochet cru classe;;1665,00;preco da unica variante cobrada e ativa;raw_detalhes.json;/responses/69/body/product/product_composite_steps/0/complements/0/price;1665;0;true;9;true;true;94145;/4/children/3/products/30;Volume > Chateau lafon rochet cru classe - 750ml: 1665,00 (COBRADO_NA_FONTE);VARIANTE_UNICA_PRESERVAR_ROTULO | DESCRICAO_AUSENTE;PENDENTE;
191;freneze;Vinhos Tintos;Adega > Vinhos Tintos;Chateau leoville poyferre cru classe;;5814,00;preco da unica variante cobrada e ativa;raw_detalhes.json;/responses/70/body/product/product_composite_steps/0/complements/0/price;5814;0;true;9;true;true;94147;/4/children/3/products/31;Volume > Chateau leoville poyferre cru classe - 750ml: 5814,00 (COBRADO_NA_FONTE);VARIANTE_UNICA_PRESERVAR_ROTULO | DESCRICAO_AUSENTE;PENDENTE;
192;freneze;Vinhos Tintos;Adega > Vinhos Tintos;Charmes de kirwan;;1360,00;preco da unica variante cobrada e ativa;raw_detalhes.json;/responses/71/body/product/product_composite_steps/0/complements/0/price;1360;0;true;9;true;true;94149;/4/children/3/products/32;Volume > Charmes de kirwan - 750ml: 1360,00 (COBRADO_NA_FONTE);VARIANTE_UNICA_PRESERVAR_ROTULO | DESCRICAO_AUSENTE;PENDENTE;
193;freneze;Vinhos Tintos;Adega > Vinhos Tintos;Lassegue saint emilion grand cru;;874,00;preco da unica variante cobrada e ativa;raw_detalhes.json;/responses/72/body/product/product_composite_steps/0/complements/0/price;874;0;true;9;true;true;94151;/4/children/3/products/33;Volume > Lassegue saint emilion grand cru - 750ml: 874,00 (COBRADO_NA_FONTE);VARIANTE_UNICA_PRESERVAR_ROTULO | DESCRICAO_AUSENTE;PENDENTE;
194;freneze;Vinhos Tintos;Adega > Vinhos Tintos;Vieux chateau sant andre;;1034,00;preco da unica variante cobrada e ativa;raw_detalhes.json;/responses/73/body/product/product_composite_steps/0/complements/0/price;1034;0;true;9;true;true;94153;/4/children/3/products/34;Volume > Vieux chateau sant andre - 750ml: 1034,00 (COBRADO_NA_FONTE);VARIANTE_UNICA_PRESERVAR_ROTULO | DESCRICAO_AUSENTE;PENDENTE;
195;freneze;Vinhos Tintos;Adega > Vinhos Tintos;Chateau haut bergey;;1067,00;preco da unica variante cobrada e ativa;raw_detalhes.json;/responses/74/body/product/product_composite_steps/0/complements/0/price;1067;0;true;9;true;true;94155;/4/children/3/products/35;Volume > Chateau haut bergey - 750ml: 1067,00 (COBRADO_NA_FONTE);VARIANTE_UNICA_PRESERVAR_ROTULO | DESCRICAO_AUSENTE;PENDENTE;
196;freneze;Vinhos Tintos;Adega > Vinhos Tintos;Chateau moulin haut- laroque;;899,00;preco da unica variante cobrada e ativa;raw_detalhes.json;/responses/75/body/product/product_composite_steps/0/complements/0/price;899;0;true;9;true;true;94157;/4/children/3/products/36;Volume > Chateau moulin haut- laroque - 750ml: 899,00 (COBRADO_NA_FONTE);VARIANTE_UNICA_PRESERVAR_ROTULO | DESCRICAO_AUSENTE;PENDENTE;
197;freneze;Vinhos Tintos;Adega > Vinhos Tintos;Blason d' aussieres;;465,00;preco da unica variante cobrada e ativa;raw_detalhes.json;/responses/76/body/product/product_composite_steps/0/complements/0/price;465;0;true;9;true;true;94159;/4/children/3/products/37;Volume > Blason d' aussieres - 750ml: 465,00 (COBRADO_NA_FONTE);VARIANTE_UNICA_PRESERVAR_ROTULO | DESCRICAO_AUSENTE;PENDENTE;
198;freneze;Vinhos Tintos;Adega > Vinhos Tintos;"Cotes du rhone ""la celestiere""";;298,00;preco da unica variante cobrada e ativa;raw_detalhes.json;/responses/77/body/product/product_composite_steps/0/complements/0/price;298;0;true;9;true;true;94161;/4/children/3/products/38;"Volume > Cotes du rhone ""la celestiere"" - 750ml: 298,00 (COBRADO_NA_FONTE)";VARIANTE_UNICA_PRESERVAR_ROTULO | DESCRICAO_AUSENTE;PENDENTE;
199;freneze;Vinhos Tintos;Adega > Vinhos Tintos;"Chateauneuf du pape ""Chateau de beaucastel""";;2998,00;preco da unica variante cobrada e ativa;raw_detalhes.json;/responses/78/body/product/product_composite_steps/0/complements/0/price;2998;0;true;9;true;true;94163;/4/children/3/products/39;"Volume > Chateauneuf du pape ""Chateau de beaucastel"" - 750ml: 2998,00 (COBRADO_NA_FONTE)";VARIANTE_UNICA_PRESERVAR_ROTULO | DESCRICAO_AUSENTE;PENDENTE;
200;freneze;Vinhos Tintos;Adega > Vinhos Tintos;Famille perin côtes du rhone reserve - 1,5L;;899,00;preco da unica variante cobrada e ativa;raw_detalhes.json;/responses/79/body/product/product_composite_steps/0/complements/0/price;899;0;true;9;true;true;94165;/4/children/3/products/40;Volume > Famille perin côtes du rhone reserve - 1,5L - 1500ml: 899,00 (COBRADO_NA_FONTE);VARIANTE_UNICA_PRESERVAR_ROTULO | DESCRICAO_AUSENTE;PENDENTE;
201;freneze;Vinhos Tintos;Adega > Vinhos Tintos;Famille Perrin Châteauneuf-du-pape;"""Exuberante e complexo nos aromas, apresenta trufas, cogumelos, especiarias, alcaçuz, tabaco e camurça. Impressiona pela juventude, aliando de forma harmônica, opulência de fruta e taninos de excelente textura com mineralidade, persistência e profundidade. Mais de 90 segundos de permanência na boca. Poesia pura.""";2998,00;preco da unica variante cobrada e ativa;raw_detalhes.json;/responses/80/body/product/product_composite_steps/0/complements/0/price;2998;0;true;9;true;true;94167;/4/children/3/products/41;Volume > Famille Perrin Châteauneuf-du-pape - 750ml: 2998,00 (COBRADO_NA_FONTE);VARIANTE_UNICA_PRESERVAR_ROTULO;PENDENTE;
202;freneze;Vinhos Tintos;Adega > Vinhos Tintos;Famille Perrin Réserve Côtes-du-Rhône Rouge;"Elaborado com uvas de vinhedos próprios, de cultivo orgânico, o Côtes-du-Rhône Réserve é uma das melhores compras entre os vinhos franceses. ""Macio e fácil de gostar, com notas de ameixa preta e cerejas"" para a Wine Spectator, é um livro texto do que um bom Côtes du Rhône deveria ser. Produzido com as castas Grenache, Mourvèdre e Syrah, é um vinho para ter sempre em casa.";899,00;preco da unica variante cobrada e ativa;raw_detalhes.json;/responses/81/body/product/product_composite_steps/0/complements/0/price;899;0;true;9;true;true;94169;/4/children/3/products/42;Volume > Famille Perrin Réserve Côtes-du-Rhône Rouge - 1500ml: 899,00 (COBRADO_NA_FONTE);VARIANTE_UNICA_PRESERVAR_ROTULO;PENDENTE;
203;freneze;Vinhos Tintos;Adega > Vinhos Tintos;Château Musar;"Cor rubi intensa, aromas de frutas vermelhas como ameixas e amoras; especiarias, toque balsâmico e tostado. Um vinho cheio de elegância e personalidade, possui bastante acidez e taninos bem presentes. Potente, saboroso, interessante, com boa persistência.";1399,00;preco da unica variante cobrada e ativa;raw_detalhes.json;/responses/82/body/product/product_composite_steps/0/complements/0/price;1399;0;true;9;true;true;94171;/4/children/3/products/43;Volume > Château Musar - 750ml: 1399,00 (COBRADO_NA_FONTE);VARIANTE_UNICA_PRESERVAR_ROTULO;PENDENTE;
204;freneze;Vinhos Tintos;Adega > Vinhos Tintos;Cotes du Rhone;;298,00;preco da unica variante cobrada e ativa;raw_detalhes.json;/responses/83/body/product/product_composite_steps/0/complements/0/price;298;0;true;9;true;true;94173;/4/children/3/products/44;Volume > Cotes du Rhone - 750ml: 298,00 (COBRADO_NA_FONTE);VARIANTE_UNICA_PRESERVAR_ROTULO | DESCRICAO_AUSENTE;PENDENTE;
205;freneze;Vinhos Tintos;Adega > Vinhos Tintos;Dehesa La Granja;Cereja vermelha madura, com borda granada intensa. No nariz notas sutis de redução seguido por memórias de geleia fruta preta madura (amoras e ameixas). No palato, o vinho é poderoso, saboroso, com uma boa estrutura. Tem taninos maduros. Persistência final, por muito tempo, marcado por reminiscências de cerejas em licor.;485,00;preco da unica variante cobrada e ativa;raw_detalhes.json;/responses/84/body/product/product_composite_steps/0/complements/0/price;485;0;true;9;true;true;94175;/4/children/3/products/45;Volume > Dehesa La Granja - 750ml: 485,00 (COBRADO_NA_FONTE);VARIANTE_UNICA_PRESERVAR_ROTULO;PENDENTE;
206;freneze;Vinhos Tintos;Adega > Vinhos Tintos;Pintia;"O fantástico Pintia é o grande tinto elaborado por Vega Sicilia na emergente região do Toro. Logo em sua primeira safra, já recebeu 95 pontos de Robert Parker e muitos elogios de Jancis Robinson, que o indicou como o melhor vinho do Toro que já provou. Poderoso e encorpado, mas com classe e elegância, ""um punho de aço em luvas de seda"", nas palavras de Steven Spurrier.";2415,00;preco da unica variante cobrada e ativa;raw_detalhes.json;/responses/85/body/product/product_composite_steps/0/complements/0/price;2415;0;true;9;true;true;94177;/4/children/3/products/46;Volume > Pintia - 750ml: 2415,00 (COBRADO_NA_FONTE);VARIANTE_UNICA_PRESERVAR_ROTULO;PENDENTE;
207;freneze;Vinhos Tintos;Adega > Vinhos Tintos;Dominio de la Abadesa Crianza;Tinto de vinhas antigas e altitude, amadurecido em carvalho. Mostra aromas de frutas negras maduras, toques de chocolate, café suave e um leve frescor de ervas. Estruturado, macio e com final longo.;318,00;preco da unica variante cobrada e ativa;raw_detalhes.json;/responses/86/body/product/product_composite_steps/0/complements/0/price;318;0;true;9;true;true;94179;/4/children/3/products/47;Volume > Dominio de la Abadesa Crianza - 750ml: 318,00 (COBRADO_NA_FONTE);VARIANTE_UNICA_PRESERVAR_ROTULO;PENDENTE;
208;freneze;Vinhos Tintos;Adega > Vinhos Tintos;Emilio Moro;Well integrated berry fruit aromas, with power & concentration.;632,00;preco da unica variante cobrada e ativa;raw_detalhes.json;/responses/87/body/product/product_composite_steps/0/complements/0/price;632;0;true;9;true;true;94181;/4/children/3/products/48;Volume > Emilio Moro - 750ml: 632,00 (COBRADO_NA_FONTE);VARIANTE_UNICA_PRESERVAR_ROTULO;PENDENTE;
209;freneze;Vinhos Tintos;Adega > Vinhos Tintos;Flor de Pingus;;2876,00;preco da unica variante cobrada e ativa;raw_detalhes.json;/responses/88/body/product/product_composite_steps/0/complements/0/price;2876;0;true;9;true;true;94184;/4/children/3/products/49;Volume > Flor de Pingus - 750ml: 2876,00 (COBRADO_NA_FONTE);VARIANTE_UNICA_PRESERVAR_ROTULO | DESCRICAO_AUSENTE;PENDENTE;
210;freneze;Vinhos Tintos;Adega > Vinhos Tintos;Valbueña 5º Ano;Um dos grandes ícones do vinho espanhol, o reputado Valbuena 5º Año é o segundo vinho das Bodegas Vega Sicília, um tinto superlativo, de grande classe e elegância. Envelhece menos tempo em carvalho do que o Vega Sicília Unico, sendo lançado cinco anos após a colheita, e estando pronto para ser bebido mais cedo. Trata-se de um vinho extraordinário, extremamente bem talhado, com potência e concentração bem moldadas por finesse e grande complexidade, além de um adorável frescor e um longo final de boca.;5641,00;preco da unica variante cobrada e ativa;raw_detalhes.json;/responses/89/body/product/product_composite_steps/0/complements/0/price;5641;0;true;9;true;true;94186;/4/children/3/products/50;Volume > Valbueña 5º Ano - 750ml: 5641,00 (COBRADO_NA_FONTE);VARIANTE_UNICA_PRESERVAR_ROTULO;PENDENTE;
