ordem;restaurant_id;categoria;nome;descricao;preco_exportado_reais;disponivel_no_csv_original;origem_preco_exportado;preco_bruto_origem_centavos;caminho_categorias;source_id;json_pointer;opcoes_e_adicionais;sinalizacoes;status_revisao;observacoes_ike
1;meet_and_eat;Entradas Frias;Carpaccio Angus;Delicadas fatias de carne angus ao molho de mostarda, mel e alcaparras. Servido com alcaparras e parmesão crocante. Acompanha torrada, opcional buquet de folhas.;86,00;true;price direto;8600;Cardápio Principal > Entradas Frias;630385546e7cb6001194ccf1;/body/0/menus/0/menuItems/0;;;PENDENTE;
2;meet_and_eat;Entradas Frias;Carpaccio de Salmão;Finas lâminas de salmão , supremo de limão siciliano e molho ponzu.;178,00;true;price direto;17800;Cardápio Principal > Entradas Frias;630387bcdaf31500126bffec;/body/0/menus/0/menuItems/1;;;PENDENTE;
3;meet_and_eat;Entradas Frias;Carpaccio De Shitake;Cogumelos shitake grelhado, molho de shoyo fermentado trufado, gergelim torrado, raspas de limão siciliano e buquê mix de folhas. Acompanha torrada.;118,00;true;price direto;11800;Cardápio Principal > Entradas Frias;6303859890426500118fff96;/body/0/menus/0/menuItems/2;;;PENDENTE;
4;meet_and_eat;Entradas Frias;Sashimeat De Wagyu;Sashimi de wagyu servido na pedra de sal, com molho tonkatsu e shoyo fermentado doce. Levemente maçaricado na mesa.;92,00;true;price direto;9200;Cardápio Principal > Entradas Frias;630383f2cfc5af0012c2135c;/body/0/menus/0/menuItems/3;;;PENDENTE;
5;meet_and_eat;Entradas Frias;Steak Sushi;Uramaki - Sushi de filé mignon, recheado com carne angus batida na ponta da faca e  creem cheese, com salmao flambado por fora.  Servido com molho tonkatsu e couve crispy ( 8 unidades );62,00;true;price direto;6200;Cardápio Principal > Entradas Frias;630383831b684f0011d0840c;/body/0/menus/0/menuItems/4;;;PENDENTE;
6;meet_and_eat;Entradas Frias;Steak Tartare;Filet mignon picado na ponta da faca, temperado com alcaparras, picles, cebola roxa, mostarda Dijon. Servido com batata frita.;94,00;true;price direto;9400;Cardápio Principal > Entradas Frias;6303851790426500118fff8e;/body/0/menus/0/menuItems/5;;;PENDENTE;
7;meet_and_eat;Entradas Frias;Chips e Cream;Chips de batata e sour cream;64,00;true;price direto;6400;Cardápio Principal > Entradas Frias;699e318190867999b1c3bafd;/body/0/menus/0/menuItems/6;;;PENDENTE;
8;meet_and_eat;Entradas Quentes;Camarão Spicy;Tempurá de camarão ao molho levemente apimentado de maionese com sriracha.;76,00;true;price direto;7600;Cardápio Principal > Entradas Quentes;630384db9411f1001180bc19;/body/0/menus/1/menuItems/0;;;PENDENTE;
9;meet_and_eat;Entradas Quentes;Corn Cake e Gorgonzola;5 unidades de croqueta de milho com muçarela e gorgonzola. Acompanha molho sweet chilli (molho de pimenta doce).;58,00;true;price direto;5800;Cardápio Principal > Entradas Quentes;660484239d252f006ffa3ced;/body/0/menus/1/menuItems/1;;;PENDENTE;
10;meet_and_eat;Entradas Quentes;Gouda Crispy;5 unidades de queijo gouda empanado e montado com tartar de salmao fresco e ovas negras e leve toque de maionese de sriracha.;84,00;true;price direto;8400;Cardápio Principal > Entradas Quentes;66211fddec9b27006e7dec07;/body/0/menus/1/menuItems/2;;;PENDENTE;
11;meet_and_eat;Entradas Quentes;MeetBall;5 Unidades de bolinhos de carne com gorgonzola. Acompanha molho barbecue da casa (barbecue de goiabada com pimenta biquinho).;61,00;true;price direto;6100;Cardápio Principal > Entradas Quentes;630386a9daf31500126bffd9;/body/0/menus/1/menuItems/3;;;PENDENTE;
12;meet_and_eat;Entradas Quentes;Mini Pastel De Cupim Defumado;5 Unidades de mini pastel recheado com cupim e queijo cheddar cremoso. Acompanha vinagrete.;62,00;true;price direto;6200;Cardápio Principal > Entradas Quentes;630387946e7cb6001194cd0e;/body/0/menus/1/menuItems/4;;;PENDENTE;
13;meet_and_eat;Entradas Quentes;Tour De Entradas;2 meetball, 2 croquetas de milho, 3 pasteis de cupim, 2 gouda crispy e  vinagrete.;92,00;true;price direto;9200;Cardápio Principal > Entradas Quentes;660484b59826a90072f0b5d2;/body/0/menus/1/menuItems/5;;;PENDENTE;
14;meet_and_eat;Entradas Quentes;Crispy Rice;Arroz japônes,crocante com furikake,tataki de salmão e limão siciliano;96,00;true;price direto;9600;Cardápio Principal > Entradas Quentes;6795793dec7376f2ea5cba27;/body/0/menus/1/menuItems/6;;;PENDENTE;
15;meet_and_eat;Entradas Quentes;Pancetta em  Rolo;Pururuca de barriga de porco, goiabada e limão com pimenta biquinho.;68,00;true;price direto;6800;Cardápio Principal > Entradas Quentes;67a155c8a5f58458fcba4674;/body/0/menus/1/menuItems/7;;;PENDENTE;
16;meet_and_eat;Entradas Quentes;Gambas al Ajillo;Camarões frescos cozidos rapidamente no azeite, Laminas de alho, Manteiga de Camarão;218,00;true;price direto;21800;Cardápio Principal > Entradas Quentes;69781852edfa483a2a507598;/body/0/menus/1/menuItems/8;;;PENDENTE;
17;meet_and_eat;Entradas Quentes;Polenta Frita C/ Tartare de Angus;Polenta frita da casa, Tartare de Angus;68,00;true;price direto;6800;Cardápio Principal > Entradas Quentes;678b9c21b3c927197c5a8195;/body/0/menus/1/menuItems/9;;;PENDENTE;
18;meet_and_eat;Entradas Assadas;Coração de Frango grelhado;360g Coração de frango marinado no shoyu com especiarias da casa por 72h e grelhado na parrilla.;82,00;true;price direto;8200;Cardápio Principal > Entradas Assadas;64235d609c155f005c281420;/body/0/menus/2/menuItems/0;;;PENDENTE;
19;meet_and_eat;Entradas Assadas;Empanada Argentina;ESCOLHER SABOR Carne Dulce, Queijo com cebola caramelizada ou Pernil | Unidade.;22,00;true;price direto;2200;Cardápio Principal > Entradas Assadas;62fff8b29411f100117feb3a;/body/0/menus/2/menuItems/1;;;PENDENTE;
20;meet_and_eat;Entradas Assadas;Linguica da Casa;;54,00;true;price direto;5400;Cardápio Principal > Entradas Assadas;66fbe2ca1281e98ee25ce05a;/body/0/menus/2/menuItems/2;;DESCRICAO_AUSENTE;PENDENTE;
21;meet_and_eat;Entradas Assadas;Matambrito;Matambre bovino desfiado ao molho. Acompanha vinagrete.;98,00;true;price direto;9800;Cardápio Principal > Entradas Assadas;660481e29d252f006ffa3bc5;/body/0/menus/2/menuItems/3;;;PENDENTE;
22;meet_and_eat;Entradas Assadas;Mix De Linguiças Artesanais;"Trio de linguiças grelhadas Tex mex (cheddar e jalapeño); chimichurri e marguerita (manjericão e muçarela de búfala e tomate). Acompanha vinagrete e chimichurri.";118,00;true;price direto;11800;Cardápio Principal > Entradas Assadas;630385e96e7cb6001194ccfa;/body/0/menus/2/menuItems/4;;;PENDENTE;
23;meet_and_eat;Entradas Assadas;Provoleta;Queijo provolone tostado na grelha, servido com tomate confit e chimichurri;68,00;true;price direto;6800;Cardápio Principal > Entradas Assadas;6604847b9d252f006ffa3d3e;/body/0/menus/2/menuItems/5;;;PENDENTE;
24;meet_and_eat;Entradas Assadas;Queijo Coalho com Mel Trufado;;66,00;true;price direto;6600;Cardápio Principal > Entradas Assadas;65c3f9abb4cea6006ab6936e;/body/0/menus/2/menuItems/6;;DESCRICAO_AUSENTE;PENDENTE;
25;meet_and_eat;Entradas Assadas;Trio De Mini Burgers;1 burger com cheddar e cebola caramelizada, 1 burger salad e 1 burger clássico.;74,00;true;price direto;7400;Cardápio Principal > Entradas Assadas;63038659daf31500126bffd1;/body/0/menus/2/menuItems/7;;;PENDENTE;
26;meet_and_eat;Entradas Assadas;Pão de alho;Duas unidades de pão de alho.;16,00;true;price direto;1600;Cardápio Principal > Entradas Assadas;6604828f9826a90072f0b386;/body/0/menus/2/menuItems/8;;;PENDENTE;
27;meet_and_eat;Entradas Assadas;Milho na Brasa;;44,00;true;price direto;4400;Cardápio Principal > Entradas Assadas;689b51ec5ca5938d5cc1f48e;/body/0/menus/2/menuItems/9;;DESCRICAO_AUSENTE;PENDENTE;
28;meet_and_eat;Salada;Caesar Salad;Alface americana, molho caesar, croutons, parmesão em lasca e peito de frango grelhado.;56,00;true;price direto;5600;Cardápio Principal > Salada;659fcf63769ef00072369060;/body/0/menus/3/menuItems/0;;;PENDENTE;
29;meet_and_eat;Salada;Meet Salad;Mix de folhas com queijo de cabra, jamon (presunto espanhol), figo fresco, mix de nuts, mostarda e mel.;76,00;true;price direto;7600;Cardápio Principal > Salada;630397a51b684f0011d08578;/body/0/menus/3/menuItems/1;;;PENDENTE;
30;meet_and_eat;Salada;Salada de Rúcula;Salada de folhas de rúcula, temperadas com molho de redução de balsâmico e mel tomate cereja e lascas de parmesão.;48,00;true;price direto;4800;Cardápio Principal > Salada;63038d06daf31500126c004d;/body/0/menus/3/menuItems/2;;;PENDENTE;
31;meet_and_eat;Salada;Salada Juliana;Alface americana, cenoura, tomate, palmito, parmesão e batata palha.;62,00;true;price direto;6200;Cardápio Principal > Salada;63038d661b684f0011d084b1;/body/0/menus/3/menuItems/3;;;PENDENTE;
32;meet_and_eat;Sanduiches & Burger;Cheese Burger;Pão brioche, blend de burguer 180g e queijo cheddar ingles. Acompanha maionese da casa e catchup.;82,00;true;price direto;8200;Cardápio Principal > Sanduiches & Burger;63039a679042650011900552;/body/0/menus/4/menuItems/0;Adicional: [sem preco proprio] -> Bacon: 8,00, Salada: 6,00;ADICIONAIS_OU_SABORES;PENDENTE;
33;meet_and_eat;Sanduiches & Burger;Choripan;Pão ciabata, linguiça grelhada chimichurri, queijo, vinagrete, maionese da casa e chimichurri. Acompanha fritas;76,00;true;price direto;7600;Cardápio Principal > Sanduiches & Burger;63039beb1b684f0011d085ef;/body/0/menus/4/menuItems/1;;;PENDENTE;
34;meet_and_eat;Sanduiches & Burger;Philly Cheese Steak;Pão ciabata, filet mignon com queijo mussarela e maionese da casa. Acompanha fritas.;96,00;true;price direto;9600;Cardápio Principal > Sanduiches & Burger;63039b5ebe84a500118844f0;/body/0/menus/4/menuItems/2;;;PENDENTE;
35;meet_and_eat;Seleção Wagyu;Wagyu 7/8 100g;Avaliar cortes disponíveis de Wagyu na casa. Valor referente a 100g;239,00;true;price direto;23900;Cardápio Principal > Seleção Wagyu;64de895b627a68004f5824a6;/body/0/menus/5/menuItems/0;;;PENDENTE;
36;meet_and_eat;Da Brasa;Bife Ancho 300gr;Nosso, filé de costela, entrecote, ponta do contra filé e ribeye todos esses nomes são para o mesmo corte do animal, um dos cortes talvez mais saboroso e gostoso do bovino o ancho é retirado da dianteira do boi mais especificamente da 6ª a 11ª costela, é composto por dois cortes Ceja ou (Ribeye Cap) e Ojo de bife.;228,00;true;price direto;22800;Cardápio Principal > Da Brasa;6303a7c8be84a500118846e2;/body/0/menus/6/menuItems/0;;;PENDENTE;
37;meet_and_eat;Da Brasa;Bife De Chorizo 300gr;Continuação do ancho o Chorizo fica localizado no meio do lombo do animal possuí uma excelente capa de gordura lateral que torna o corte inconfundível e bastante saboroso, um dos cortes mais consagrados na Argentina .;198,00;true;price direto;19800;Cardápio Principal > Da Brasa;637699b85da840004aadaa2f;/body/0/menus/6/menuItems/1;;;PENDENTE;
38;meet_and_eat;Da Brasa;Carré de Cordeiro;450gr.;268,00;true;price direto;26800;Cardápio Principal > Da Brasa;6303a8191b684f0011d086c4;/body/0/menus/6/menuItems/2;;;PENDENTE;
39;meet_and_eat;Da Brasa;Cupim 300gr;Corte localizado atrás do pescoço do animal, possui bastante gordura entremeada fazendo com que ele seja um corte bastante macio e saboroso, possui uma clássica forma de preparo que é em coccão lenta, ou seja, assar ele em temperatura baixa de 10 a 12 horas para garantir toda sua maciez e sabor inconfundível.;142,00;true;price direto;14200;Cardápio Principal > Da Brasa;6303ae7ecfc5af0012c21671;/body/0/menus/6/menuItems/3;;;PENDENTE;
40;meet_and_eat;Da Brasa;Fraldinha Red 300g;Corte retirado da fraldinha localizado na parte abdominal do animal, especificamente no final da costela, corte magro porém bastante saboroso e macio por conta do mármoreio presente.;204,00;true;price direto;20400;Cardápio Principal > Da Brasa;6303a785cfc5af0012c215ba;/body/0/menus/6/menuItems/4;;;PENDENTE;
41;meet_and_eat;Da Brasa;Flat Iron 300gr;Corte retirado da paleta do animal, bastante conhecido por sua maciez e suculência, possui um marmoreio ideal para fazer desse corte um dos mais saborosos do boi.;202,00;true;price direto;20200;Cardápio Principal > Da Brasa;659fd162769ef000723690a8;/body/0/menus/6/menuItems/5;;;PENDENTE;
42;meet_and_eat;Da Brasa;Pupunha Assada Com Tomate Confit;;86,00;true;price direto;8600;Cardápio Principal > Da Brasa;6303a58f9042650011900738;/body/0/menus/6/menuItems/6;;DESCRICAO_AUSENTE;PENDENTE;
43;meet_and_eat;Da Brasa;Steak Meet 300g;;186,00;true;price direto;18600;Cardápio Principal > Da Brasa;68de90b175a10b7f7eed418c;/body/0/menus/6/menuItems/7;;DESCRICAO_AUSENTE;PENDENTE;
44;meet_and_eat;Da Brasa;Ojo Bife;Esse corte extremamente saboroso é o centro do Bife Ancho. Com fibras curtas e delicadas, é a parte mais macia do contrafilé, perfeita para parrilla;182,00;true;price direto;18200;Cardápio Principal > Da Brasa;6746fedf973ffde090107636;/body/0/menus/6/menuItems/8;;;PENDENTE;
45;meet_and_eat;Para Compartilhar;Lagosta Inteira;Lagosta fresca grelhada na nossa parrilla.;449,00;true;price direto;44900;Cardápio Principal > Para Compartilhar;6303aaab773fd50011561199;/body/0/menus/7/menuItems/0;;;PENDENTE;
46;meet_and_eat;Para Compartilhar;Parrillada;Flat iron, Steak Meet, Picanha, Ojo de bife, Linguiças da casa e Pão de alho.;618,00;true;price direto;61800;Cardápio Principal > Para Compartilhar;6303aa44be84a5001188471d;/body/0/menus/7/menuItems/1;;;PENDENTE;
47;meet_and_eat;Para Compartilhar;Parrillada Do Mar;Polvo, Camarão, salmão e lagosta.;799,00;true;price direto;79900;Cardápio Principal > Para Compartilhar;6303aa901b684f0011d086ff;/body/0/menus/7/menuItems/2;;;PENDENTE;
48;meet_and_eat;Para Compartilhar;Prime Rib Bovino 450gr;Sem muitas delongas é o ancho com osso, retirado do lombo do animal mais especificamente no começo do lombo da 6ª a 12ª costela, o fato de possuir o osso deixa o corte com um sabor especial e também valoriza muito a apresentação.;389,00;true;price direto;38900;Cardápio Principal > Para Compartilhar;6303ab611b684f0011d08712;/body/0/menus/7/menuItems/3;;;PENDENTE;
49;meet_and_eat;Para Compartilhar;Chorizo de Tira;700g;569,00;true;price direto;56900;Cardápio Principal > Para Compartilhar;69b9bfc5e2f52aa71ad1bbf8;/body/0/menus/7/menuItems/4;;;PENDENTE;
50;meet_and_eat;Peixes e Frutos do Mar;Polvo;150gr;158,00;true;price direto;15800;Cardápio Principal > Peixes e Frutos do Mar;6303a9cb6e7cb6001194d3e1;/body/0/menus/8/menuItems/0;;;PENDENTE;
51;meet_and_eat;Peixes e Frutos do Mar;Salmão;Deliciosa posta de Salmão (300gr) feita na brasa.;164,00;true;price direto;16400;Cardápio Principal > Peixes e Frutos do Mar;659fd1fc769ef000723690db;/body/0/menus/8/menuItems/1;;;PENDENTE;
52;meet_and_eat;Peixes e Frutos do Mar;Camarão na brasa 200g;;164,00;true;price direto;16400;Cardápio Principal > Peixes e Frutos do Mar;6303a9e3daf31500126c026e;/body/0/menus/8/menuItems/2;;DESCRICAO_AUSENTE;PENDENTE;
53;meet_and_eat;Peixes e Frutos do Mar;Polvo á Lagareira;Tentáculos de polvo cozido, Batata bolinha, Brócolis, Tomate cereja, Alho Confit, Cebola Chalota Finalizado com maionese de páprica.;232,00;true;price direto;23200;Cardápio Principal > Peixes e Frutos do Mar;6978164cedfa483a2a504f43;/body/0/menus/8/menuItems/3;;;PENDENTE;
54;meet_and_eat;Arrozes;Arroz Biro Biro;Clássico prato brasileiro, feito do nosso jeito.;48,00;true;price direto;4800;Cardápio Principal > Arrozes;659fce38769ef00072368ff3;/body/0/menus/9/menuItems/0;;;PENDENTE;
55;meet_and_eat;Arrozes;Arroz Com Brócolis e Amendoas;Arroz branco, brócolis grelhado e amendoas tostada.;46,00;true;price direto;4600;Cardápio Principal > Arrozes;6303afd6773fd5001156120f;/body/0/menus/9/menuItems/1;;;PENDENTE;
56;meet_and_eat;Arrozes;Arroz de Cupim;Arroz Arbóreo, cupim na brasa, ovo e demi galce.;58,00;true;price direto;5800;Cardápio Principal > Arrozes;67a150fea5f58458fcb9c1c8;/body/0/menus/9/menuItems/2;;;PENDENTE;
57;meet_and_eat;Risotos;Risoto Al Limone;Risoto cremoso de limão siciliano com manteiga e queijo;60,00;true;price direto;6000;Cardápio Principal > Risotos;66fbe6bf1281e98ee25d1b53;/body/0/menus/10/menuItems/0;;;PENDENTE;
58;meet_and_eat;Risotos;Risoto Funghi;Arroz italiano com mix de cogumelos e salsinha;78,00;true;price direto;7800;Cardápio Principal > Risotos;66fbe69c1281e98ee25d1804;/body/0/menus/10/menuItems/1;;;PENDENTE;
59;meet_and_eat;Risotos;Risoto Alho Poró;Arroz Arbóreo, presunto parma, queijo parmesão, manteiga e alho poró.;64,00;true;price direto;6400;Cardápio Principal > Risotos;66fbf6aa1281e98ee25e6158;/body/0/menus/10/menuItems/2;;;PENDENTE;
60;meet_and_eat;Risotos;Risoto Grana Padano;Arroz arbório, queijo grana padano e manteiga;62,00;true;price direto;6200;Cardápio Principal > Risotos;66fbe6681281e98ee25d1468;/body/0/menus/10/menuItems/3;;;PENDENTE;
61;meet_and_eat;Risotos;Risoto Carbonara;Receita italiana feita com arroz de risoto, gema caipira, pimenta preta, grana padano e finaliza com jamon serrano.;64,00;true;price direto;6400;Cardápio Principal > Risotos;66fbe74d1281e98ee25d2505;/body/0/menus/10/menuItems/4;;;PENDENTE;
62;meet_and_eat;Risotos;Risoto Gorgonzola;Arroz italiano com queijo gorgonzola e parmesão.;58,00;true;price direto;5800;Cardápio Principal > Risotos;66fbe9ee1281e98ee25d50a3;/body/0/menus/10/menuItems/5;;;PENDENTE;
63;meet_and_eat;Massas Frescas;Fetuccine Alfredo;;58,00;true;price direto;5800;Cardápio Principal > Massas Frescas;66fbea4e1281e98ee25d59bf;/body/0/menus/11/menuItems/0;;DESCRICAO_AUSENTE;PENDENTE;
64;meet_and_eat;Massas Frescas;Gnocchi Selado;Gnocchi selado na manteiga, molho de parmesão e ceboulete;62,00;true;price direto;6200;Cardápio Principal > Massas Frescas;66fbe81d1281e98ee25d3399;/body/0/menus/11/menuItems/1;;;PENDENTE;
65;meet_and_eat;Massas Frescas;Penne Carbonara;Massa de grano duro, gema caipira, queijo parmesão, pacetta curada e pimenta preta.;58,00;true;price direto;5800;Cardápio Principal > Massas Frescas;67a14d90d3e3c1d6cd546131;/body/0/menus/11/menuItems/2;;;PENDENTE;
66;meet_and_eat;Massas Frescas;Fetuccine Cogumelo;Massa fresca da casa, queijo cremoso, parmesão e mix de cogumelo.;68,00;true;price direto;6800;Cardápio Principal > Massas Frescas;67a14e3fd3e3c1d6cd5475db;/body/0/menus/11/menuItems/3;;;PENDENTE;
67;meet_and_eat;Massas Frescas;Gnocchi Meet;Gnocchi feito na casa de batata doce, com cogumelos, molho demi e azeite trufado.;64,00;true;price direto;6400;Cardápio Principal > Massas Frescas;66fefee31281e98ee2b153b7;/body/0/menus/11/menuItems/4;;;PENDENTE;
68;meet_and_eat;Massas Frescas;Gnocchi Trufado;Gnocchi de batata doce, creme de queijo e salsa trufada;66,00;true;price direto;6600;Cardápio Principal > Massas Frescas;66fbe7fe1281e98ee25d3149;/body/0/menus/11/menuItems/5;;;PENDENTE;
69;meet_and_eat;Farofas;Farofa de ovo;Refogada na manteiga, ovo, farinha de mandioca e salsinha;42,00;true;price direto;4200;Cardápio Principal > Farofas;659fcefd769ef00072369039;/body/0/menus/12/menuItems/0;;;PENDENTE;
70;meet_and_eat;Farofas;Farofa Meet;Clássica da casa, feita com farofa crocante, bacon, banana da terra e crispy de couve manteiga;48,00;true;price direto;4800;Cardápio Principal > Farofas;65cb944db4cea6006abcb864;/body/0/menus/12/menuItems/1;;;PENDENTE;
71;meet_and_eat;Batatas/Tubérnaculos;Batata Chips;Fried crunchy extra potato.;34,00;true;price direto;3400;Cardápio Principal > Batatas/Tubérnaculos;66298632e67629006bdaf6d2;/body/0/menus/13/menuItems/0;;;PENDENTE;
72;meet_and_eat;Batatas/Tubérnaculos;Batata Frita;batata extra crocante frita.;48,00;true;price direto;4800;Cardápio Principal > Batatas/Tubérnaculos;6303b103daf31500126c02f8;/body/0/menus/13/menuItems/1;;;PENDENTE;
73;meet_and_eat;Batatas/Tubérnaculos;Batata Trufada Com Parmesão;Batatas fritas com azeite trufado e parmesão.;58,00;true;price direto;5800;Cardápio Principal > Batatas/Tubérnaculos;659fcec2769ef0007236902a;/body/0/menus/13/menuItems/2;;;PENDENTE;
74;meet_and_eat;Batatas/Tubérnaculos;Pure de Mandioquinha;mandioquinha, manteiga e finalizaa com cebolete;46,00;true;price direto;4600;Cardápio Principal > Batatas/Tubérnaculos;659fcf0f769ef00072369041;/body/0/menus/13/menuItems/3;;;PENDENTE;
75;meet_and_eat;Batatas/Tubérnaculos;Pure De Batata;Purê de batata com manteiga e queijo parmesão.;38,00;true;price direto;3800;Cardápio Principal > Batatas/Tubérnaculos;659fcf25769ef00072369049;/body/0/menus/13/menuItems/4;;;PENDENTE;
76;meet_and_eat;Polentas;Polenta Frita;polenta frita da casa com parmesão;42,00;true;price direto;4200;Cardápio Principal > Polentas;678b9c19ec7376f2ea31ac22;/body/0/menus/14/menuItems/0;;;PENDENTE;
77;meet_and_eat;Legumes e Verduras;Creme De Espinafre;molho branco com espinafre gratinado com queijo;42,00;true;price direto;4200;Cardápio Principal > Legumes e Verduras;659fceac769ef0007236901e;/body/0/menus/15/menuItems/0;;;PENDENTE;
78;meet_and_eat;Legumes e Verduras;Legumes na manteiga;Mix de legumes da estação braseado com manteiga e flor de sal;44,00;true;price direto;4400;Cardápio Principal > Legumes e Verduras;66871743c26fdee10c5d047e;/body/0/menus/15/menuItems/1;;;PENDENTE;
79;meet_and_eat;Legumes e Verduras;Legumes na brasa;Mix de legumes da estação braseado, azeite de ervas e flor de sal;46,00;true;price direto;4600;Cardápio Principal > Legumes e Verduras;659fce7d769ef00072369008;/body/0/menus/15/menuItems/2;;;PENDENTE;
80;meet_and_eat;Sobremesas;Abacaxi Com Espuma De Limão Siciliano;Abacaxi com raspa de limão siciliano, mel e espuma de limão.;28,00;true;price direto;2800;Sobremesas > Sobremesas;6303ba44be84a50011885426;/body/1/menus/0/menuItems/0;;;PENDENTE;
81;meet_and_eat;Sobremesas;Banoffe;Torta de Banana com doce de leite acompanha sorvete de canela.;44,00;true;price direto;4400;Sobremesas > Sobremesas;642f409722df6f005ce0fe56;/body/1/menus/0/menuItems/1;;;PENDENTE;
82;meet_and_eat;Sobremesas;Brownie De Chocolate;Acompanha Calda de chocolate amargo e Bola de sorvete de creme.;52,00;true;price direto;5200;Sobremesas > Sobremesas;6303bb2ddaf31500126c03ad;/body/1/menus/0/menuItems/2;;;PENDENTE;
83;meet_and_eat;Sobremesas;Bolo de coco;Bolo de coco, felpudo, com calda de coco.;44,00;true;price direto;4400;Sobremesas > Sobremesas;65b81a3cc456c6007271b7cc;/body/1/menus/0/menuItems/3;;;PENDENTE;
84;meet_and_eat;Sobremesas;Choux Cream;O choux cream é uma massa típica francesa recheada com creme de baunilha e creme de avelã, sorvete de creme e calda de chocolate.;58,00;true;price direto;5800;Sobremesas > Sobremesas;6303bbe01b684f0011d08871;/body/1/menus/0/menuItems/4;;;PENDENTE;
85;meet_and_eat;Sobremesas;Pudim;pudim tradicional com calda de caramelo;32,00;true;price direto;3200;Sobremesas > Sobremesas;66bf92cb7ef1ce76c368054c;/body/1/menus/0/menuItems/5;;;PENDENTE;
86;meet_and_eat;Sobremesas;Sorvetes Tradicionais;;18,00;true;price direto;1800;Sobremesas > Sobremesas;64838d5e3309f0005319a09c;/body/1/menus/0/menuItems/6;Sabor: [sem preco proprio] -> Creme: 0,00, Canela: 0,00;ADICIONAIS_OU_SABORES | DESCRICAO_AUSENTE;PENDENTE;
87;meet_and_eat;Sobremesas;Sorvete Zero;;18,00;true;price direto;1800;Sobremesas > Sobremesas;649c6ce6a514d70055cf0441;/body/1/menus/0/menuItems/7;Sabores: [sem preco proprio] -> Doce de leite: 0,00 (desativado), Pistache: 0,00 (desativado);ADICIONAIS_OU_SABORES | TODOS_FILHOS_DA_OPCAO_DESATIVADOS | DESCRICAO_AUSENTE;PENDENTE;
88;meet_and_eat;Sobremesas;Torta de Frutas Vermelhas;Torta de frutas vermelhas desconstruída com morango, blue berry, amora e framboesa e recheio de creme legere.;58,00;true;price direto;5800;Sobremesas > Sobremesas;6303bafa1b684f0011d08857;/body/1/menus/0/menuItems/8;;;PENDENTE;
89;meet_and_eat;Sobremesas;Tour de Brigadeiros;"Composição de 5 brigadeiros, sendo eles:
- Chocolate Branco 
- Chocolate Belga Amargo 
- Chocolate Belga 
- Brullé";49,00;true;price direto;4900;Sobremesas > Sobremesas;642f41809c155f005c292c15;/body/1/menus/0/menuItems/9;;;PENDENTE;
90;meet_and_eat;Sobremesas;Cookie Nutella;Cookie de macadamia com recheio de nutella, sorvete de creme e calda de chocolate amargo.;62,00;true;price direto;6200;Sobremesas > Sobremesas;687bc79ed93eb49f2d42dd6d;/body/1/menus/0/menuItems/10;;;PENDENTE;
91;meet_and_eat;Soft;Água Pura sem gás;Água sem gás.;9,00;true;price direto;900;Bebidas > Soft;6303c7d89042650011901bd5;/body/2/menus/0/menuItems/0;300ml: 9,00;ROTULO_DE_OPCAO_FORA_DO_CSV_ORIGINAL;PENDENTE;
92;meet_and_eat;Soft;Água Pura com gás;Água com gás.;9,00;true;price direto;900;Bebidas > Soft;674e5b94973ffde090065fa1;/body/2/menus/0/menuItems/1;300ml: 9,00;ROTULO_DE_OPCAO_FORA_DO_CSV_ORIGINAL;PENDENTE;
93;meet_and_eat;Soft;San Pellegrino;Água mineral natural reforçada com gás natural da fonte.;36,00;true;price direto;3600;Bebidas > Soft;6303c80de9cb570011b65968;/body/2/menus/0/menuItems/2;505ml: 36,00;ROTULO_DE_OPCAO_FORA_DO_CSV_ORIGINAL;PENDENTE;
94;meet_and_eat;Soft;Acqua Panna;Água extremamente leve, a preferida pelas Associações de Sommeliers para acompanhar as degustações de vinhos.;36,00;true;price direto;3600;Bebidas > Soft;6303c844daf31500126c0a82;/body/2/menus/0/menuItems/3;500ml: 36,00;ROTULO_DE_OPCAO_FORA_DO_CSV_ORIGINAL;PENDENTE;
95;meet_and_eat;Soft;Água De Coco;;18,00;true;price direto;1800;Bebidas > Soft;6303d24adaf31500126c0b17;/body/2/menus/0/menuItems/4;[sem rotulo]: 18,00;DESCRICAO_AUSENTE;PENDENTE;
96;meet_and_eat;Soft;Coca-Cola;;12,00;true;price direto;1200;Bebidas > Soft;6303c86e6e7cb6001194e7c6;/body/2/menus/0/menuItems/5;[sem rotulo]: 12,00;DESCRICAO_AUSENTE;PENDENTE;
97;meet_and_eat;Soft;Coca-Cola Zero;;12,00;true;price direto;1200;Bebidas > Soft;6303c8876e7cb6001194e7cb;/body/2/menus/0/menuItems/6;[sem rotulo]: 12,00;DESCRICAO_AUSENTE;PENDENTE;
98;meet_and_eat;Soft;Guaraná;;12,00;true;price direto;1200;Bebidas > Soft;6303c8c59042650011901bdf;/body/2/menus/0/menuItems/7;[sem rotulo]: 12,00;DESCRICAO_AUSENTE;PENDENTE;
99;meet_and_eat;Soft;Guaraná Zero;;12,00;true;price direto;1200;Bebidas > Soft;6303c8f19042650011901be6;/body/2/menus/0/menuItems/8;[sem rotulo]: 12,00;DESCRICAO_AUSENTE;PENDENTE;
100;meet_and_eat;Soft;Tônica schweppes;;12,00;true;price direto;1200;Bebidas > Soft;6303c9096e7cb6001194e7d9;/body/2/menus/0/menuItems/9;[sem rotulo]: 12,00;DESCRICAO_AUSENTE;PENDENTE;
101;meet_and_eat;Soft;Red Bull Sugar Free;;22,00;true;price direto;2200;Bebidas > Soft;6303c99ccfc5af0012c2243c;/body/2/menus/0/menuItems/10;[sem rotulo]: 22,00;DESCRICAO_AUSENTE;PENDENTE;
102;meet_and_eat;Soft;Red Bull Tradicional;;22,00;true;price direto;2200;Bebidas > Soft;6303c97bcfc5af0012c22436;/body/2/menus/0/menuItems/11;[sem rotulo]: 22,00;DESCRICAO_AUSENTE;PENDENTE;
103;meet_and_eat;Soft;Red Bull  Tropical;;22,00;true;price direto;2200;Bebidas > Soft;6303c9bf773fd50011563717;/body/2/menus/0/menuItems/12;[sem rotulo]: 22,00;DESCRICAO_AUSENTE;PENDENTE;
104;meet_and_eat;Sucos Clássicos;Melancia;;18,00;true;price direto;1800;Bebidas > Sucos Clássicos;6303d2aa9042650011901c96;/body/2/menus/1/menuItems/0;350ml: 18,00;DESCRICAO_AUSENTE | ROTULO_DE_OPCAO_FORA_DO_CSV_ORIGINAL;PENDENTE;
105;meet_and_eat;Sucos Clássicos;Laranja;;19,00;true;price direto;1900;Bebidas > Sucos Clássicos;6303d2d31b684f0011d08ffe;/body/2/menus/1/menuItems/1;350ml: 19,00;DESCRICAO_AUSENTE | ROTULO_DE_OPCAO_FORA_DO_CSV_ORIGINAL;PENDENTE;
106;meet_and_eat;Sucos Clássicos;Limonada;;19,00;true;price direto;1900;Bebidas > Sucos Clássicos;6303d33d9042650011901cae;/body/2/menus/1/menuItems/2;350ml: 19,00;DESCRICAO_AUSENTE | ROTULO_DE_OPCAO_FORA_DO_CSV_ORIGINAL;PENDENTE;
107;meet_and_eat;Sucos Meet;Suco de Tomate;"Suco de tomate especial feito na casa, suco de limão, tomate cereja e azeitona.

Alérgicos contem frutos do mar.";34,00;true;price direto;3400;Bebidas > Sucos Meet;6303d3a41b684f0011d0901e;/body/2/menus/2/menuItems/0;350ml: 34,00;ROTULO_DE_OPCAO_FORA_DO_CSV_ORIGINAL;PENDENTE;
108;meet_and_eat;Sucos Meet;Uva com água de coco;;21,00;true;price direto;2100;Bebidas > Sucos Meet;64557c1c1951c40055a2ffed;/body/2/menus/2/menuItems/1;350ml: 21,00;DESCRICAO_AUSENTE | ROTULO_DE_OPCAO_FORA_DO_CSV_ORIGINAL;PENDENTE;
109;meet_and_eat;Drinks sem álcool;Pink Day;Suco de melancia, xarope de melancia, suco de limão, água com gás e espuma de gengibre.;28,00;true;price direto;2800;Bebidas > Drinks sem álcool;6317c3dead0fd60011dff7af;/body/2/menus/3/menuItems/0;[sem rotulo]: 28,00;;PENDENTE;
110;meet_and_eat;Drinks sem álcool;Raspberry Sunset;Purê de framboesa, suco de limão, extrato de gengibre e água tônica.;28,00;true;price direto;2800;Bebidas > Drinks sem álcool;6317c2a83130e30011e51608;/body/2/menus/3/menuItems/1;[sem rotulo]: 28,00;;PENDENTE;
111;meet_and_eat;Drinks sem álcool;Sweet and Sour;Suco de laranja, suco de limão, xarope de baunilha e água com gás.;28,00;true;price direto;2800;Bebidas > Drinks sem álcool;6317c46aad0fd60011dff7d3;/body/2/menus/3/menuItems/2;[sem rotulo]: 28,00;;PENDENTE;
112;meet_and_eat;Drinks sem álcool;Soda Meet;Soda de pitaya vermelha, agua de coco e uva verde gaseificada na casa.;28,00;true;price direto;2800;Bebidas > Drinks sem álcool;66b68fd11c9eeb89caf12476;/body/2/menus/3/menuItems/3;[sem rotulo]: 28,00;;PENDENTE;
113;meet_and_eat;Drinks sem álcool;Soneto de Camomila;Um chá de camomila natural, delicadamente gaseificado, que combina suavidade e frescor em cada gole. Uma bebida leve, aromática e inspiradora, perfeita para relaxar com sofisticação.;28,00;true;price direto;2800;Bebidas > Drinks sem álcool;68c30bddc0b7777bc7035498;/body/2/menus/3/menuItems/4;[sem rotulo]: 28,00;;PENDENTE;
114;meet_and_eat;Drinks Autorais;Caju Amigo Do Meet&Eat;Vodka, suco de limão, suco e compota artesanal de caju feitos na casa.;56,00;true;price direto;5600;Bebidas > Drinks Autorais;63f9350c11a5ae0051d20dc2;/body/2/menus/4/menuItems/0;[sem rotulo]: 56,00;;PENDENTE;
115;meet_and_eat;Drinks Autorais;Darkness;Gin, sumo de limão, xarope de carvão ativado, extrato de gengibre, finalizado com água tônica, borda de açúcar mascavo e flor comestível.;56,00;true;price direto;5600;Bebidas > Drinks Autorais;6304c44e1b684f0011d0afba;/body/2/menus/4/menuItems/1;[sem rotulo]: 56,00;;PENDENTE;
116;meet_and_eat;Drinks Autorais;Holy Grass;Gin em infusão de capim santo , limão, açúcar e toranja.;58,00;true;price direto;5800;Bebidas > Drinks Autorais;6304c4dc6e7cb60011950c64;/body/2/menus/4/menuItems/2;[sem rotulo]: 58,00;;PENDENTE;
117;meet_and_eat;Drinks Autorais;Summer Mule;Aperol, vodka, sumo de laranja, sumo de limão, extrato de gengibre e finalizado com espuma de gengibre.;56,00;true;price direto;5600;Bebidas > Drinks Autorais;6304c47b1b684f0011d0afc4;/body/2/menus/4/menuItems/3;[sem rotulo]: 56,00;;PENDENTE;
118;meet_and_eat;Drinks Autorais;No Name;Licor 43, extrato de gengibre, suco de limão e mel.;56,00;true;price direto;5600;Bebidas > Drinks Autorais;64cc3ed1df8c3700552df3dd;/body/2/menus/4/menuItems/4;[sem rotulo]: 56,00;;PENDENTE;
119;meet_and_eat;Drinks Autorais;Raio de Sol;Gin Bombay, xarope de abacaxi tostado com pimenta rosa, suco de graipfruit, suco de limão e açúcar.;56,00;true;price direto;5600;Bebidas > Drinks Autorais;666b73d6d91d31d1821100bb;/body/2/menus/4/menuItems/5;[sem rotulo]: 56,00;;PENDENTE;
120;meet_and_eat;Drinks Autorais;Passion Fitz;Gin Bombay, maracujá e cardamomo, limão, licor 43, angostura cacau, angostura tradicional e limão siciliano.;67,00;true;price direto;6700;Bebidas > Drinks Autorais;66886db56ececfaa513a5d78;/body/2/menus/4/menuItems/6;[sem rotulo]: 67,00;;PENDENTE;
121;meet_and_eat;Drinks Autorais;Relicario;Gin, Purê de framboesa , licor amareto , limão e cereja.;52,00;true;price direto;5200;Bebidas > Drinks Autorais;68362cf8acba6866d6dc8057;/body/2/menus/4/menuItems/7;[sem rotulo]: 52,00;;PENDENTE;
122;meet_and_eat;Drinks Autorais;Belissimo;Aperol, purê de pêssego, limão, espumante e hortelã frescas.;46,00;true;price direto;4600;Bebidas > Drinks Autorais;68362cfeacba6866d6dc80c4;/body/2/menus/4/menuItems/8;[sem rotulo]: 46,00;;PENDENTE;
123;meet_and_eat;Drinks Autorais;Aurora rosa;;67,00;true;price direto;6700;Bebidas > Drinks Autorais;6a0cc278aa8dd223509f7362;/body/2/menus/4/menuItems/9;[sem rotulo]: 67,00;DESCRICAO_AUSENTE;PENDENTE;
124;meet_and_eat;Drinks Autorais;Amaranto;;67,00;true;price direto;6700;Bebidas > Drinks Autorais;6a0cc2bfaa8dd223509f757b;/body/2/menus/4/menuItems/10;[sem rotulo]: 67,00;DESCRICAO_AUSENTE;PENDENTE;
125;meet_and_eat;Drinks Autorais;Irish sunset;;67,00;true;price direto;6700;Bebidas > Drinks Autorais;6a0cc321203b45ec8ba4485e;/body/2/menus/4/menuItems/11;[sem rotulo]: 67,00;DESCRICAO_AUSENTE;PENDENTE;
126;meet_and_eat;Drinks;Aperol Spritz;Aperol, água gaseificada, espumante e laranja.;52,00;true;price direto;5200;Bebidas > Drinks;6303dd0090426500119023ae;/body/2/menus/5/menuItems/0;[sem rotulo]: 52,00;;PENDENTE;
127;meet_and_eat;Drinks;Bloody Mary;"Vodka, suco de tomate especial feito na casa, suco de limao, tomate cereja e azeitona.

Alérgicos contem frutos do mar.";56,00;true;price direto;5600;Bebidas > Drinks;6303dcd6cfc5af0012c22bfa;/body/2/menus/5/menuItems/1;Grey Goose: 56,00;ROTULO_DE_OPCAO_FORA_DO_CSV_ORIGINAL;PENDENTE;
128;meet_and_eat;Drinks;Boulevardier;Whisky Bourbon Jim Beam, vermute tinto Carpano, Campari e Angostura orange bitter.;58,00;true;price direto;5800;Bebidas > Drinks;6304c249cfc5af0012c245e5;/body/2/menus/5/menuItems/2;[sem rotulo]: 58,00;;PENDENTE;
129;meet_and_eat;Drinks;Carajillo;Inconfundível licor 43, batido com expresso vanilla.;52,00;true;price direto;5200;Bebidas > Drinks;642775092d96d7005c09971b;/body/2/menus/5/menuItems/3;[sem rotulo]: 52,00;;PENDENTE;
130;meet_and_eat;Drinks;Cosmopolitan Meet;Vodka, coulis de framboesa, contreau e suco de limão.;56,00;true;price direto;5600;Bebidas > Drinks;6304c28b90426500119046f9;/body/2/menus/5/menuItems/4;Grey Goose: 56,00;ROTULO_DE_OPCAO_FORA_DO_CSV_ORIGINAL;PENDENTE;
131;meet_and_eat;Drinks;Dry Martini;Gin, Noily Prat e azeitona.;48,00;true;price direto;4800;Bebidas > Drinks;6307ce75b707650011f4a91a;/body/2/menus/5/menuItems/5;Bombay Sapphire: 48,00 | Hendricks: 62,00;VARIANTES_COM_PRECOS_DISTINTOS | ROTULO_DE_OPCAO_FORA_DO_CSV_ORIGINAL;PENDENTE;
132;meet_and_eat;Drinks;Espresso Martini;Vodka e café vanilla batidos com um toque de licor de rum com café.;56,00;true;price direto;5600;Bebidas > Drinks;645a487336739a00555ecb97;/body/2/menus/5/menuItems/6;Greey Goose: 56,00;ROTULO_DE_OPCAO_FORA_DO_CSV_ORIGINAL;PENDENTE;
133;meet_and_eat;Drinks;Fitzgerald;Gin, suco de limão, xarope de açúcar e angostura aromatic bitter.;58,00;true;price direto;5800;Bebidas > Drinks;6303dc21cfc5af0012c22be6;/body/2/menus/5/menuItems/7;Bombay Sapphire: 58,00 | Hendricks: 66,00;VARIANTES_COM_PRECOS_DISTINTOS | ROTULO_DE_OPCAO_FORA_DO_CSV_ORIGINAL;PENDENTE;
134;meet_and_eat;Drinks;Gimlet;Gin, limão e açucar;48,00;true;price direto;4800;Bebidas > Drinks;645a49de0653a50055dae65e;/body/2/menus/5/menuItems/8;Bombay: 48,00;ROTULO_DE_OPCAO_FORA_DO_CSV_ORIGINAL;PENDENTE;
135;meet_and_eat;Drinks;Lillet Vive;Lillet Blanc, morango, pepino, hortelã e tônica.;52,00;true;price direto;5200;Bebidas > Drinks;6303d6cf1b684f0011d09054;/body/2/menus/5/menuItems/9;[sem rotulo]: 52,00;;PENDENTE;
136;meet_and_eat;Drinks;Limoncello Spritz;Limoncello, espumante, agua com gas,  limão siciliano e hortelã.;52,00;true;price direto;5200;Bebidas > Drinks;6303dd511b684f0011d0952a;/body/2/menus/5/menuItems/10;[sem rotulo]: 52,00;;PENDENTE;
137;meet_and_eat;Drinks;Manhattan;Bourbon, vermute tinto, bitter de laranja.;58,00;true;price direto;5800;Bebidas > Drinks;6303dca7cfc5af0012c22bf5;/body/2/menus/5/menuItems/11;[sem rotulo]: 58,00;;PENDENTE;
138;meet_and_eat;Drinks;Moscow Mule;Vodka, limão, açúcar e espuma de gengibre.;56,00;true;price direto;5600;Bebidas > Drinks;6304c26dcfc5af0012c245eb;/body/2/menus/5/menuItems/12;Grey Goose: 56,00;ROTULO_DE_OPCAO_FORA_DO_CSV_ORIGINAL;PENDENTE;
139;meet_and_eat;Drinks;Margarita;Tequila,cointreau (licor de laranja), suco de limão, calda de agave e sal.;54,00;true;price direto;5400;Bebidas > Drinks;6303d7a3773fd50011563826;/body/2/menus/5/menuItems/13;Sombrero Negro: 54,00;ROTULO_DE_OPCAO_FORA_DO_CSV_ORIGINAL;PENDENTE;
140;meet_and_eat;Drinks;Mojito;Rum,suco de limão, xarope de açúcar,hortela e agua com gas .;52,00;true;price direto;5200;Bebidas > Drinks;645a509bf8307e0056c16490;/body/2/menus/5/menuItems/14;Havana 3: 52,00;ROTULO_DE_OPCAO_FORA_DO_CSV_ORIGINAL;PENDENTE;
141;meet_and_eat;Drinks;Negroni;Gin, campari, vermute tinto;58,00;true;price direto;5800;Bebidas > Drinks;6303dc439411f1001180d8f6;/body/2/menus/5/menuItems/15;Bombay Sapphire: 58,00 | Hendricks: 66,00;VARIANTES_COM_PRECOS_DISTINTOS | ROTULO_DE_OPCAO_FORA_DO_CSV_ORIGINAL;PENDENTE;
142;meet_and_eat;Drinks;Old Fashioned;Bourbon, angostura, xarope de açúcar.;58,00;true;price direto;5800;Bebidas > Drinks;6304c2a89411f1001180f183;/body/2/menus/5/menuItems/16;Jim Beam: 58,00;ROTULO_DE_OPCAO_FORA_DO_CSV_ORIGINAL;PENDENTE;
143;meet_and_eat;Drinks;Whisky Sour;Whisky Bourbon Jim Beam, suco de limão, xarope de açúcar, clara pasteurizada e aromatic bitter.;52,00;true;price direto;5200;Bebidas > Drinks;6303d672cfc5af0012c22543;/body/2/menus/5/menuItems/17;[sem rotulo]: 52,00;;PENDENTE;
144;meet_and_eat;Drinks;Amareto Sour;Amareto, suco de limão, clara pasteurizada e um toque de xarope simples.;48,00;true;price direto;4800;Bebidas > Drinks;6304c49a773fd50011566126;/body/2/menus/5/menuItems/18;[sem rotulo]: 48,00;;PENDENTE;
145;meet_and_eat;Drinks;Bombay Tonic;Gin, tônica, grapefruit e limão siciliano.;56,00;true;price direto;5600;Bebidas > Drinks;6304c5ace9cb570011b68621;/body/2/menus/5/menuItems/19;Bombay: 56,00;ROTULO_DE_OPCAO_FORA_DO_CSV_ORIGINAL;PENDENTE;
146;meet_and_eat;Drinks;Pencilin Dewar's;Whisky Dewar´s, extrato de gengibre, xarope de mel e suco de limão e whisky turfado.;58,00;true;price direto;5800;Bebidas > Drinks;66427e86fe872f00556db294;/body/2/menus/5/menuItems/20;Dewar's 12 anos: 58,00 | Dewar's 15 anos: 68,00;VARIANTES_COM_PRECOS_DISTINTOS | ROTULO_DE_OPCAO_FORA_DO_CSV_ORIGINAL;PENDENTE;
147;meet_and_eat;Drinks;Hendricks;;68,00;true;price direto;6800;Bebidas > Drinks;6304edf39411f1001180f504;/body/2/menus/5/menuItems/21;[sem rotulo]: 68,00;DESCRICAO_AUSENTE;PENDENTE;
148;meet_and_eat;Drinks;Bombay Sapphire;;48,00;true;price direto;4800;Bebidas > Drinks;6304ee09e9cb570011b68b35;/body/2/menus/5/menuItems/22;[sem rotulo]: 48,00;DESCRICAO_AUSENTE;PENDENTE;
149;meet_and_eat;Drinks;Mark Twain;Whisky Dewar's , Bitter, Xarope de açúcar e suco de limão siciliano;52,00;true;price direto;5200;Bebidas > Drinks;689f957fae2e3239f7fb4aee;/body/2/menus/5/menuItems/23;Dewar's 12 anos: 52,00 | Dewar's 15 anos: 62,00;VARIANTES_COM_PRECOS_DISTINTOS | ROTULO_DE_OPCAO_FORA_DO_CSV_ORIGINAL;PENDENTE;
150;meet_and_eat;Drinks jarras e copo;Clericot Tradicional;Frutas da estação, tempero da casa, espumante ou vinho branco.;139,00;true;price direto;13900;Bebidas > Drinks jarras e copo;6304c34d9411f1001180f19f;/body/2/menus/6/menuItems/0;[sem rotulo]: 139,00;;PENDENTE;
151;meet_and_eat;Drinks jarras e copo;Clericot Espumante;;139,00;true;price direto;13900;Bebidas > Drinks jarras e copo;65d27e5db4cea6006ac3a99e;/body/2/menus/6/menuItems/1;[sem rotulo]: 139,00;DESCRICAO_AUSENTE;PENDENTE;
152;meet_and_eat;Caipirinha;Caipiroska;Limão, 3 limões e Caju c/limão.;68,00;true;price direto;6800;Bebidas > Caipirinha;6304c5ec9411f1001180f1c2;/body/2/menus/7/menuItems/0;Grey Goose: 68,00;ROTULO_DE_OPCAO_FORA_DO_CSV_ORIGINAL;PENDENTE;
153;meet_and_eat;Caipirinha;Caipirinha;Limão, 3 limões e Caju c/limão;48,00;true;price direto;4800;Bebidas > Caipirinha;6304c91f6e7cb60011950cb5;/body/2/menus/7/menuItems/1;Famigerada: 48,00 | [sem rotulo]: 0,00;OPCAO_ZERO_SEM_ROTULO | ROTULO_DE_OPCAO_FORA_DO_CSV_ORIGINAL;PENDENTE;
154;meet_and_eat;Caipirinha;Caip Sake;Limão, 3 limões e Caju c/ limão;46,00;true;price direto;4600;Bebidas > Caipirinha;6304c8cf1b684f0011d0b01b;/body/2/menus/7/menuItems/2;Geikkeikan: 46,00;ROTULO_DE_OPCAO_FORA_DO_CSV_ORIGINAL;PENDENTE;
155;meet_and_eat;Cerveja;Baden Baden Pilsen Cristal;A Baden Baden Cristal é uma American Lager saborosa, leve e refrescante, com aroma floral do lúpulo e leve dulçor dos maltes especiais.;34,00;true;price direto;3400;Bebidas > Cerveja;6488c772027891005537e252;/body/2/menus/8/menuItems/0;[sem rotulo]: 34,00;;PENDENTE;
156;meet_and_eat;Cerveja;Blue Moon Long Neck;;33,00;true;price direto;3300;Bebidas > Cerveja;6304c9c16e7cb60011950cbf;/body/2/menus/8/menuItems/1;[sem rotulo]: 33,00;DESCRICAO_AUSENTE;PENDENTE;
157;meet_and_eat;Cerveja;Heineken 0.0 Long Neck;;22,00;true;price direto;2200;Bebidas > Cerveja;6304c971e9cb570011b6864d;/body/2/menus/8/menuItems/2;[sem rotulo]: 22,00;DESCRICAO_AUSENTE;PENDENTE;
158;meet_and_eat;Cerveja;Heineken Long Neck;;22,00;true;price direto;2200;Bebidas > Cerveja;66d8edb948a41378fd7c439d;/body/2/menus/8/menuItems/3;[sem rotulo]: 22,00;DESCRICAO_AUSENTE;PENDENTE;
159;meet_and_eat;Cerveja;Heineken ultimate;Heineken Ultimate é uma cerveja puro malte do tipo lager com 3,5% de álcool, sem glúten e com 30% menos calorias que a versão tradicional.;24,00;true;price direto;2400;Bebidas > Cerveja;69a9f3d81e03b3a7e2d46898;/body/2/menus/8/menuItems/4;330ml: 24,00;ROTULO_DE_OPCAO_FORA_DO_CSV_ORIGINAL;PENDENTE;
160;meet_and_eat;Cerveja;Eisenbahn American IPA;Eisenbahn American IPA é uma cerveja puro malte de estilo American India Pale Ale com coloração âmbar ou acobreada, teor alcoólico de 6,9% e amargor potente equilibrado por notas cítricas.;25,00;true;price direto;2500;Bebidas > Cerveja;6aa8291c1847463be0f3c531;/body/2/menus/8/menuItems/5;355ml: 25,00 | [sem rotulo]: 0,00;OPCAO_ZERO_SEM_ROTULO | ROTULO_DE_OPCAO_FORA_DO_CSV_ORIGINAL;PENDENTE;
161;meet_and_eat;Chopp;Chopp Heineken;;18,00;true;price direto;1800;Bebidas > Chopp;6304c9db904265001190475d;/body/2/menus/9/menuItems/0;[sem rotulo]: 18,00;DESCRICAO_AUSENTE;PENDENTE;
162;meet_and_eat;Chopp;Chopp Lagunitas Ipa;;28,00;true;price direto;2800;Bebidas > Chopp;6304c9f2cfc5af0012c24658;/body/2/menus/9/menuItems/1;[sem rotulo]: 28,00;DESCRICAO_AUSENTE;PENDENTE;
163;meet_and_eat;Licor;Baileys;Creme de whisky com cacau e baunilha.;36,00;true;price direto;3600;Bebidas > Licor;6304ca3d1b684f0011d0b031;/body/2/menus/10/menuItems/0;[sem rotulo]: 36,00;;PENDENTE;
164;meet_and_eat;Licor;Ballena;Licor de morango com base de tequila.;38,00;true;price direto;3800;Bebidas > Licor;6304cad76e7cb60011950cc9;/body/2/menus/10/menuItems/1;[sem rotulo]: 38,00;;PENDENTE;
165;meet_and_eat;Licor;Cointreau;Licor de laranja.;36,00;true;price direto;3600;Bebidas > Licor;6304ca281b684f0011d0b02c;/body/2/menus/10/menuItems/2;[sem rotulo]: 36,00;;PENDENTE;
166;meet_and_eat;Licor;Drambuie;Licor de whisky mel e especiarias.;38,00;true;price direto;3800;Bebidas > Licor;6304ca87904265001190476e;/body/2/menus/10/menuItems/3;[sem rotulo]: 38,00;;PENDENTE;
167;meet_and_eat;Licor;Heering;Licor fino de cereja.;42,00;true;price direto;4200;Bebidas > Licor;6304cb35904265001190477b;/body/2/menus/10/menuItems/4;[sem rotulo]: 42,00;;PENDENTE;
168;meet_and_eat;Licor;Jägermeister;Jägermeister é uma bebida composto de 56 ervas, frutas, raízes e temperos produzida na Alemanha desde 1935. É o nono destilado mais consumido no mundo.;36,00;true;price direto;3600;Bebidas > Licor;6389f8e916a302004ae877d2;/body/2/menus/10/menuItems/5;[sem rotulo]: 36,00;;PENDENTE;
169;meet_and_eat;Licor;Licor 43;43 especiarias mais acentuado em baunilha e laranja.;42,00;true;price direto;4200;Bebidas > Licor;6304caabdaf31500126c2d9d;/body/2/menus/10/menuItems/6;[sem rotulo]: 42,00;;PENDENTE;
170;meet_and_eat;Licor;Limoncello;Licor de limão siciliano.;36,00;true;price direto;3600;Bebidas > Licor;6304cac29042650011904774;/body/2/menus/10/menuItems/7;[sem rotulo]: 36,00;;PENDENTE;
171;meet_and_eat;Licor;Ballena caramelo;Tequila, chocolate e caramelo.;38,00;true;price direto;3800;Bebidas > Licor;66db1d7c4de057d32f5f6abc;/body/2/menus/10/menuItems/8;[sem rotulo]: 38,00;;PENDENTE;
172;meet_and_eat;Licor;Ballena Coco;Strawberry liqueur based on tequila.;38,00;true;price direto;3800;Bebidas > Licor;698e12c41909443c72183b45;/body/2/menus/10/menuItems/9;[sem rotulo]: 38,00;;PENDENTE;
173;meet_and_eat;Chás e Cafés;Espresso;Espresso ristretto, decaffeinato ou vanilla.;12,00;true;price direto;1200;Bebidas > Chás e Cafés;6304cbc56e7cb60011950ce7;/body/2/menus/11/menuItems/0;[sem rotulo]: 12,00;;PENDENTE;
174;meet_and_eat;Chás e Cafés;Macchiato;;16,00;true;price direto;1600;Bebidas > Chás e Cafés;6304cc00be84a50011887f10;/body/2/menus/11/menuItems/1;[sem rotulo]: 16,00;DESCRICAO_AUSENTE;PENDENTE;
175;meet_and_eat;Chás e Cafés;Chá De Hortelã;;10,00;true;price direto;1000;Bebidas > Chás e Cafés;6304cc156e7cb60011950cec;/body/2/menus/11/menuItems/2;[sem rotulo]: 10,00;DESCRICAO_AUSENTE;PENDENTE;
176;meet_and_eat;Chás e Cafés;Chá de Capim Limão;;10,00;true;price direto;1000;Bebidas > Chás e Cafés;645bf3f856f185005ad6cb16;/body/2/menus/11/menuItems/3;[sem rotulo]: 10,00;DESCRICAO_AUSENTE;PENDENTE;
177;meet_and_eat;Scotch Whisky;Dewar's 12 Anos;O Dewar’s 12 anos é um blended whisky leve e adocicado, que leva como base o single malt Aberfeldy.;52,00;true;price direto;5200;Bebidas > Scotch Whisky;63a1f0585def5d00522d69c0;/body/2/menus/12/menuItems/0;[sem rotulo]: 52,00;;PENDENTE;
178;meet_and_eat;Scotch Whisky;Dewar's 15 Anos;É um produto de até 40 uísques diferentes e é envelhecido em ambos ex-bourbon ou ex-sherry antes de serem misturados todos juntos em cascos de carvalho para casar com o uísque.;62,00;true;price direto;6200;Bebidas > Scotch Whisky;63a1f09d5def5d00522d69c5;/body/2/menus/12/menuItems/1;[sem rotulo]: 62,00;;PENDENTE;
179;meet_and_eat;Scotch Whisky;Chivas 12;;50,00;true;price direto;5000;Bebidas > Scotch Whisky;6304e42d1b684f0011d0b6d8;/body/2/menus/12/menuItems/2;[sem rotulo]: 50,00;DESCRICAO_AUSENTE;PENDENTE;
180;meet_and_eat;Scotch Whisky;Black Label;;52,00;true;price direto;5200;Bebidas > Scotch Whisky;6304e44a90426500119049bf;/body/2/menus/12/menuItems/3;[sem rotulo]: 52,00;DESCRICAO_AUSENTE;PENDENTE;
181;meet_and_eat;Scotch Whisky;Gold Label;;68,00;true;price direto;6800;Bebidas > Scotch Whisky;6304e4e7e9cb570011b68890;/body/2/menus/12/menuItems/4;[sem rotulo]: 68,00;DESCRICAO_AUSENTE;PENDENTE;
182;meet_and_eat;Scotch Whisky;Chivas 18 anos;Whisky Chivas Regal 18 anos 750 ml. Lançado em 1997, este uísque é feito a partir da combinação dos mais puros uísques de grãos e maltes, cada um deles, envelhecido em barris especiais de carvalho por 18 anos ou mais.;98,00;true;price direto;9800;Bebidas > Scotch Whisky;6389fdb716a302004ae87822;/body/2/menus/12/menuItems/5;[sem rotulo]: 98,00;;PENDENTE;
183;meet_and_eat;Scotch Whisky;Blue Label;;198,00;true;price direto;19800;Bebidas > Scotch Whisky;6304e4a7773fd50011566875;/body/2/menus/12/menuItems/6;[sem rotulo]: 198,00;DESCRICAO_AUSENTE;PENDENTE;
184;meet_and_eat;Irish Whiskey;Jameson;;45,00;true;price direto;4500;Bebidas > Irish Whiskey;6304e51fcfc5af0012c24892;/body/2/menus/13/menuItems/0;[sem rotulo]: 45,00;DESCRICAO_AUSENTE;PENDENTE;
185;meet_and_eat;Bourbon Whisky;Jack Daniels;;45,00;true;price direto;4500;Bebidas > Bourbon Whisky;6304e59b6e7cb60011950f06;/body/2/menus/14/menuItems/0;[sem rotulo]: 45,00;DESCRICAO_AUSENTE;PENDENTE;
186;meet_and_eat;Bourbon Whisky;Maker's Mark;O Maker's Mark é um bourbon produzido em pequenas quantidades na cidade de Loretto, Kentucky, foi lançado em 1954. O prédio da destilaria foi tombado como local histórico no ano de 1980 e hoje é bastante visitado por turistas e apreciadores de uísque.;52,00;true;price direto;5200;Bebidas > Bourbon Whisky;6304e57ae9cb570011b688a3;/body/2/menus/14/menuItems/1;[sem rotulo]: 52,00;;PENDENTE;
187;meet_and_eat;Bourbon Whisky;Jim Beam Black;;52,00;true;price direto;5200;Bebidas > Bourbon Whisky;6304e5cd1b684f0011d0b708;/body/2/menus/14/menuItems/2;[sem rotulo]: 52,00;DESCRICAO_AUSENTE;PENDENTE;
188;meet_and_eat;Bourbon Whisky;Bulleit Bourbon Whisky;;62,00;true;price direto;6200;Bebidas > Bourbon Whisky;6304e5f2e9cb570011b688bc;/body/2/menus/14/menuItems/3;[sem rotulo]: 62,00;DESCRICAO_AUSENTE;PENDENTE;
189;meet_and_eat;Bourbon Whisky;Gentleman Jack;;68,00;true;price direto;6800;Bebidas > Bourbon Whisky;6304e98cbe84a500118887ce;/body/2/menus/14/menuItems/4;[sem rotulo]: 68,00;DESCRICAO_AUSENTE;PENDENTE;
190;meet_and_eat;Single Malt Whisky;Glenlivet Founder's Reserve;;78,00;true;price direto;7800;Bebidas > Single Malt Whisky;6304e9db9042650011904a6d;/body/2/menus/15/menuItems/0;[sem rotulo]: 78,00;DESCRICAO_AUSENTE;PENDENTE;
191;meet_and_eat;Single Malt Whisky;Glenlivet 15 Anos;;98,00;true;price direto;9800;Bebidas > Single Malt Whisky;6304e9f46e7cb60011950f78;/body/2/menus/15/menuItems/1;[sem rotulo]: 98,00;DESCRICAO_AUSENTE;PENDENTE;
192;meet_and_eat;Single Malt Whisky;Glenlivet 18 Anos;;148,00;true;price direto;14800;Bebidas > Single Malt Whisky;6304ea2ee9cb570011b68ae0;/body/2/menus/15/menuItems/2;[sem rotulo]: 148,00;DESCRICAO_AUSENTE;PENDENTE;
193;meet_and_eat;Single Malt Whisky;Macallan 15 Anos;;457,00;true;price direto;45700;Bebidas > Single Malt Whisky;67182605cd84ed5551092a7a;/body/2/menus/15/menuItems/3;[sem rotulo]: 457,00;DESCRICAO_AUSENTE;PENDENTE;
194;meet_and_eat;Single Malt Whisky;Macallan 18 Anos;;680,00;true;price direto;68000;Bebidas > Single Malt Whisky;67182631cd84ed55510935d0;/body/2/menus/15/menuItems/4;[sem rotulo]: 680,00;DESCRICAO_AUSENTE;PENDENTE;
195;meet_and_eat;Whisky Japonese;The chita single grain;;132,00;true;price direto;13200;Bebidas > Whisky Japonese;671827cbcd84ed5551099b9d;/body/2/menus/16/menuItems/0;[sem rotulo]: 132,00;DESCRICAO_AUSENTE;PENDENTE;
196;meet_and_eat;Whisky Japonese;The hakushu single malt;;233,00;true;price direto;23300;Bebidas > Whisky Japonese;671827cbcd84ed5551099ba2;/body/2/menus/16/menuItems/1;[sem rotulo]: 233,00;DESCRICAO_AUSENTE;PENDENTE;
197;meet_and_eat;Whisky Japonese;The yamazaki single malt;;255,00;true;price direto;25500;Bebidas > Whisky Japonese;671827cbcd84ed5551099ba7;/body/2/menus/16/menuItems/2;[sem rotulo]: 255,00;DESCRICAO_AUSENTE;PENDENTE;
198;meet_and_eat;Whisky Japonese;Hibiki suntory;;177,00;true;price direto;17700;Bebidas > Whisky Japonese;6718291ccd84ed55510a0407;/body/2/menus/16/menuItems/3;[sem rotulo]: 177,00;DESCRICAO_AUSENTE;PENDENTE;
199;meet_and_eat;Cognac & Brandy;Hennessy Vsop;;168,00;true;price direto;16800;Bebidas > Cognac & Brandy;6304eaa31b684f0011d0b7ac;/body/2/menus/17/menuItems/0;[sem rotulo]: 168,00;DESCRICAO_AUSENTE;PENDENTE;
200;meet_and_eat;Rum & Cachaça;Anísio Santiago;;99,00;true;price direto;9900;Bebidas > Rum & Cachaça;6304eb62773fd5001156694d;/body/2/menus/18/menuItems/0;[sem rotulo]: 99,00;DESCRICAO_AUSENTE;PENDENTE;
201;meet_and_eat;Rum & Cachaça;Appleton Estate;;68,00;true;price direto;6800;Bebidas > Rum & Cachaça;6304eb0bdaf31500126c30ad;/body/2/menus/18/menuItems/1;[sem rotulo]: 68,00;DESCRICAO_AUSENTE;PENDENTE;
202;meet_and_eat;Rum & Cachaça;Espírito De Minas;;46,00;true;price direto;4600;Bebidas > Rum & Cachaça;6304eb41be84a50011888826;/body/2/menus/18/menuItems/2;[sem rotulo]: 46,00;DESCRICAO_AUSENTE;PENDENTE;
203;meet_and_eat;Rum & Cachaça;Famigerada;;36,00;true;price direto;3600;Bebidas > Rum & Cachaça;645c02cf36739a00555ef105;/body/2/menus/18/menuItems/3;[sem rotulo]: 36,00;DESCRICAO_AUSENTE;PENDENTE;
204;meet_and_eat;Rum & Cachaça;Havana 3 Anos;;38,00;true;price direto;3800;Bebidas > Rum & Cachaça;6304eaeb773fd50011566948;/body/2/menus/18/menuItems/4;[sem rotulo]: 38,00;DESCRICAO_AUSENTE;PENDENTE;
205;meet_and_eat;Rum & Cachaça;Havana 7 Anos;;68,00;true;price direto;6800;Bebidas > Rum & Cachaça;6304ead9773fd50011566939;/body/2/menus/18/menuItems/5;[sem rotulo]: 68,00;DESCRICAO_AUSENTE;PENDENTE;
206;meet_and_eat;Tequila;Clase Azul Tequila;"CLASSE AZUL REPOSADO
Clase Azul Tequila - uma garrafa de verdadeira arte.
Todas as garrafas da destilaria Clase Azul são formadas à mão e pintadas individualmente - não há duas garrafas iguais.

A Tequila Clase Azul REPOSADO é uma Tequila Ultra Premium, produzida a partir da Blue Weberagave.";5000,00;true;price direto;500000;Bebidas > Tequila;6304ef0a9411f1001180f520;/body/2/menus/19/menuItems/0;[sem rotulo]: 5000,00;;PENDENTE;
207;meet_and_eat;Tequila;Don Julio Blanca;;98,00;true;price direto;9800;Bebidas > Tequila;6748b346973ffde09077cf81;/body/2/menus/19/menuItems/1;[sem rotulo]: 98,00;DESCRICAO_AUSENTE;PENDENTE;
208;meet_and_eat;Champagnes;Veuve Clicquot Brut;De coloração palha, com borbulhas finas e intensas e aromas finos de maçã, pera madura, flores brancas, brioche e tostado. Em boca apresenta muita elegância, com final longo e mineral.;990,00;true;opcao ativa unica;99000;Carta de Vinhos > Champagnes;6304cf05773fd500115661eb;/body/3/menus/0/menuItems/0;[sem rotulo]: 990,00;PRECO_EM_OPCAO;PENDENTE;
209;meet_and_eat;Champagnes;Pol Roger;"O sofisticado Pol Roger Brut foi o Champagne escolhido para nada menos que os dois últimos casamentos reais da coroa britânica. Apontado como ""a escolha dos especialistas"", é um Champagne de muita classe e complexidade, que envelhece longos anos nas frias caves de Pol Roger. É um assemblage de vinhos elaborados com uvas colhidas em grande parte de vinhedos Grand Cru e Premier Cru, com adição de 25% de vinhos reserva, de safras antigas. Sem dúvida, uma grande referência em Champagne.";1500,00;true;opcao ativa unica;150000;Carta de Vinhos > Champagnes;68e7c89475a10b7f7e2374e2;/body/3/menus/0/menuItems/1;[sem rotulo]: 1500,00;PRECO_EM_OPCAO;PENDENTE;
210;meet_and_eat;Champagnes;Louis Roederer Cristal;Sua cor é dourada e brilhante. Espuma branca, vivíssima e evanescente. Perlage fino e persistente. Bouquet pronunciado de extraordinária elegância. Exala amêndoa e flores brancas. Sabor seco, untuoso, elegante e harmônico com aristocrático fundo de amêndoa tostada.;7400,00;true;opcao ativa unica;740000;Carta de Vinhos > Champagnes;68e7ca1975a10b7f7e23b5a3;/body/3/menus/0/menuItems/2;[sem rotulo]: 7400,00;PRECO_EM_OPCAO;PENDENTE;
211;meet_and_eat;Champagnes;Dom Pérignon Vintage;"Elaborado apenas em safras excepcionais, Dom Pérignon é produzido com as uvas mais nobres da região de Champagne, seguindo um processo artesanal que reflete o legado de Dom Pierre Pérignon, o monge visionário do século XVII que buscava criar ""o melhor vinho do mundo"". A versão Luminous une o luxo sensorial ao visual, conquistando desde conhecedores exigentes até celebridades e festas exclusivas.";3900,00;true;opcao ativa unica;390000;Carta de Vinhos > Champagnes;6a9c80be15a8adbc6599c762;/body/3/menus/0/menuItems/3;[sem rotulo]: 3900,00;PRECO_EM_OPCAO;PENDENTE;
212;meet_and_eat;Espumante;Vallontano Lh Zanini Extra Brut;É o primeiro espumante artesanal brasileiro de autor. Elaborado pelo método champenoise, é produzido em uma quantidade limitada de 2.500 garrafas.;380,00;true;opcao ativa unica;38000;Carta de Vinhos > Espumante;672fd432eae94ac362137251;/body/3/menus/1/menuItems/0;[sem rotulo]: 380,00;PRECO_EM_OPCAO;PENDENTE;
213;meet_and_eat;Espumante;Blanc Des Blancs Comte d'Ormont Brut;Espumante de excepcional relação qualidade/preço, assinado por Guy Saget, um dos grandes nomes do Loire. Bastante aromático e fresco, com ótima acidez e muito agradável.;265,00;true;opcao ativa unica;26500;Carta de Vinhos > Espumante;68e7cc8475a10b7f7e244735;/body/3/menus/1/menuItems/1;[sem rotulo]: 265,00;PRECO_EM_OPCAO;PENDENTE;
214;meet_and_eat;Vinho Branco;Santa Magdalena Reserva Chardonnay;Aroma intenso e um paladar marcante. De origem chilena, o vinho é marcado pelo seu sabor acido e persistente, com textura macia e untuosa. Já o seu aroma possui toques de mineiras e notas cítricas das frutas maduras tropicais que conferem ao olfato uma sensação única e indescritível.;210,00;true;opcao ativa unica;21000;Carta de Vinhos > Vinho Branco;64a061636c89f1005337d03c;/body/3/menus/2/menuItems/0;[sem rotulo]: 210,00;PRECO_EM_OPCAO | NOME_REPETIDO_EM_OUTRA_CATEGORIA;PENDENTE;
215;meet_and_eat;Vinho Branco;Catena Zapata Chardonay;;340,00;true;opcao ativa unica;34000;Carta de Vinhos > Vinho Branco;672545b5eae94ac362462516;/body/3/menus/2/menuItems/1;[sem rotulo]: 340,00;PRECO_EM_OPCAO | DESCRICAO_AUSENTE;PENDENTE;
216;meet_and_eat;Vinho Branco;Los vascos sauvignon blanc;;215,00;true;opcao ativa unica;21500;Carta de Vinhos > Vinho Branco;67254768eae94ac3624721a7;/body/3/menus/2/menuItems/2;[sem rotulo]: 215,00;PRECO_EM_OPCAO | DESCRICAO_AUSENTE;PENDENTE;
217;meet_and_eat;Vinho Branco;Pinot Grigio Delle Venezie DOC;O Pinot Grigio Campagnola é um delicioso vinho leve, com ótimo frescor e presença na boca, num estilo que te convida ao próximo gole. Perfeito para ser tomado como aperitivo ou para combinar com saladas, peixes e frutos do mar.;245,00;true;opcao ativa unica;24500;Carta de Vinhos > Vinho Branco;67254a99eae94ac362496677;/body/3/menus/2/menuItems/3;[sem rotulo]: 245,00;PRECO_EM_OPCAO;PENDENTE;
218;meet_and_eat;Vinho Branco;Joseph Drouhin Chadonnay;;720,00;true;opcao ativa unica;72000;Carta de Vinhos > Vinho Branco;672fcec8eae94ac3620fe7e5;/body/3/menus/2/menuItems/4;[sem rotulo]: 720,00;PRECO_EM_OPCAO | DESCRICAO_AUSENTE;PENDENTE;
219;meet_and_eat;Vinho Branco;Chablis Cuvee Tete D'or;;1200,00;true;opcao ativa unica;120000;Carta de Vinhos > Vinho Branco;672fd1c8eae94ac36211b0ce;/body/3/menus/2/menuItems/5;[sem rotulo]: 1200,00;PRECO_EM_OPCAO | DESCRICAO_AUSENTE;PENDENTE;
220;meet_and_eat;Vinho Branco;Uxmal chardonnay;;190,00;true;opcao ativa unica;19000;Carta de Vinhos > Vinho Branco;672fd76deae94ac36215cf6d;/body/3/menus/2/menuItems/6;[sem rotulo]: 190,00;PRECO_EM_OPCAO | DESCRICAO_AUSENTE;PENDENTE;
221;meet_and_eat;Vinho Branco;Guy Saget Sancerre;;950,00;true;opcao ativa unica;95000;Carta de Vinhos > Vinho Branco;672fd98daf94e8de93d4125f;/body/3/menus/2/menuItems/7;[sem rotulo]: 950,00;PRECO_EM_OPCAO | DESCRICAO_AUSENTE;PENDENTE;
222;meet_and_eat;Vinho Branco;Luis Pato Maria Gomes;A uva Maria Gomes é um dos maiores achados do vinho português, originando brancos incrivelmente frescos e aromáticos. Um vinho leve, com atraentes notas florais, perfeito para ser bebido como aperitivo ou na companhia de peixes e mariscos, com a assinatura do genial Luis Pato.;240,00;true;opcao ativa unica;24000;Carta de Vinhos > Vinho Branco;673120edeae94ac36297e8d6;/body/3/menus/2/menuItems/8;[sem rotulo]: 240,00;PRECO_EM_OPCAO;PENDENTE;
223;meet_and_eat;Vinho Branco;Alamos Torrontés;Alamos Torrontés é, sem dúvida, um dos melhores vinhos elaborados com esta casta. A safra de 2022 recebeu 90 pontos de Robert Parker. Rico e aromático, com ótimo frescor e elegância, é elaborado com uvas de vinhedos plantados na região de Salta.;225,00;true;opcao ativa unica;22500;Carta de Vinhos > Vinho Branco;6803c3fb46dc5cd01127d252;/body/3/menus/2/menuItems/9;[sem rotulo]: 225,00;PRECO_EM_OPCAO | NOME_REPETIDO_EM_OUTRA_CATEGORIA;PENDENTE;
224;meet_and_eat;Vinho Branco;Gaierhof Doc;;265,00;true;opcao ativa unica;26500;Carta de Vinhos > Vinho Branco;6a8895e6dc1e72be988e0754;/body/3/menus/2/menuItems/10;[sem rotulo]: 265,00;PRECO_EM_OPCAO | DESCRICAO_AUSENTE;PENDENTE;
225;meet_and_eat;Vinho Branco;Studio by Miraval IGP Mediterranee;Studio Miraval branco é um delicioso tributo à uva Rolle, chamada na Itália de Vermentino. O vinho é elaborado com uma pequena parcela que circunda o histórico estúdio e outra aos pés da famosa montanha de Cézanne. Mineral e muito expressivo, é cítrico e fresco no palato, com uma destacada nota salina. Uma bela surpresa, que é uma companhia perfeita para peixes e frutos do mar!;500,00;true;opcao ativa unica;50000;Carta de Vinhos > Vinho Branco;6aa04bdb9e04a5c5b2866513;/body/3/menus/2/menuItems/11;[sem rotulo]: 500,00;PRECO_EM_OPCAO;PENDENTE;
226;meet_and_eat;Vinho Rose;Chiaretto di Bardolino;;220,00;true;opcao ativa unica;22000;Carta de Vinhos > Vinho Rose;672fe04eeae94ac3621e1415;/body/3/menus/3/menuItems/0;[sem rotulo]: 220,00;PRECO_EM_OPCAO | DESCRICAO_AUSENTE;PENDENTE;
227;meet_and_eat;Vinho Rose;Bayanegra Rosé;O Bayanegra Rosé 2021 é produzido com a uva Tempranillo, cultivada a 800 metros de altitude, na região vitivinícola de Castilla-La Mancha, na Espanha. As uvas são prensadas inteiras. A fermentação alcoólica ocorre em tanques de aço inox sob temperatura controlada. O vinho não estagia em madeira para manter o frescor e os aromas.;200,00;true;opcao ativa unica;20000;Carta de Vinhos > Vinho Rose;672fe250eae94ac362207651;/body/3/menus/3/menuItems/1;[sem rotulo]: 200,00;PRECO_EM_OPCAO;PENDENTE;
228;meet_and_eat;Vinho Rose;La Petite Perriere;;300,00;true;opcao ativa unica;30000;Carta de Vinhos > Vinho Rose;672fe41beae94ac36222b6b7;/body/3/menus/3/menuItems/2;[sem rotulo]: 300,00;PRECO_EM_OPCAO | DESCRICAO_AUSENTE;PENDENTE;
229;meet_and_eat;Vinho Rose;Altano douro;;360,00;true;opcao ativa unica;36000;Carta de Vinhos > Vinho Rose;672fe595eae94ac362249500;/body/3/menus/3/menuItems/3;[sem rotulo]: 360,00;PRECO_EM_OPCAO | DESCRICAO_AUSENTE;PENDENTE;
230;meet_and_eat;Vinho Rose;Miraval rosé;;850,00;true;opcao ativa unica;85000;Carta de Vinhos > Vinho Rose;672fe6e7eae94ac362260cb7;/body/3/menus/3/menuItems/4;[sem rotulo]: 850,00;PRECO_EM_OPCAO | DESCRICAO_AUSENTE;PENDENTE;
231;meet_and_eat;Vinho Rose;Kabbalah Rose;Jovem, frutado e refrescante, o Vinho Kabbalah Seleção Especial Rosé agrada todos os tipos de públicos. Sua versatilidade e equilíbrio o tornam um vinho ideal para qualquer ocasião, podendo ser apreciado sozinho ou harmonizado. No paladar, um sabor frutado, leve e persistente. No olfato, um aroma doce de morango, framboesa e um toque floral. A aparência do vinho é impecável, a cor rosa salmão é delicada e chamativa.;189,00;true;opcao ativa unica;18900;Carta de Vinhos > Vinho Rose;69e280812b689af348d5e088;/body/3/menus/3/menuItems/5;[sem rotulo]: 189,00;PRECO_EM_OPCAO;PENDENTE;
232;meet_and_eat;Vinho Rose;Los Vascos Rosé;;215,00;true;opcao ativa unica;21500;Carta de Vinhos > Vinho Rose;6a87974de740a15c2cd1ea3d;/body/3/menus/3/menuItems/6;[sem rotulo]: 215,00;PRECO_EM_OPCAO | DESCRICAO_AUSENTE;PENDENTE;
233;meet_and_eat;Vinho Tinto;Chacayes;;1690,00;true;opcao ativa unica;169000;Carta de Vinhos > Vinho Tinto;6696f70d959be2a8baad56e5;/body/3/menus/4/menuItems/0;[sem rotulo]: 1690,00;PRECO_EM_OPCAO | DESCRICAO_AUSENTE;PENDENTE;
234;meet_and_eat;Vinho Tinto;Château Petit Boyer;Nariz muito fino a frutos vermelhos maduros que remetem a cassis, amora e cereja, com um leve toque de torrefação proveniente dos seus 10 meses de estágio em barril francês. Na boca: redondo, flexível , frutado e bom equilíbrio.;220,00;true;opcao ativa unica;22000;Carta de Vinhos > Vinho Tinto;63374daa1a69000011b51149;/body/3/menus/4/menuItems/1;[sem rotulo]: 220,00;PRECO_EM_OPCAO;PENDENTE;
235;meet_and_eat;Vinho Tinto;Santa Magdalena Reserva Cabernet Sauvignon 2024;De origem chilena, o vinho Santa Magdalena Reserva Cabernet Sauvignon possui coloração rubi intensa e um aroma de frutas maduras, como cereja, groselha e amora. Além disso, o toque defumado e as notas de cedro deixam um fundo marcante e inigualável no paladar. Vinho tinto concentrado com taninos aveludados e um final longo e persistente. Produzidos com uvas Cabernet Sauvignon selecionadas proporcionando intensidade a bebida.;180,00;true;opcao ativa unica;18000;Carta de Vinhos > Vinho Tinto;64443bf10653a50055d8f4e3;/body/3/menus/4/menuItems/2;[sem rotulo]: 180,00;PRECO_EM_OPCAO;PENDENTE;
236;meet_and_eat;Vinho Tinto;Santa Magdalena Reserva Syrah;;200,00;true;opcao ativa unica;20000;Carta de Vinhos > Vinho Tinto;656a536f46a1df005b6e047b;/body/3/menus/4/menuItems/3;[sem rotulo]: 200,00;PRECO_EM_OPCAO | DESCRICAO_AUSENTE;PENDENTE;
237;meet_and_eat;Vinho Tinto;Catena Zapata Angelica Zapata Cabernet Franc Alta;Elaborado com uvas dos vinhedos Altamira e La Pirámide, de baixíssimos rendimentos, mostra um estilo que lembra alguns dos famosos vinhos de St Emilion em Bordeaux, com uma pronunciada elegância. Um vinho de longa guarda, que deve ficar ainda mais fino após alguns anos em garrafa.;600,00;true;opcao ativa unica;60000;Carta de Vinhos > Vinho Tinto;67254f95eae94ac3624cf5c2;/body/3/menus/4/menuItems/4;[sem rotulo]: 600,00;PRECO_EM_OPCAO;PENDENTE;
238;meet_and_eat;Vinho Tinto;JACOPO BIONDI SANTI SASSOALORO;;780,00;true;opcao ativa unica;78000;Carta de Vinhos > Vinho Tinto;67264e53eae94ac3629342df;/body/3/menus/4/menuItems/5;[sem rotulo]: 780,00;PRECO_EM_OPCAO | DESCRICAO_AUSENTE;PENDENTE;
239;meet_and_eat;Vinho Tinto;Pisano Rpf Petit Verdot;Grande sucesso de Pisano, este varietal de Petit Verdot é complexo e concentrado, mostrando todo o potencial desta grande uva que raramente é majoritária. O bouquet é exuberante e fino. Na boca, mostra potência e elegância.;415,00;true;opcao ativa unica;41500;Carta de Vinhos > Vinho Tinto;672e8d35eae94ac3629fd6a0;/body/3/menus/4/menuItems/6;[sem rotulo]: 415,00;PRECO_EM_OPCAO;PENDENTE;
240;meet_and_eat;Vinho Tinto;Clos Apalta;;3570,00;true;opcao ativa unica;357000;Carta de Vinhos > Vinho Tinto;672f8431eae94ac362d982d5;/body/3/menus/4/menuItems/7;[sem rotulo]: 3570,00;PRECO_EM_OPCAO | DESCRICAO_AUSENTE;PENDENTE;
241;meet_and_eat;Vinho Tinto;Brunello Di Montalcino Gaja;;2500,00;true;opcao ativa unica;250000;Carta de Vinhos > Vinho Tinto;672f869ceae94ac362dc0f9d;/body/3/menus/4/menuItems/8;[sem rotulo]: 2500,00;PRECO_EM_OPCAO | DESCRICAO_AUSENTE;PENDENTE;
242;meet_and_eat;Vinho Tinto;Catena Zapata Estiba Reservada;Tinto cultuado, produzido apenas em anos excepcionais, com uma seleção rigorosa das melhores uvas Cabernet Sauvignon, o Catena Zapata Estiba Reservada é, sem dúvida, um dos melhores tintos da Argentina. Mostra uma classe e elegância fora de série. Para Parker, é um vinho maravilhoso que merece ser comparado aos melhores Cabernet Sauvignon do Napa Valley. Maturado 24 meses em barricas novas de carvalho francês (Taransauld).;4560,00;true;opcao ativa unica;456000;Carta de Vinhos > Vinho Tinto;672f87a7332fc70f16ae2a23;/body/3/menus/4/menuItems/9;[sem rotulo]: 4560,00;PRECO_EM_OPCAO;PENDENTE;
243;meet_and_eat;Vinho Tinto;Alión Ribera del Duero;;2980,00;true;opcao ativa unica;298000;Carta de Vinhos > Vinho Tinto;672f8987eae94ac362de5a3f;/body/3/menus/4/menuItems/10;[sem rotulo]: 2980,00;PRECO_EM_OPCAO | DESCRICAO_AUSENTE;PENDENTE;
244;meet_and_eat;Vinho Tinto;Pintia;"O fantástico Pintia é o grande tinto elaborado por Vega Sicilia na emergente região do Toro. Logo em sua primeira safra, já recebeu 95 pontos de Robert Parker e muitos elogios de Jancis Robinson, que o indicou como o melhor vinho do Toro que já provou. Poderoso e encorpado, mas com classe e elegância, ""um punho de aço em luvas de seda"", nas palavras de Steven Spurrier.";2370,00;true;opcao ativa unica;237000;Carta de Vinhos > Vinho Tinto;672f8cc6eae94ac362e0b0ff;/body/3/menus/4/menuItems/11;[sem rotulo]: 2370,00;PRECO_EM_OPCAO;PENDENTE;
245;meet_and_eat;Vinho Tinto;Caymus cabernet sauvignon;;2580,00;true;opcao ativa unica;258000;Carta de Vinhos > Vinho Tinto;672f8e1c2cce05a07923640d;/body/3/menus/4/menuItems/12;[sem rotulo]: 2580,00;PRECO_EM_OPCAO | DESCRICAO_AUSENTE;PENDENTE;
246;meet_and_eat;Vinho Tinto;Amayna Syrah;;650,00;true;opcao ativa unica;65000;Carta de Vinhos > Vinho Tinto;672f93a7eae94ac362e68f2a;/body/3/menus/4/menuItems/13;[sem rotulo]: 650,00;PRECO_EM_OPCAO | DESCRICAO_AUSENTE;PENDENTE;
247;meet_and_eat;Vinho Tinto;Meandro do Vale Meão;Em boca, é um Vinho Tinto fresco e complexo, contando com um final longo e persistente. Esse é um rótulo que goza de um ótimo potencial de guarda, podendo envelhecer na garrafa por até uma década!;590,00;true;opcao ativa unica;59000;Carta de Vinhos > Vinho Tinto;672f94b3eae94ac362e7e42c;/body/3/menus/4/menuItems/14;[sem rotulo]: 590,00;PRECO_EM_OPCAO;PENDENTE;
248;meet_and_eat;Vinho Tinto;Catena Zapata Malbec Argentino Catena Zapata;;2280,00;true;opcao ativa unica;228000;Carta de Vinhos > Vinho Tinto;672f9876eae94ac362eb1991;/body/3/menus/4/menuItems/15;[sem rotulo]: 2280,00;PRECO_EM_OPCAO | DESCRICAO_AUSENTE;PENDENTE;
249;meet_and_eat;Vinho Tinto;Vosne Romanee;;3360,00;true;opcao ativa unica;336000;Carta de Vinhos > Vinho Tinto;672f9a2ceae94ac362ece972;/body/3/menus/4/menuItems/16;[sem rotulo]: 3360,00;PRECO_EM_OPCAO | DESCRICAO_AUSENTE;PENDENTE;
250;meet_and_eat;Vinho Tinto;Roberto Riga;;210,00;true;opcao ativa unica;21000;Carta de Vinhos > Vinho Tinto;6830e1ceacba6866d68df3f2;/body/3/menus/4/menuItems/17;[sem rotulo]: 210,00;PRECO_EM_OPCAO | DESCRICAO_AUSENTE;PENDENTE;
251;meet_and_eat;Vinho Tinto;Roccabaro chianti Reserva;;310,00;true;opcao ativa unica;31000;Carta de Vinhos > Vinho Tinto;68485baa34dc829a48de87bc;/body/3/menus/4/menuItems/18;[sem rotulo]: 310,00;PRECO_EM_OPCAO | DESCRICAO_AUSENTE;PENDENTE;
252;meet_and_eat;Vinho Tinto;Vallontano LH Zanini;Resultado do corte de uvas passificadas Ancellotta, Tannat, Teroldego e outras castas em menor proporção, o LH Zanini é um vinho artístico, artesanal e que traduz a manifestação típica das variedades utilizadas. Sua complexidade aromática, devido ao processo de apassimento, é fantástica. Seu rótulo é uma homenagem ao cartunista belga Maurice Rosy. Um belo vinho fruto da junção terra - homem - vinha, de produção muito limitada.;390,00;true;opcao ativa unica;39000;Carta de Vinhos > Vinho Tinto;68a1f1848eb3b14989e4b024;/body/3/menus/4/menuItems/19;[sem rotulo]: 390,00;PRECO_EM_OPCAO;PENDENTE;
253;meet_and_eat;Vinho Tinto;Bourgogne Rouge;;810,00;true;opcao ativa unica;81000;Carta de Vinhos > Vinho Tinto;697e723feb20f30dc91d355b;/body/3/menus/4/menuItems/20;[sem rotulo]: 810,00;PRECO_EM_OPCAO | DESCRICAO_AUSENTE;PENDENTE;
254;meet_and_eat;Vinho Tinto;DV Catena Cabernet-Malbec;O excelente DV Catena Cabernet-Malbec é elaborado com uvas de dois terroirs distintos, de altitudes diferentes. Este emblemático corte argentino, combina a exuberância de fruta da Malbec com a estrutura e elegância da Cabernet Sauvignon. O resultado é um vinho de ótima complexidade, com um toque sedoso e macio no palato. Produzido para o mercado interno argentino, este vinho de pequena produção é uma das melhores compras deste fantástico produtor.;590,00;true;opcao ativa unica;59000;Carta de Vinhos > Vinho Tinto;69d02930153e136f14e3c4c3;/body/3/menus/4/menuItems/21;[sem rotulo]: 590,00;PRECO_EM_OPCAO;PENDENTE;
255;meet_and_eat;Vinho Tinto;Kabbalah Merlot;De origem Chilena, o Vinho Kabbalah Seleção Especial Merlot possui aroma de frutos escuros maduros, notas de tabaco e um agradável toque de mineral. O sabor frutado é fresco, porém chamativo. Com isso, o Vinho é sedutoramente persistente e contém um frescor com taninos. Ideal para ser consumido na temperatura de 15°C.;210,00;true;opcao ativa unica;21000;Carta de Vinhos > Vinho Tinto;69ea548e276bf15b4422a837;/body/3/menus/4/menuItems/22;[sem rotulo]: 210,00;PRECO_EM_OPCAO | NOME_REPETIDO_EM_OUTRA_CATEGORIA;PENDENTE;
256;meet_and_eat;Vinho Tinto;Santa Magdalena Signature Pinot Noir;Seu caráter mais sensual cativo com uma boa estrutura, aveludada, taninos suaves e um longo e sedutor final.;200,00;true;opcao ativa unica;20000;Carta de Vinhos > Vinho Tinto;6a419200f7e4a80f1348ae80;/body/3/menus/4/menuItems/23;[sem rotulo]: 200,00;PRECO_EM_OPCAO;PENDENTE;
257;meet_and_eat;Vinho Tinto;Santa Magdalena Signature;"Olfativo: cereja, rosa mosqueta, amêndoas torradas. Notas suaves de chocolate e caramelo.
Paladar: Bem estruturado e de alta complexidade. Apresenta um certo calor que é acompanhado pela frescura da sua acidez, com taninos maduros e evolução elegante.";200,00;true;opcao ativa unica;20000;Carta de Vinhos > Vinho Tinto;6a419907f7e4a80f1349c1d0;/body/3/menus/4/menuItems/24;[sem rotulo]: 200,00;PRECO_EM_OPCAO;PENDENTE;
258;meet_and_eat;Vinho Tinto;Vinã tarapaca Gran Reserva;;300,00;true;opcao ativa unica;30000;Carta de Vinhos > Vinho Tinto;6a8899f1dc1e72be988e45a0;/body/3/menus/4/menuItems/25;[sem rotulo]: 300,00;PRECO_EM_OPCAO | DESCRICAO_AUSENTE;PENDENTE;
259;meet_and_eat;Vinho Tinto;"Passo dei sani 'Terre di chieti"" IGT";;200,00;true;opcao ativa unica;20000;Carta de Vinhos > Vinho Tinto;6a889a91e740a15c2cdd0fab;/body/3/menus/4/menuItems/26;[sem rotulo]: 200,00;PRECO_EM_OPCAO | DESCRICAO_AUSENTE;PENDENTE;
260;meet_and_eat;Vinho Tinto;Vega Sicília Único Reserva Especial;;15590,00;true;opcao ativa unica;1559000;Carta de Vinhos > Vinho Tinto;6aa06db88128ef0828fca593;/body/3/menus/4/menuItems/27;[sem rotulo]: 15590,00;PRECO_EM_OPCAO | DESCRICAO_AUSENTE;PENDENTE;
261;meet_and_eat;Vinho Taça;Santa Magdalena Reserva Chardonnay;Aroma intenso e um paladar marcante. De origem chilena, o vinho é marcado pelo seu sabor acido e persistente, com textura macia e untuosa. Já o seu aroma possui toques de mineiras e notas cítricas das frutas maduras tropicais que conferem ao olfato uma sensação única e indescritível.;49,00;true;opcao ativa unica;4900;Carta de Vinhos > Vinho Taça;64a06246f484b30052895c61;/body/3/menus/5/menuItems/0;[sem rotulo]: 49,00;PRECO_EM_OPCAO | NOME_REPETIDO_EM_OUTRA_CATEGORIA;PENDENTE;
262;meet_and_eat;Vinho Taça;Santa Magdalena Reserva Cabernet Sauvigon;De origem chilena, o vinho Santa Magdalena Reserva Cabernet Sauvignon possui coloração rubi intensa e um aroma de frutas maduras, como cereja, groselha e amora. Além disso, o toque defumado e as notas de cedro deixam um fundo marcante e inigualável no paladar. Vinho tinto concentrado com taninos aveludados e um final longo e persistente. Produzidos com uvas Cabernet Sauvignon selecionadas proporcionando intensidade a bebida.;49,00;true;opcao ativa unica;4900;Carta de Vinhos > Vinho Taça;66a5585c38b48ff5715b9766;/body/3/menus/5/menuItems/1;[sem rotulo]: 49,00;PRECO_EM_OPCAO;PENDENTE;
263;meet_and_eat;Vinho Taça;Alamos Torrontés;Alamos Torrontés é, sem dúvida, um dos melhores vinhos elaborados com esta casta. A safra de 2022 recebeu 90 pontos de Robert Parker. Rico e aromático, com ótimo frescor e elegância, é elaborado com uvas de vinhedos plantados na região de Salta.;59,00;true;opcao ativa unica;5900;Carta de Vinhos > Vinho Taça;680bf49e4f14e9b18ea8cfcb;/body/3/menus/5/menuItems/2;[sem rotulo]: 59,00;PRECO_EM_OPCAO | NOME_REPETIDO_EM_OUTRA_CATEGORIA;PENDENTE;
264;meet_and_eat;Vinho Taça;Kabbalah Merlot;;48,00;true;price direto;4800;Carta de Vinhos > Vinho Taça;699771682217faf11f009c12;/body/3/menus/5/menuItems/3;[sem rotulo]: 48,00;DESCRICAO_AUSENTE | NOME_REPETIDO_EM_OUTRA_CATEGORIA;PENDENTE;
265;meet_and_eat;Vinho Taça;Kabbalah Rose 2024;;45,00;true;price direto;4500;Carta de Vinhos > Vinho Taça;69ea549f276bf15b4422b081;/body/3/menus/5/menuItems/4;[sem rotulo]: 45,00;DESCRICAO_AUSENTE;PENDENTE;
266;meet_and_eat;Vinho 375ml;Catena Chardonnay;Catena Chardonnay é uma das grandes referências para brancos maturados em barricas de carvalho produzidos na América do Sul, mostrando muita concentração e finesse. Sempre recebe ótimas notas da imprensa especializada, tendo sido chamado de delicioso pela revista Wine Spectator. Um excelente branco com um bouquet cativante de frutas brancas e nota mineral. Na boca é macio e pleno, com frutas maduras, mel, baunilha e um agradável e sutil toque tostado.;210,00;true;opcao ativa unica;21000;Carta de Vinhos > Vinho 375ml;67390f27973ffde0908a0540;/body/3/menus/6/menuItems/0;[sem rotulo]: 210,00;PRECO_EM_OPCAO;PENDENTE;
267;meet_and_eat;Vinho 375ml;Carmen Insigne Carmenere;"Saboroso tinto elaborado com a mais emblemática casta chilena, a
Carmenère. Parcialmente barricado, para manter toda a exuberância
da fruta. Na boca mostra taninos suaves e macios, com sabor de geleia
de frutas vermelhas, notas de menta e especiarias.";105,00;true;opcao ativa unica;10500;Carta de Vinhos > Vinho 375ml;675dc536b7cd69498dd2392d;/body/3/menus/6/menuItems/1;[sem rotulo]: 105,00;PRECO_EM_OPCAO;PENDENTE;
268;meet_and_eat;Vinho 375ml;Chateau marjosse;;290,00;true;opcao ativa unica;29000;Carta de Vinhos > Vinho 375ml;6a889b9fe740a15c2cdd24f5;/body/3/menus/6/menuItems/2;[sem rotulo]: 290,00;PRECO_EM_OPCAO | DESCRICAO_AUSENTE;PENDENTE;
269;meet_and_eat;Vinho 375ml;Vinã bujanda;375ml;150,00;true;opcao ativa unica;15000;Carta de Vinhos > Vinho 375ml;6a889c0cdc1e72be988e64d4;/body/3/menus/6/menuItems/3;[sem rotulo]: 150,00;PRECO_EM_OPCAO;PENDENTE;
270;meet_and_eat;Vinho Sobremesa;Vinho do Porto;;65,00;true;opcao ativa unica;6500;Carta de Vinhos > Vinho Sobremesa;6658ad393e035f0cdf3c8932;/body/3/menus/7/menuItems/0;[sem rotulo]: 65,00;PRECO_EM_OPCAO | DESCRICAO_AUSENTE;PENDENTE;
271;meet_and_eat;Vinho Sobremesa;Tokaji Oremus Latest Harvest;Ótimo vinho de sobremesa elaborado com uvas Furmint selecionadas, com cachos Aszú (botrytizados) e cachos supermaduros. O aroma é intenso, mostrando frutas tropicais e toques herbáceos. Na boca é doce, untuoso, de ótima acidez, fácil de beber. Ótima relação qualidade/preço.;970,00;true;opcao ativa unica;97000;Carta de Vinhos > Vinho Sobremesa;67390fb5973ffde0908a6c48;/body/3/menus/7/menuItems/1;[sem rotulo]: 970,00;PRECO_EM_OPCAO;PENDENTE;
272;meet_and_eat;Vinho Sobremesa;Graham´s 20 Anos Tawny;Uma verdadeira obra prima da arte de combinar diversos vinhos envelhecidos, que na média  têm aproximadamente 20 anos, o Graham's 20 Years Old é mais claro e fantasticamente macio que o 10 anos. Possui um clássico bouquet de nozes e um final longo e prazeroso. Um Porto de grande classe e requinte.;95,00;true;opcao ativa unica;9500;Carta de Vinhos > Vinho Sobremesa;69dada4958b41df72914fac6;/body/3/menus/7/menuItems/2;[sem rotulo]: 95,00;PRECO_EM_OPCAO;PENDENTE;
273;meet_and_eat;Rolha;Quarta Feira;;150,00;true;price direto;15000;Carta de Vinhos > Rolha;6304e350e9cb570011b68866;/body/3/menus/8/menuItems/0;[sem rotulo]: 150,00;DESCRICAO_AUSENTE;PENDENTE;
274;meet_and_eat;Rolha;Quinta Feira;;150,00;true;price direto;15000;Carta de Vinhos > Rolha;6304e361cfc5af0012c2485e;/body/3/menus/8/menuItems/1;[sem rotulo]: 150,00;DESCRICAO_AUSENTE;PENDENTE;
275;meet_and_eat;Rolha;Sexta Feira;;150,00;true;price direto;15000;Carta de Vinhos > Rolha;6304e3759411f1001180f3f1;/body/3/menus/8/menuItems/2;[sem rotulo]: 150,00;DESCRICAO_AUSENTE;PENDENTE;
276;meet_and_eat;Rolha;Sábado;;150,00;true;price direto;15000;Carta de Vinhos > Rolha;6304e3a2773fd5001156684e;/body/3/menus/8/menuItems/3;[sem rotulo]: 150,00;DESCRICAO_AUSENTE;PENDENTE;
277;meet_and_eat;Rolha;Domingo;;150,00;true;price direto;15000;Carta de Vinhos > Rolha;6304e3b06e7cb60011950ed7;/body/3/menus/8/menuItems/4;[sem rotulo]: 150,00;DESCRICAO_AUSENTE;PENDENTE;
