ordem_item;categoria;nome_item;nivel;rotulo_original;preco_bruto_centavos;preco_reais;desativado_na_fonte;source_id;json_pointer;status_revisao;observacoes_ike
32;Sanduiches & Burger;Cheese Burger;opcao;Adicional;;;false;6a94aeed7419514252a6b48f;/body/0/menus/4/menuItems/0/options/0;PENDENTE;
32;Sanduiches & Burger;Cheese Burger;filho;Adicional / Bacon;800;8,00;false;6a94aeed7419514252a6b490;/body/0/menus/4/menuItems/0/options/0/sons/0;PENDENTE;
32;Sanduiches & Burger;Cheese Burger;filho;Adicional / Salada;600;6,00;false;6a94aeed7419514252a6b491;/body/0/menus/4/menuItems/0/options/0/sons/1;PENDENTE;
86;Sobremesas;Sorvetes Tradicionais;opcao;Sabor;;;false;6aa0a91af65d35652966f87c;/body/1/menus/0/menuItems/6/options/0;PENDENTE;
86;Sobremesas;Sorvetes Tradicionais;filho;Sabor / Creme;0;0,00;false;6aa0a91af65d35652966f87d;/body/1/menus/0/menuItems/6/options/0/sons/0;PENDENTE;
86;Sobremesas;Sorvetes Tradicionais;filho;Sabor / Canela;0;0,00;false;6aa0a91af65d35652966f87e;/body/1/menus/0/menuItems/6/options/0/sons/1;PENDENTE;
87;Sobremesas;Sorvete Zero;opcao;Sabores;;;false;6aa0a8fcf65d35652966f1fb;/body/1/menus/0/menuItems/7/options/0;PENDENTE;
87;Sobremesas;Sorvete Zero;filho;Sabores / Doce de leite;0;0,00;true;6aa0a8fcf65d35652966f1fc;/body/1/menus/0/menuItems/7/options/0/sons/0;PENDENTE;
87;Sobremesas;Sorvete Zero;filho;Sabores / Pistache;0;0,00;true;6aa0a8fcf65d35652966f1fd;/body/1/menus/0/menuItems/7/options/0/sons/1;PENDENTE;
91;Soft;Água Pura sem gás;opcao;300ml;900;9,00;false;674e5c17973ffde0900681fb;/body/2/menus/0/menuItems/0/options/0;PENDENTE;
92;Soft;Água Pura com gás;opcao;300ml;900;9,00;false;674e5bc3973ffde090066d3e;/body/2/menus/0/menuItems/1/options/0;PENDENTE;
93;Soft;San Pellegrino;opcao;505ml;3600;36,00;false;6a2d7550fcab3a0b4af0beff;/body/2/menus/0/menuItems/2/options/0;PENDENTE;
94;Soft;Acqua Panna;opcao;500ml;3600;36,00;false;6a2d755ffcab3a0b4af0c043;/body/2/menus/0/menuItems/3/options/0;PENDENTE;
95;Soft;Água De Coco;opcao;[sem rotulo];1800;18,00;false;6a99a8883b6a6e995013fe31;/body/2/menus/0/menuItems/4/options/0;PENDENTE;
96;Soft;Coca-Cola;opcao;[sem rotulo];1200;12,00;false;6a4957886ae208b30e7001ed;/body/2/menus/0/menuItems/5/options/0;PENDENTE;
97;Soft;Coca-Cola Zero;opcao;[sem rotulo];1200;12,00;false;6a4957976ae208b30e70051c;/body/2/menus/0/menuItems/6/options/0;PENDENTE;
98;Soft;Guaraná;opcao;[sem rotulo];1200;12,00;false;6a4957aa6ae208b30e700835;/body/2/menus/0/menuItems/7/options/0;PENDENTE;
99;Soft;Guaraná Zero;opcao;[sem rotulo];1200;12,00;false;6a4957f66ae208b30e701517;/body/2/menus/0/menuItems/8/options/0;PENDENTE;
100;Soft;Tônica schweppes;opcao;[sem rotulo];1200;12,00;false;6a2d7648fcab3a0b4af0d4c2;/body/2/menus/0/menuItems/9/options/0;PENDENTE;
101;Soft;Red Bull Sugar Free;opcao;[sem rotulo];2200;22,00;false;6a4958056ae208b30e70191b;/body/2/menus/0/menuItems/10/options/0;PENDENTE;
102;Soft;Red Bull Tradicional;opcao;[sem rotulo];2200;22,00;false;6a4958166ae208b30e701d8a;/body/2/menus/0/menuItems/11/options/0;PENDENTE;
103;Soft;Red Bull  Tropical;opcao;[sem rotulo];2200;22,00;false;6a4958256ae208b30e702119;/body/2/menus/0/menuItems/12/options/0;PENDENTE;
104;Sucos Clássicos;Melancia;opcao;350ml;1800;18,00;false;6655626b56e3c4ab17993eef;/body/2/menus/1/menuItems/0/options/0;PENDENTE;
105;Sucos Clássicos;Laranja;opcao;350ml;1900;19,00;false;665562781ba846034d1f517e;/body/2/menus/1/menuItems/1/options/0;PENDENTE;
106;Sucos Clássicos;Limonada;opcao;350ml;1900;19,00;false;6655629c56e3c4ab17994030;/body/2/menus/1/menuItems/2/options/0;PENDENTE;
107;Sucos Meet;Suco de Tomate;opcao;350ml;3400;34,00;false;6a2d77975f1b7fe38c88cb37;/body/2/menus/2/menuItems/0/options/0;PENDENTE;
108;Sucos Meet;Uva com água de coco;opcao;350ml;2100;21,00;false;665562cf1ba846034d1f5418;/body/2/menus/2/menuItems/1/options/0;PENDENTE;
109;Drinks sem álcool;Pink Day;opcao;[sem rotulo];2800;28,00;false;68f2d32fd1dade937200c543;/body/2/menus/3/menuItems/0/options/0;PENDENTE;
110;Drinks sem álcool;Raspberry Sunset;opcao;[sem rotulo];2800;28,00;false;65e0fb63da37e20071bcabba;/body/2/menus/3/menuItems/1/options/0;PENDENTE;
111;Drinks sem álcool;Sweet and Sour;opcao;[sem rotulo];2800;28,00;false;68f3e0ff03fe8fa9706a68f6;/body/2/menus/3/menuItems/2/options/0;PENDENTE;
112;Drinks sem álcool;Soda Meet;opcao;[sem rotulo];2800;28,00;false;68f2d275d1dade937200604b;/body/2/menus/3/menuItems/3/options/0;PENDENTE;
113;Drinks sem álcool;Soneto de Camomila;opcao;[sem rotulo];2800;28,00;false;68f3e2a18bff0a54e7fcdc95;/body/2/menus/3/menuItems/4/options/0;PENDENTE;
114;Drinks Autorais;Caju Amigo Do Meet&Eat;opcao;[sem rotulo];5600;56,00;false;698bbb961909443c72e53535;/body/2/menus/4/menuItems/0/options/0;PENDENTE;
115;Drinks Autorais;Darkness;opcao;[sem rotulo];5600;56,00;false;65cba26fb4cea6006abcdd49;/body/2/menus/4/menuItems/1/options/0;PENDENTE;
116;Drinks Autorais;Holy Grass;opcao;[sem rotulo];5800;58,00;false;6a4951546ae208b30e6ed5c5;/body/2/menus/4/menuItems/2/options/0;PENDENTE;
117;Drinks Autorais;Summer Mule;opcao;[sem rotulo];5600;56,00;false;68f2ab7e5bd06488cd4b53b3;/body/2/menus/4/menuItems/3/options/0;PENDENTE;
118;Drinks Autorais;No Name;opcao;[sem rotulo];5600;56,00;false;65cba611b4cea6006abce6c6;/body/2/menus/4/menuItems/4/options/0;PENDENTE;
119;Drinks Autorais;Raio de Sol;opcao;[sem rotulo];5600;56,00;false;666b73d6d91d31d1821100bc;/body/2/menus/4/menuItems/5/options/0;PENDENTE;
120;Drinks Autorais;Passion Fitz;opcao;[sem rotulo];6700;67,00;false;66e0bddd22a75a1032aa4dcc;/body/2/menus/4/menuItems/6/options/0;PENDENTE;
121;Drinks Autorais;Relicario;opcao;[sem rotulo];5200;52,00;false;68f2abb25bd06488cd4b6381;/body/2/menus/4/menuItems/7/options/0;PENDENTE;
122;Drinks Autorais;Belissimo;opcao;[sem rotulo];4600;46,00;false;68f50764362b8a3fea580a56;/body/2/menus/4/menuItems/8/options/0;PENDENTE;
123;Drinks Autorais;Aurora rosa;opcao;[sem rotulo];6700;67,00;false;6a0cc27a203b45ec8ba43ffb;/body/2/menus/4/menuItems/9/options/0;PENDENTE;
124;Drinks Autorais;Amaranto;opcao;[sem rotulo];6700;67,00;false;6a0cc2c2203b45ec8ba44402;/body/2/menus/4/menuItems/10/options/0;PENDENTE;
125;Drinks Autorais;Irish sunset;opcao;[sem rotulo];6700;67,00;false;6a0cc321203b45ec8ba4485f;/body/2/menus/4/menuItems/11/options/0;PENDENTE;
126;Drinks;Aperol Spritz;opcao;[sem rotulo];5200;52,00;false;6a4950276ae208b30e6e978e;/body/2/menus/5/menuItems/0/options/0;PENDENTE;
127;Drinks;Bloody Mary;opcao;Grey Goose;5600;56,00;false;674a53228c0d74ef69d1485b;/body/2/menus/5/menuItems/1/options/0;PENDENTE;
128;Drinks;Boulevardier;opcao;[sem rotulo];5800;58,00;false;649b3e69f484b3005288e7fd;/body/2/menus/5/menuItems/2/options/0;PENDENTE;
129;Drinks;Carajillo;opcao;[sem rotulo];5200;52,00;false;668849656ececfaa5131d73c;/body/2/menus/5/menuItems/3/options/0;PENDENTE;
130;Drinks;Cosmopolitan Meet;opcao;Grey Goose;5600;56,00;false;68f3e6088bff0a54e7fd989a;/body/2/menus/5/menuItems/4/options/0;PENDENTE;
131;Drinks;Dry Martini;opcao;Bombay Sapphire;4800;48,00;false;6a2d77ce5f1b7fe38c88d171;/body/2/menus/5/menuItems/5/options/0;PENDENTE;
131;Drinks;Dry Martini;opcao;Hendricks;6200;62,00;false;6a2d77ce5f1b7fe38c88d172;/body/2/menus/5/menuItems/5/options/1;PENDENTE;
132;Drinks;Espresso Martini;opcao;Greey Goose;5600;56,00;false;68c30d79212553608e2dea75;/body/2/menus/5/menuItems/6/options/0;PENDENTE;
133;Drinks;Fitzgerald;opcao;Bombay Sapphire;5800;58,00;false;6a49506e6ae208b30e6ea5c1;/body/2/menus/5/menuItems/7/options/0;PENDENTE;
133;Drinks;Fitzgerald;opcao;Hendricks;6600;66,00;false;6a49506e6ae208b30e6ea5c2;/body/2/menus/5/menuItems/7/options/1;PENDENTE;
134;Drinks;Gimlet;opcao;Bombay;4800;48,00;false;6a38938d7d9b6adfc1be27c7;/body/2/menus/5/menuItems/8/options/0;PENDENTE;
135;Drinks;Lillet Vive;opcao;[sem rotulo];5200;52,00;false;640657e3051cbc005210389a;/body/2/menus/5/menuItems/9/options/0;PENDENTE;
136;Drinks;Limoncello Spritz;opcao;[sem rotulo];5200;52,00;false;6534302afbc78b005a6f64c6;/body/2/menus/5/menuItems/10/options/0;PENDENTE;
137;Drinks;Manhattan;opcao;[sem rotulo];5800;58,00;false;6338ade51a69000011b559dd;/body/2/menus/5/menuItems/11/options/0;PENDENTE;
138;Drinks;Moscow Mule;opcao;Grey Goose;5600;56,00;false;6a4951616ae208b30e6ed8ac;/body/2/menus/5/menuItems/12/options/0;PENDENTE;
139;Drinks;Margarita;opcao;Sombrero Negro;5400;54,00;false;6a2d780a5f1b7fe38c88d722;/body/2/menus/5/menuItems/13/options/0;PENDENTE;
140;Drinks;Mojito;opcao;Havana 3;5200;52,00;false;6652801f3e035f0cdfffe2b8;/body/2/menus/5/menuItems/14/options/0;PENDENTE;
141;Drinks;Negroni;opcao;Bombay Sapphire;5800;58,00;false;6a49519d6ae208b30e6ee4b6;/body/2/menus/5/menuItems/15/options/0;PENDENTE;
141;Drinks;Negroni;opcao;Hendricks;6600;66,00;false;6a49519d6ae208b30e6ee4b7;/body/2/menus/5/menuItems/15/options/1;PENDENTE;
142;Drinks;Old Fashioned;opcao;Jim Beam;5800;58,00;false;66e0c10022a75a1032aad76f;/body/2/menus/5/menuItems/16/options/0;PENDENTE;
143;Drinks;Whisky Sour;opcao;[sem rotulo];5200;52,00;false;644839b9b252e60056764d11;/body/2/menus/5/menuItems/17/options/0;PENDENTE;
144;Drinks;Amareto Sour;opcao;[sem rotulo];4800;48,00;false;643ef787b252e6005675644d;/body/2/menus/5/menuItems/18/options/0;PENDENTE;
145;Drinks;Bombay Tonic;opcao;Bombay;5600;56,00;false;6a4951036ae208b30e6ec4d8;/body/2/menus/5/menuItems/19/options/0;PENDENTE;
146;Drinks;Pencilin Dewar's;opcao;Dewar's 12 anos;5800;58,00;false;689fb3204760ba65eb76605a;/body/2/menus/5/menuItems/20/options/0;PENDENTE;
146;Drinks;Pencilin Dewar's;opcao;Dewar's 15 anos;6800;68,00;false;689fb3204760ba65eb76605b;/body/2/menus/5/menuItems/20/options/1;PENDENTE;
147;Drinks;Hendricks;opcao;[sem rotulo];6800;68,00;false;66aa90be1c9eeb89ca8ae9e7;/body/2/menus/5/menuItems/21/options/0;PENDENTE;
148;Drinks;Bombay Sapphire;opcao;[sem rotulo];4800;48,00;false;6a4957556ae208b30e6ff7ce;/body/2/menus/5/menuItems/22/options/0;PENDENTE;
149;Drinks;Mark Twain;opcao;Dewar's 12 anos;5200;52,00;false;689f9a7b4760ba65eb72843e;/body/2/menus/5/menuItems/23/options/0;PENDENTE;
149;Drinks;Mark Twain;opcao;Dewar's 15 anos;6200;62,00;false;689f9a7b4760ba65eb72843f;/body/2/menus/5/menuItems/23/options/1;PENDENTE;
150;Drinks jarras e copo;Clericot Tradicional;opcao;[sem rotulo];13900;139,00;false;65cea213b4cea6006abf89be;/body/2/menus/6/menuItems/0/options/0;PENDENTE;
151;Drinks jarras e copo;Clericot Espumante;opcao;[sem rotulo];13900;139,00;false;68f3e72b2f30ff1d7a2e96e6;/body/2/menus/6/menuItems/1/options/0;PENDENTE;
152;Caipirinha;Caipiroska;opcao;Grey Goose;6800;68,00;false;6a91a4c800761cc47527229f;/body/2/menus/7/menuItems/0/options/0;PENDENTE;
153;Caipirinha;Caipirinha;opcao;Famigerada;4800;48,00;false;6a91a4ecdaf8694fab9d963a;/body/2/menus/7/menuItems/1/options/0;PENDENTE;
153;Caipirinha;Caipirinha;opcao;[sem rotulo];0;0,00;false;6a91a4ecdaf8694fab9d963b;/body/2/menus/7/menuItems/1/options/1;PENDENTE;
154;Caipirinha;Caip Sake;opcao;Geikkeikan;4600;46,00;false;6a91a50600761cc47527294c;/body/2/menus/7/menuItems/2/options/0;PENDENTE;
155;Cerveja;Baden Baden Pilsen Cristal;opcao;[sem rotulo];3400;34,00;false;6a2d78515f1b7fe38c88dc33;/body/2/menus/8/menuItems/0/options/0;PENDENTE;
156;Cerveja;Blue Moon Long Neck;opcao;[sem rotulo];3300;33,00;false;6a2d787ffcab3a0b4af10bd6;/body/2/menus/8/menuItems/1/options/0;PENDENTE;
157;Cerveja;Heineken 0.0 Long Neck;opcao;[sem rotulo];2200;22,00;false;6a49528c6ae208b30e6f1117;/body/2/menus/8/menuItems/2/options/0;PENDENTE;
158;Cerveja;Heineken Long Neck;opcao;[sem rotulo];2200;22,00;false;6a4952a16ae208b30e6f178f;/body/2/menus/8/menuItems/3/options/0;PENDENTE;
159;Cerveja;Heineken ultimate;opcao;330ml;2400;24,00;false;6aa82cbb6cef5a2b8d29cf08;/body/2/menus/8/menuItems/4/options/0;PENDENTE;
160;Cerveja;Eisenbahn American IPA;opcao;355ml;2500;25,00;false;6aa837e69fd0e319103028fc;/body/2/menus/8/menuItems/5/options/0;PENDENTE;
160;Cerveja;Eisenbahn American IPA;opcao;[sem rotulo];0;0,00;false;6aa837e69fd0e319103028fd;/body/2/menus/8/menuItems/5/options/1;PENDENTE;
161;Chopp;Chopp Heineken;opcao;[sem rotulo];1800;18,00;false;652846284790f4005b2a2f33;/body/2/menus/9/menuItems/0/options/0;PENDENTE;
162;Chopp;Chopp Lagunitas Ipa;opcao;[sem rotulo];2800;28,00;false;6a71fe9e5464deb1edab1d4a;/body/2/menus/9/menuItems/1/options/0;PENDENTE;
163;Licor;Baileys;opcao;[sem rotulo];3600;36,00;false;63223ee9f1c52a0011d09634;/body/2/menus/10/menuItems/0/options/0;PENDENTE;
164;Licor;Ballena;opcao;[sem rotulo];3800;38,00;false;698e12b71909443c7218391f;/body/2/menus/10/menuItems/1/options/0;PENDENTE;
165;Licor;Cointreau;opcao;[sem rotulo];3600;36,00;false;63223ed6eb697100209363a8;/body/2/menus/10/menuItems/2/options/0;PENDENTE;
166;Licor;Drambuie;opcao;[sem rotulo];3800;38,00;false;633f4b5186c783004af77504;/body/2/menus/10/menuItems/3/options/0;PENDENTE;
167;Licor;Heering;opcao;[sem rotulo];4200;42,00;false;6a2d79b95f1b7fe38c88fe58;/body/2/menus/10/menuItems/4/options/0;PENDENTE;
168;Licor;Jägermeister;opcao;[sem rotulo];3600;36,00;false;6389fa1716a302004ae877ee;/body/2/menus/10/menuItems/5/options/0;PENDENTE;
169;Licor;Licor 43;opcao;[sem rotulo];4200;42,00;false;659068af769ef000722aea8d;/body/2/menus/10/menuItems/6/options/0;PENDENTE;
170;Licor;Limoncello;opcao;[sem rotulo];3600;36,00;false;633f4bb1274224004a62605c;/body/2/menus/10/menuItems/7/options/0;PENDENTE;
171;Licor;Ballena caramelo;opcao;[sem rotulo];3800;38,00;false;698e13711909443c72185cae;/body/2/menus/10/menuItems/8/options/0;PENDENTE;
172;Licor;Ballena Coco;opcao;[sem rotulo];3800;38,00;false;698e13471909443c7218556f;/body/2/menus/10/menuItems/9/options/0;PENDENTE;
173;Chás e Cafés;Espresso;opcao;[sem rotulo];1200;12,00;false;6a3dc9988a2963c1be362015;/body/2/menus/11/menuItems/0/options/0;PENDENTE;
174;Chás e Cafés;Macchiato;opcao;[sem rotulo];1600;16,00;false;6a3eb2d955ae1f96c97875cf;/body/2/menus/11/menuItems/1/options/0;PENDENTE;
175;Chás e Cafés;Chá De Hortelã;opcao;[sem rotulo];1000;10,00;false;6310d1b1f4b2900020297cdf;/body/2/menus/11/menuItems/2/options/0;PENDENTE;
176;Chás e Cafés;Chá de Capim Limão;opcao;[sem rotulo];1000;10,00;false;645bf3f856f185005ad6cb17;/body/2/menus/11/menuItems/3/options/0;PENDENTE;
177;Scotch Whisky;Dewar's 12 Anos;opcao;[sem rotulo];5200;52,00;false;66561dcc1ba846034d24d51a;/body/2/menus/12/menuItems/0/options/0;PENDENTE;
178;Scotch Whisky;Dewar's 15 Anos;opcao;[sem rotulo];6200;62,00;false;66561da93e035f0cdf20ab78;/body/2/menus/12/menuItems/1/options/0;PENDENTE;
179;Scotch Whisky;Chivas 12;opcao;[sem rotulo];5000;50,00;false;6a49566d6ae208b30e6fd10d;/body/2/menus/12/menuItems/2/options/0;PENDENTE;
180;Scotch Whisky;Black Label;opcao;[sem rotulo];5200;52,00;false;6304e44a90426500119049c0;/body/2/menus/12/menuItems/3/options/0;PENDENTE;
181;Scotch Whisky;Gold Label;opcao;[sem rotulo];6800;68,00;false;63405757d03b15004acf08f3;/body/2/menus/12/menuItems/4/options/0;PENDENTE;
182;Scotch Whisky;Chivas 18 anos;opcao;[sem rotulo];9800;98,00;false;6389fdfc0795e7004a104e63;/body/2/menus/12/menuItems/5/options/0;PENDENTE;
183;Scotch Whisky;Blue Label;opcao;[sem rotulo];19800;198,00;false;6304e4a7773fd50011566876;/body/2/menus/12/menuItems/6/options/0;PENDENTE;
184;Irish Whiskey;Jameson;opcao;[sem rotulo];4500;45,00;false;6304e51fcfc5af0012c24893;/body/2/menus/13/menuItems/0/options/0;PENDENTE;
185;Bourbon Whisky;Jack Daniels;opcao;[sem rotulo];4500;45,00;false;6304e59b6e7cb60011950f07;/body/2/menus/14/menuItems/0/options/0;PENDENTE;
186;Bourbon Whisky;Maker's Mark;opcao;[sem rotulo];5200;52,00;false;64e167983e07a40053650ee4;/body/2/menus/14/menuItems/1/options/0;PENDENTE;
187;Bourbon Whisky;Jim Beam Black;opcao;[sem rotulo];5200;52,00;false;6304e5cd1b684f0011d0b709;/body/2/menus/14/menuItems/2/options/0;PENDENTE;
188;Bourbon Whisky;Bulleit Bourbon Whisky;opcao;[sem rotulo];6200;62,00;false;641e269a9c155f005c2792e7;/body/2/menus/14/menuItems/3/options/0;PENDENTE;
189;Bourbon Whisky;Gentleman Jack;opcao;[sem rotulo];6800;68,00;false;6322408cf1c52a0011d096eb;/body/2/menus/14/menuItems/4/options/0;PENDENTE;
190;Single Malt Whisky;Glenlivet Founder's Reserve;opcao;[sem rotulo];7800;78,00;false;634067998c0bf2004af08735;/body/2/menus/15/menuItems/0/options/0;PENDENTE;
191;Single Malt Whisky;Glenlivet 15 Anos;opcao;[sem rotulo];9800;98,00;false;634067488c0bf2004af0872e;/body/2/menus/15/menuItems/1/options/0;PENDENTE;
192;Single Malt Whisky;Glenlivet 18 Anos;opcao;[sem rotulo];14800;148,00;false;632240a6f1c52a0011d096ec;/body/2/menus/15/menuItems/2/options/0;PENDENTE;
193;Single Malt Whisky;Macallan 15 Anos;opcao;[sem rotulo];45700;457,00;false;67476820973ffde0903137bb;/body/2/menus/15/menuItems/3/options/0;PENDENTE;
194;Single Malt Whisky;Macallan 18 Anos;opcao;[sem rotulo];68000;680,00;false;67182680cd84ed5551094a7f;/body/2/menus/15/menuItems/4/options/0;PENDENTE;
195;Whisky Japonese;The chita single grain;opcao;[sem rotulo];13200;132,00;false;6718288fcd84ed555109d5b5;/body/2/menus/16/menuItems/0/options/0;PENDENTE;
196;Whisky Japonese;The hakushu single malt;opcao;[sem rotulo];23300;233,00;false;671828d4cd84ed555109edb2;/body/2/menus/16/menuItems/1/options/0;PENDENTE;
197;Whisky Japonese;The yamazaki single malt;opcao;[sem rotulo];25500;255,00;false;67182907cd84ed555109fdc3;/body/2/menus/16/menuItems/2/options/0;PENDENTE;
198;Whisky Japonese;Hibiki suntory;opcao;[sem rotulo];17700;177,00;false;67182941cd84ed55510a0eae;/body/2/menus/16/menuItems/3/options/0;PENDENTE;
199;Cognac & Brandy;Hennessy Vsop;opcao;[sem rotulo];16800;168,00;false;6656196d3e035f0cdf2057b4;/body/2/menus/17/menuItems/0/options/0;PENDENTE;
200;Rum & Cachaça;Anísio Santiago;opcao;[sem rotulo];9900;99,00;false;6a2d7aa9fcab3a0b4af14447;/body/2/menus/18/menuItems/0/options/0;PENDENTE;
201;Rum & Cachaça;Appleton Estate;opcao;[sem rotulo];6800;68,00;false;665616e11ba846034d243eda;/body/2/menus/18/menuItems/1/options/0;PENDENTE;
202;Rum & Cachaça;Espírito De Minas;opcao;[sem rotulo];4600;46,00;false;65811d3dc250560072d697f2;/body/2/menus/18/menuItems/2/options/0;PENDENTE;
203;Rum & Cachaça;Famigerada;opcao;[sem rotulo];3600;36,00;false;665618d01ba846034d2460fa;/body/2/menus/18/menuItems/3/options/0;PENDENTE;
204;Rum & Cachaça;Havana 3 Anos;opcao;[sem rotulo];3800;38,00;false;6304eaeb773fd50011566949;/body/2/menus/18/menuItems/4/options/0;PENDENTE;
205;Rum & Cachaça;Havana 7 Anos;opcao;[sem rotulo];6800;68,00;false;6304ead9773fd5001156693a;/body/2/menus/18/menuItems/5/options/0;PENDENTE;
206;Tequila;Clase Azul Tequila;opcao;[sem rotulo];500000;5000,00;false;6748b46a973ffde09077f434;/body/2/menus/19/menuItems/0/options/0;PENDENTE;
207;Tequila;Don Julio Blanca;opcao;[sem rotulo];9800;98,00;false;6748b346973ffde09077cf82;/body/2/menus/19/menuItems/1/options/0;PENDENTE;
208;Champagnes;Veuve Clicquot Brut;opcao;[sem rotulo];99000;990,00;false;6a49532e6ae208b30e6f33f3;/body/3/menus/0/menuItems/0/options/0;PENDENTE;
209;Champagnes;Pol Roger;opcao;[sem rotulo];150000;1500,00;false;68e7c8b575a10b7f7e2379db;/body/3/menus/0/menuItems/1/options/0;PENDENTE;
210;Champagnes;Louis Roederer Cristal;opcao;[sem rotulo];740000;7400,00;false;6a4953aa6ae208b30e6f5205;/body/3/menus/0/menuItems/2/options/0;PENDENTE;
211;Champagnes;Dom Pérignon Vintage;opcao;[sem rotulo];390000;3900,00;false;6a9c819e15a8adbc6599f94f;/body/3/menus/0/menuItems/3/options/0;PENDENTE;
212;Espumante;Vallontano Lh Zanini Extra Brut;opcao;[sem rotulo];38000;380,00;false;672fd432eae94ac362137252;/body/3/menus/1/menuItems/0/options/0;PENDENTE;
213;Espumante;Blanc Des Blancs Comte d'Ormont Brut;opcao;[sem rotulo];26500;265,00;false;68e7cd5c75a10b7f7e2470a9;/body/3/menus/1/menuItems/1/options/0;PENDENTE;
214;Vinho Branco;Santa Magdalena Reserva Chardonnay;opcao;[sem rotulo];21000;210,00;false;6a287cd3b06eb265391a0d47;/body/3/menus/2/menuItems/0/options/0;PENDENTE;
215;Vinho Branco;Catena Zapata Chardonay;opcao;[sem rotulo];34000;340,00;false;679eb6cce6e597f93eedd714;/body/3/menus/2/menuItems/1/options/0;PENDENTE;
216;Vinho Branco;Los vascos sauvignon blanc;opcao;[sem rotulo];21500;215,00;false;67c4aecd3da266f1f8f6ef55;/body/3/menus/2/menuItems/2/options/0;PENDENTE;
217;Vinho Branco;Pinot Grigio Delle Venezie DOC;opcao;[sem rotulo];24500;245,00;false;6a065e805f9daf275b8b3e11;/body/3/menus/2/menuItems/3/options/0;PENDENTE;
218;Vinho Branco;Joseph Drouhin Chadonnay;opcao;[sem rotulo];72000;720,00;false;682f8fdcacba6866d679e6b7;/body/3/menus/2/menuItems/4/options/0;PENDENTE;
219;Vinho Branco;Chablis Cuvee Tete D'or;opcao;[sem rotulo];120000;1200,00;false;680c0dcc4f14e9b18eac355f;/body/3/menus/2/menuItems/5/options/0;PENDENTE;
220;Vinho Branco;Uxmal chardonnay;opcao;[sem rotulo];19000;190,00;false;679019c0ec7376f2ea5d17f0;/body/3/menus/2/menuItems/6/options/0;PENDENTE;
221;Vinho Branco;Guy Saget Sancerre;opcao;[sem rotulo];95000;950,00;false;672fd98daf94e8de93d41260;/body/3/menus/2/menuItems/7/options/0;PENDENTE;
222;Vinho Branco;Luis Pato Maria Gomes;opcao;[sem rotulo];24000;240,00;false;679019f2c87ca3e63939231a;/body/3/menus/2/menuItems/8/options/0;PENDENTE;
223;Vinho Branco;Alamos Torrontés;opcao;[sem rotulo];22500;225,00;false;68c494d33276e01a5005619d;/body/3/menus/2/menuItems/9/options/0;PENDENTE;
224;Vinho Branco;Gaierhof Doc;opcao;[sem rotulo];26500;265,00;false;6a9c82e615a8adbc659a41d2;/body/3/menus/2/menuItems/10/options/0;PENDENTE;
225;Vinho Branco;Studio by Miraval IGP Mediterranee;opcao;[sem rotulo];50000;500,00;false;6aa04bdb9e04a5c5b2866514;/body/3/menus/2/menuItems/11/options/0;PENDENTE;
226;Vinho Rose;Chiaretto di Bardolino;opcao;[sem rotulo];22000;220,00;false;67901a0dec7376f2ea5d3538;/body/3/menus/3/menuItems/0/options/0;PENDENTE;
227;Vinho Rose;Bayanegra Rosé;opcao;[sem rotulo];20000;200,00;false;6a88934adc1e72be988de244;/body/3/menus/3/menuItems/1/options/0;PENDENTE;
228;Vinho Rose;La Petite Perriere;opcao;[sem rotulo];30000;300,00;false;672fe42beae94ac36222cc25;/body/3/menus/3/menuItems/2/options/0;PENDENTE;
229;Vinho Rose;Altano douro;opcao;[sem rotulo];36000;360,00;false;672fe5b068b30ad9b7b6cd58;/body/3/menus/3/menuItems/3/options/0;PENDENTE;
230;Vinho Rose;Miraval rosé;opcao;[sem rotulo];85000;850,00;false;672fe6e7eae94ac362260cb8;/body/3/menus/3/menuItems/4/options/0;PENDENTE;
231;Vinho Rose;Kabbalah Rose;opcao;[sem rotulo];18900;189,00;false;69e280812b689af348d5e089;/body/3/menus/3/menuItems/5/options/0;PENDENTE;
232;Vinho Rose;Los Vascos Rosé;opcao;[sem rotulo];21500;215,00;false;6a87974de740a15c2cd1ea3e;/body/3/menus/3/menuItems/6/options/0;PENDENTE;
233;Vinho Tinto;Chacayes;opcao;[sem rotulo];169000;1690,00;false;69165cc80646836ffcdb981c;/body/3/menus/4/menuItems/0/options/0;PENDENTE;
234;Vinho Tinto;Château Petit Boyer;opcao;[sem rotulo];22000;220,00;false;68c4949d36bd68f44e7c3b13;/body/3/menus/4/menuItems/1/options/0;PENDENTE;
235;Vinho Tinto;Santa Magdalena Reserva Cabernet Sauvignon 2024;opcao;[sem rotulo];18000;180,00;false;690541ac00b5c9a186f5c2e4;/body/3/menus/4/menuItems/2/options/0;PENDENTE;
236;Vinho Tinto;Santa Magdalena Reserva Syrah;opcao;[sem rotulo];20000;200,00;false;69165b15308a9fdeff43731f;/body/3/menus/4/menuItems/3/options/0;PENDENTE;
237;Vinho Tinto;Catena Zapata Angelica Zapata Cabernet Franc Alta;opcao;[sem rotulo];60000;600,00;false;68c4941536bd68f44e7c1ba0;/body/3/menus/4/menuItems/4/options/0;PENDENTE;
238;Vinho Tinto;JACOPO BIONDI SANTI SASSOALORO;opcao;[sem rotulo];78000;780,00;false;69178b23308a9fdeff64b5a6;/body/3/menus/4/menuItems/5/options/0;PENDENTE;
239;Vinho Tinto;Pisano Rpf Petit Verdot;opcao;[sem rotulo];41500;415,00;false;672e8d35eae94ac3629fd6a1;/body/3/menus/4/menuItems/6/options/0;PENDENTE;
240;Vinho Tinto;Clos Apalta;opcao;[sem rotulo];357000;3570,00;false;672f8436eae94ac362d9882f;/body/3/menus/4/menuItems/7/options/0;PENDENTE;
241;Vinho Tinto;Brunello Di Montalcino Gaja;opcao;[sem rotulo];250000;2500,00;false;6855d39225dde101afb9e205;/body/3/menus/4/menuItems/8/options/0;PENDENTE;
242;Vinho Tinto;Catena Zapata Estiba Reservada;opcao;[sem rotulo];456000;4560,00;false;672f87a7332fc70f16ae2a24;/body/3/menus/4/menuItems/9/options/0;PENDENTE;
243;Vinho Tinto;Alión Ribera del Duero;opcao;[sem rotulo];298000;2980,00;false;68c48f4136bd68f44e7b1705;/body/3/menus/4/menuItems/10/options/0;PENDENTE;
244;Vinho Tinto;Pintia;opcao;[sem rotulo];237000;2370,00;false;6855d512fa436aaa7187f44b;/body/3/menus/4/menuItems/11/options/0;PENDENTE;
245;Vinho Tinto;Caymus cabernet sauvignon;opcao;[sem rotulo];258000;2580,00;false;672f8e1c2cce05a07923640e;/body/3/menus/4/menuItems/12/options/0;PENDENTE;
246;Vinho Tinto;Amayna Syrah;opcao;[sem rotulo];65000;650,00;false;67c4b0203da266f1f8f70a01;/body/3/menus/4/menuItems/13/options/0;PENDENTE;
247;Vinho Tinto;Meandro do Vale Meão;opcao;[sem rotulo];59000;590,00;false;68c494653276e01a50054af6;/body/3/menus/4/menuItems/14/options/0;PENDENTE;
248;Vinho Tinto;Catena Zapata Malbec Argentino Catena Zapata;opcao;[sem rotulo];228000;2280,00;false;68c48f9036bd68f44e7b21e7;/body/3/menus/4/menuItems/15/options/0;PENDENTE;
249;Vinho Tinto;Vosne Romanee;opcao;[sem rotulo];336000;3360,00;false;672f9a2ceae94ac362ece973;/body/3/menus/4/menuItems/16/options/0;PENDENTE;
250;Vinho Tinto;Roberto Riga;opcao;[sem rotulo];21000;210,00;false;6848a36f34dc829a48ebc110;/body/3/menus/4/menuItems/17/options/0;PENDENTE;
251;Vinho Tinto;Roccabaro chianti Reserva;opcao;[sem rotulo];31000;310,00;false;6aa9605a9d12d6d0f58026d9;/body/3/menus/4/menuItems/18/options/0;PENDENTE;
252;Vinho Tinto;Vallontano LH Zanini;opcao;[sem rotulo];39000;390,00;false;68a1f1848eb3b14989e4b025;/body/3/menus/4/menuItems/19/options/0;PENDENTE;
253;Vinho Tinto;Bourgogne Rouge;opcao;[sem rotulo];81000;810,00;false;697e723feb20f30dc91d355c;/body/3/menus/4/menuItems/20/options/0;PENDENTE;
254;Vinho Tinto;DV Catena Cabernet-Malbec;opcao;[sem rotulo];59000;590,00;false;69d02a8f153e136f14e4120a;/body/3/menus/4/menuItems/21/options/0;PENDENTE;
255;Vinho Tinto;Kabbalah Merlot;opcao;[sem rotulo];21000;210,00;false;6a287ce9b06eb265391a0ef3;/body/3/menus/4/menuItems/22/options/0;PENDENTE;
256;Vinho Tinto;Santa Magdalena Signature Pinot Noir;opcao;[sem rotulo];20000;200,00;false;6a4195dcf7e4a80f13493cf6;/body/3/menus/4/menuItems/23/options/0;PENDENTE;
257;Vinho Tinto;Santa Magdalena Signature;opcao;[sem rotulo];20000;200,00;false;6a419907f7e4a80f1349c1d1;/body/3/menus/4/menuItems/24/options/0;PENDENTE;
258;Vinho Tinto;Vinã tarapaca Gran Reserva;opcao;[sem rotulo];30000;300,00;false;6a9c7eb915a8adbc65993262;/body/3/menus/4/menuItems/25/options/0;PENDENTE;
259;Vinho Tinto;"Passo dei sani 'Terre di chieti"" IGT";opcao;[sem rotulo];20000;200,00;false;6a889a91e740a15c2cdd0fac;/body/3/menus/4/menuItems/26/options/0;PENDENTE;
260;Vinho Tinto;Vega Sicília Único Reserva Especial;opcao;[sem rotulo];1559000;15590,00;false;6aa06db88128ef0828fca594;/body/3/menus/4/menuItems/27/options/0;PENDENTE;
261;Vinho Taça;Santa Magdalena Reserva Chardonnay;opcao;[sem rotulo];4900;49,00;false;6921db0956eeb58d87fb13f6;/body/3/menus/5/menuItems/0/options/0;PENDENTE;
262;Vinho Taça;Santa Magdalena Reserva Cabernet Sauvigon;opcao;[sem rotulo];4900;49,00;false;66a5585c38b48ff5715b9767;/body/3/menus/5/menuItems/1/options/0;PENDENTE;
263;Vinho Taça;Alamos Torrontés;opcao;[sem rotulo];5900;59,00;false;68c494e23276e01a500565b2;/body/3/menus/5/menuItems/2/options/0;PENDENTE;
264;Vinho Taça;Kabbalah Merlot;opcao;[sem rotulo];4800;48,00;false;69ea54c5276bf15b4422b4bd;/body/3/menus/5/menuItems/3/options/0;PENDENTE;
265;Vinho Taça;Kabbalah Rose 2024;opcao;[sem rotulo];4500;45,00;false;69ea549f276bf15b4422b082;/body/3/menus/5/menuItems/4/options/0;PENDENTE;
266;Vinho 375ml;Catena Chardonnay;opcao;[sem rotulo];21000;210,00;false;67465896973ffde09001c38e;/body/3/menus/6/menuItems/0/options/0;PENDENTE;
267;Vinho 375ml;Carmen Insigne Carmenere;opcao;[sem rotulo];10500;105,00;false;67901691c87ca3e6393813ea;/body/3/menus/6/menuItems/1/options/0;PENDENTE;
268;Vinho 375ml;Chateau marjosse;opcao;[sem rotulo];29000;290,00;false;6a9c7f2d15a8adbc659959a8;/body/3/menus/6/menuItems/2/options/0;PENDENTE;
269;Vinho 375ml;Vinã bujanda;opcao;[sem rotulo];15000;150,00;false;6a9c7f5015a8adbc659966c0;/body/3/menus/6/menuItems/3/options/0;PENDENTE;
270;Vinho Sobremesa;Vinho do Porto;opcao;[sem rotulo];6500;65,00;false;6659d9da56e3c4ab17c9c42a;/body/3/menus/7/menuItems/0/options/0;PENDENTE;
271;Vinho Sobremesa;Tokaji Oremus Latest Harvest;opcao;[sem rotulo];97000;970,00;false;67390fb5973ffde0908a6c49;/body/3/menus/7/menuItems/1/options/0;PENDENTE;
272;Vinho Sobremesa;Graham´s 20 Anos Tawny;opcao;[sem rotulo];9500;95,00;false;69dadba358b41df72915b468;/body/3/menus/7/menuItems/2/options/0;PENDENTE;
273;Rolha;Quarta Feira;opcao;[sem rotulo];15000;150,00;false;66194df6f20e57006b0bd14a;/body/3/menus/8/menuItems/0/options/0;PENDENTE;
274;Rolha;Quinta Feira;opcao;[sem rotulo];15000;150,00;false;66194e0de67629006bd2da6a;/body/3/menus/8/menuItems/1/options/0;PENDENTE;
275;Rolha;Sexta Feira;opcao;[sem rotulo];15000;150,00;false;66194e26f20e57006b0bd183;/body/3/menus/8/menuItems/2/options/0;PENDENTE;
276;Rolha;Sábado;opcao;[sem rotulo];15000;150,00;false;66194e35f20e57006b0bd199;/body/3/menus/8/menuItems/3/options/0;PENDENTE;
277;Rolha;Domingo;opcao;[sem rotulo];15000;150,00;false;66194e42f20e57006b0bd1aa;/body/3/menus/8/menuItems/4/options/0;PENDENTE;
