ordem_item;restaurant_id;categoria;nome_item;source_item_id;source_option_id;rotulo_original;preco_bruto_centavos;preco_reais;promo_preco_bruto_centavos;promo_ativa;desativada;min_original;modifier_original;json_pointer;estado_fonte;status_revisao_humana;observacoes_ike
30;madonna_cucina;| Luce;Pelle;691b19d4308a9fdefff6c0d5;6a21c7f047eb8277f83782cc;;6200;62,00;0;false;false;0;False;/1/menus/0/menuItems/0/options/0;FONTE_VERIFICADA;PENDENTE;
31;madonna_cucina;| Luce;Primavera;691b19ea308a9fdefff6c23f;69e0ed6bf4731091155c3d6b;;5800;58,00;0;false;false;0;False;/1/menus/0/menuItems/1/options/0;FONTE_VERIFICADA;PENDENTE;
32;madonna_cucina;| Luce;Solaris del Giardino;691b1a09308a9fdefff6c421;6a0b7f80810ac84559c0737d;;5800;58,00;0;false;false;0;False;/1/menus/0/menuItems/2/options/0;FONTE_VERIFICADA;PENDENTE;
33;madonna_cucina;| Ombra;Dolce e Nero;691b1a70308a9fdefff6cf7a;6a0b7fb15c403f89ab857e18;;9800;98,00;0;false;false;0;False;/1/menus/1/menuItems/0/options/0;FONTE_VERIFICADA;PENDENTE;
34;madonna_cucina;| Ombra;Terracota;691b1a83308a9fdefff6d035;69275e051286fbb165ccbc7c;;6200;62,00;0;false;false;0;False;/1/menus/1/menuItems/1/options/0;FONTE_VERIFICADA;PENDENTE;
35;madonna_cucina;| Ombra;Vespro;691b1a92308a9fdefff6d121;6a0b7ff65c403f89ab85804b;;8800;88,00;0;false;false;0;False;/1/menus/1/menuItems/2/options/0;FONTE_VERIFICADA;PENDENTE;
36;madonna_cucina;| Releituras Madonna;Rosso Madonna;691b1a28308a9fdefff6c650;6a0b8066810ac84559c07a19;;6600;66,00;0;false;false;0;False;/1/menus/2/menuItems/0/options/0;FONTE_VERIFICADA;PENDENTE;
37;madonna_cucina;| Releituras Madonna;Negroni D’Oro;691b1a46308a9fdefff6cc37;6a0b81f4810ac84559c08b5b;;6600;66,00;0;false;false;0;False;/1/menus/2/menuItems/1/options/0;FONTE_VERIFICADA;PENDENTE;
38;madonna_cucina;| Releituras Madonna;Veludo Nero;691b1a5b308a9fdefff6ce6c;69275e981286fbb165ccde86;;7200;72,00;0;false;false;0;False;/1/menus/2/menuItems/2/options/0;FONTE_VERIFICADA;PENDENTE;
39;madonna_cucina;| Releituras Madonna;Negroni Du Papi ;69f8c7ce55153376bd08f4c6;69f8c88555153376bd090dec;;6600;66,00;0;false;false;0;False;/1/menus/2/menuItems/3/options/0;FONTE_VERIFICADA;PENDENTE;
40;madonna_cucina;| Spritz;Sbagliato;69245d546c464a20549b20c3;69275f191286fbb165ccf3a9;;5200;52,00;0;false;false;0;False;/1/menus/3/menuItems/0/options/0;FONTE_VERIFICADA;PENDENTE;
41;madonna_cucina;| Spritz;Aperol Spritz;69245d6a6c464a20549b240d;69275f451286fbb165ccfe46;;5600;56,00;0;false;false;0;False;/1/menus/3/menuItems/1/options/0;FONTE_VERIFICADA;PENDENTE;
42;madonna_cucina;| Spritz;Bellini;69245d796c464a20549b2684;69275f961286fbb165cd0f8a;;5000;50,00;0;false;false;0;False;/1/menus/3/menuItems/2/options/0;FONTE_VERIFICADA;PENDENTE;
43;madonna_cucina;| Clássicos;Negroni ;691b1aab308a9fdefff6d2f8;6a0b823b810ac84559c0901d;;5800;58,00;0;false;false;0;False;/1/menus/4/menuItems/0/options/0;FONTE_VERIFICADA;PENDENTE;
44;madonna_cucina;| Clássicos;Americano;691b1ab9308a9fdefff6d3a4;69275ff01286fbb165cd2328;;5200;52,00;0;false;false;0;False;/1/menus/4/menuItems/1/options/0;FONTE_VERIFICADA;PENDENTE;
45;madonna_cucina;| Clássicos;Boulevardier;691b1ac7308a9fdefff6d4b5;69245dd16c464a20549b3800;;5800;58,00;0;false;false;0;False;/1/menus/4/menuItems/2/options/0;FONTE_VERIFICADA;PENDENTE;
46;madonna_cucina;| Clássicos;Amaretto Sour ;691b1b47308a9fdefff6df23;6927602d1286fbb165cd32ac;;5600;56,00;0;false;false;0;False;/1/menus/4/menuItems/3/options/0;FONTE_VERIFICADA;PENDENTE;
47;madonna_cucina;| Clássicos;Dry Martini ;691b1b54308a9fdefff6e00d;692760901286fbb165cd4bc0;;5800;58,00;0;false;false;0;False;/1/menus/4/menuItems/4/options/0;FONTE_VERIFICADA;PENDENTE;
48;madonna_cucina;| Clássicos;Fitzgerald;691b1b61308a9fdefff6e0aa;692760b91286fbb165cd55f3;;5800;58,00;0;false;false;0;False;/1/menus/4/menuItems/5/options/0;FONTE_VERIFICADA;PENDENTE;
49;madonna_cucina;| Clássicos;Penicillin;691b1b6d308a9fdefff6e1be;692760d91286fbb165cd5dad;;6200;62,00;0;false;false;0;False;/1/menus/4/menuItems/6/options/0;FONTE_VERIFICADA;PENDENTE;
50;madonna_cucina;| Clássicos;Whisky Sour;691b1b3a308a9fdefff6ddc3;692761091286fbb165cd6781;;5400;54,00;0;false;false;0;False;/1/menus/4/menuItems/7/options/0;FONTE_VERIFICADA;PENDENTE;
51;madonna_cucina;| Clássicos;Cosmopolitan;691b1b1a308a9fdefff6da8f;692761a51286fbb165cd7e32;;5600;56,00;0;false;false;0;False;/1/menus/4/menuItems/8/options/0;FONTE_VERIFICADA;PENDENTE;
52;madonna_cucina;| Clássicos;Espresso Martini;691b1b2c308a9fdefff6dc9b;69245e8a6c464a20549b6405;;5600;56,00;0;false;false;0;False;/1/menus/4/menuItems/9/options/0;FONTE_VERIFICADA;PENDENTE;
53;madonna_cucina;| Clássicos;Margarita;691b1b0c308a9fdefff6d9c1;692761c51286fbb165cd8569;;5800;58,00;0;false;false;0;False;/1/menus/4/menuItems/10/options/0;FONTE_VERIFICADA;PENDENTE;
54;madonna_cucina;| Clássicos;Gin & Tônica;69245eb16c464a20549b686a;692761f01286fbb165cd8f5e;;5200;52,00;0;false;false;0;False;/1/menus/4/menuItems/11/options/0;FONTE_VERIFICADA;PENDENTE;
55;madonna_cucina;| Clássicos;Carajillo;69245ecc6c464a20549b6af6;692762031286fbb165cd92db;;5400;54,00;0;false;false;0;False;/1/menus/4/menuItems/12/options/0;FONTE_VERIFICADA;PENDENTE;
56;madonna_cucina;| Clássicos Brasileiro;Macunaima;69245fd66c464a20549b99e7;6927625a1286fbb165cda56c;;5200;52,00;0;false;false;0;False;/1/menus/5/menuItems/0/options/0;FONTE_VERIFICADA;PENDENTE;
57;madonna_cucina;| Clássicos Brasileiro;Rabo de Galo;69245ff26c464a20549ba395;692762721286fbb165cdab23;;5200;52,00;0;false;false;0;False;/1/menus/5/menuItems/1/options/0;FONTE_VERIFICADA;PENDENTE;
58;madonna_cucina;| Mocktails;Bellini Bianco;691b1b8d308a9fdefff6e45f;6a0b8045235c51ddf5ce8fe9;;3600;36,00;0;false;false;0;False;/1/menus/6/menuItems/0/options/0;FONTE_VERIFICADA;PENDENTE;
59;madonna_cucina;| Mocktails;Acqua Verde;691b1bcc308a9fdefff6eb4d;6a0b8023235c51ddf5ce8d81;;3400;34,00;0;false;false;0;False;/1/menus/6/menuItems/1/options/0;FONTE_VERIFICADA;PENDENTE;
60;madonna_cucina;Cervejas;Birra Moretti;691b1d25308a9fdefff70cd2;69e104c6f47310911560f09f;;6600;66,00;0;false;false;0;False;/1/menus/7/menuItems/0/options/0;FONTE_VERIFICADA;PENDENTE;
61;madonna_cucina;| Softs;Água Sem Gás;691b1d08308a9fdefff70906;69e105b8f4731091156125ed;;1200;12,00;0;false;false;0;False;/1/menus/8/menuItems/0/options/0;FONTE_VERIFICADA;PENDENTE;
62;madonna_cucina;| Softs;Água com Gás;691b1ce3308a9fdefff70541;69e105c8f473109115612823;;1200;12,00;0;false;false;0;False;/1/menus/8/menuItems/1/options/0;FONTE_VERIFICADA;PENDENTE;
63;madonna_cucina;| Softs;Aqua Panna;691b1d17308a9fdefff709f1;69e0f7339564903b73d23711;;3600;36,00;0;false;false;0;False;/1/menus/8/menuItems/2/options/0;FONTE_VERIFICADA;PENDENTE;
64;madonna_cucina;| Softs;San Pellegrino;691b1c09308a9fdefff6f3f7;69e0f993f4731091155e2638;;3600;36,00;0;false;false;0;False;/1/menus/8/menuItems/3/options/0;FONTE_VERIFICADA;PENDENTE;
65;madonna_cucina;| Softs;Coca-Cola;691b1d42308a9fdefff70fa2;69e0fa1af4731091155e456f;KS;1200;12,00;0;false;false;0;False;/1/menus/8/menuItems/4/options/0;FONTE_VERIFICADA;PENDENTE;
66;madonna_cucina;| Softs;Coca-Cola Zero ;691b1d4e308a9fdefff710b5;69e0fa2bf4731091155e4b1c;KS;1200;12,00;0;false;false;0;False;/1/menus/8/menuItems/5/options/0;FONTE_VERIFICADA;PENDENTE;
67;madonna_cucina;| Softs;Suco de Uva Tinta Vila Pina;691b1bf2308a9fdefff6f0c6;69e0fa74f4731091155e5ac1;;2600;26,00;0;false;false;0;False;/1/menus/8/menuItems/6/options/0;FONTE_VERIFICADA;PENDENTE;
68;madonna_cucina;| Doses | Whisky;Chivas 12 anos;691b1dae308a9fdefff71978;69e0fad7f4731091155e772d;;5200;52,00;0;false;false;0;False;/1/menus/9/menuItems/0/options/0;FONTE_VERIFICADA;PENDENTE;
69;madonna_cucina;| Doses | Whisky;Chivas 18 anos ;691b1dbe308a9fdefff71b21;69e0fb88f4731091155ea6ee;;12800;128,00;0;false;false;0;False;/1/menus/9/menuItems/1/options/0;FONTE_VERIFICADA;PENDENTE;
70;madonna_cucina;| Doses | Whisky;Buchanas Deluxe 12;6924629e6c464a20549c0179;69e0fba0f4731091155eac8a;;5200;52,00;0;false;false;0;False;/1/menus/9/menuItems/2/options/0;FONTE_VERIFICADA;PENDENTE;
71;madonna_cucina;| Doses | Whisky Single Malt;Macallan 12 anos;691b1dcb308a9fdefff71cb0;69e0fcf3f4731091155ef9ef;;19800;198,00;0;false;false;0;False;/1/menus/10/menuItems/0/options/0;FONTE_VERIFICADA;PENDENTE;
72;madonna_cucina;| Doses | Whisky Single Malt;Macallan 15 anos ;691b1dd9308a9fdefff71d5c;69e0fd66f4731091155f106f;;45700;457,00;0;false;false;0;False;/1/menus/10/menuItems/1/options/0;FONTE_VERIFICADA;PENDENTE;
73;madonna_cucina;| Doses | Whisky Single Malt;Macallan 18 anos ;691b1de9308a9fdefff71e7c;69e0fd79f4731091155f1923;;62000;620,00;0;false;false;0;False;/1/menus/10/menuItems/2/options/0;FONTE_VERIFICADA;PENDENTE;
74;madonna_cucina;| Doses | Bourbon & Rye;Woodford Reserve;6924631d6c464a20549c0cbf;69e0fee8f4731091155f769e;;6200;62,00;0;false;false;0;False;/1/menus/11/menuItems/0/options/0;FONTE_VERIFICADA;PENDENTE;
75;madonna_cucina;| Doses | Cachaça;Princesa Isabel Balsamo e Jaqueira;6924633b6c464a20549c0ed1;69e0ff65f4731091155f9709;;4200;42,00;0;false;false;0;False;/1/menus/12/menuItems/0/options/0;FONTE_VERIFICADA;PENDENTE;
76;madonna_cucina;| Doses | Cachaça;Cachaça Princesa Isabel Prata Capital;692463596c464a20549c118e;69e0ff7cf4731091155f9def;;3800;38,00;0;false;false;0;False;/1/menus/12/menuItems/1/options/0;FONTE_VERIFICADA;PENDENTE;
77;madonna_cucina;| Doses | Rum;Rum Havana Club 7 Anos;692463766c464a20549c145d;69e0ffd2f4731091155fb6b4;;5600;56,00;0;false;false;0;False;/1/menus/13/menuItems/0/options/0;FONTE_VERIFICADA;PENDENTE;
78;madonna_cucina;| Doses | Rum;Rum Zacapa 23;6924638a6c464a20549c1937;69e0ffe2f4731091155fbe58;;7800;78,00;0;false;false;0;False;/1/menus/13/menuItems/1/options/0;FONTE_VERIFICADA;PENDENTE;
79;madonna_cucina;| Doses | Tequila;Don Julio 1942;691b1df7308a9fdefff72136;69e100e6f473109115600520;;32000;320,00;0;false;false;0;False;/1/menus/14/menuItems/0/options/0;FONTE_VERIFICADA;PENDENTE;
80;madonna_cucina;| Doses | Tequila;Tequila Don Julio Blanco;691b1d8a308a9fdefff71608;69e100fbf473109115600cac;;6600;66,00;0;false;false;0;False;/1/menus/14/menuItems/1/options/0;FONTE_VERIFICADA;PENDENTE;
81;madonna_cucina;| Doses | Tequila;Tequila Don Julio Reposado;691b1d9e308a9fdefff7177e;69e1010ef473109115601360;;9200;92,00;0;false;false;0;False;/1/menus/14/menuItems/2/options/0;FONTE_VERIFICADA;PENDENTE;
82;madonna_cucina;| Doses | Tequila;Tequila Don Julio Anejo;691b1d7d308a9fdefff71558;69e10120f47310911560190a;;11000;110,00;0;false;false;0;False;/1/menus/14/menuItems/3/options/0;FONTE_VERIFICADA;PENDENTE;
83;madonna_cucina;| Doses | Vodka;Grey Goose;692465ea6c464a20549c64b6;69e101d8380418a39fe9d66f;;4200;42,00;0;false;false;0;False;/1/menus/15/menuItems/0/options/0;FONTE_VERIFICADA;PENDENTE;
84;madonna_cucina;| Doses | Licores;Licor 43 ;691b1d6f308a9fdefff71444;69e10438f47310911560ccd2;;4200;42,00;0;false;false;0;False;/1/menus/16/menuItems/0/options/0;FONTE_VERIFICADA;PENDENTE;
85;madonna_cucina;| Doses | Licores;Disaronno;692465a26c464a20549c5cf9;69e10447f47310911560d042;;4800;48,00;0;false;false;0;False;/1/menus/16/menuItems/1/options/0;FONTE_VERIFICADA;PENDENTE;
86;madonna_cucina;| Doses | Licores;Lemoncello ;692465bb6c464a20549c5fea;69e1045cf47310911560d470;;3600;36,00;0;false;false;0;False;/1/menus/16/menuItems/2/options/0;FONTE_VERIFICADA;PENDENTE;
87;madonna_cucina;| Doses | Licores;Baileys;692465cd6c464a20549c61a1;69e10475f47310911560dd65;;3600;36,00;0;false;false;0;False;/1/menus/16/menuItems/3/options/0;FONTE_VERIFICADA;PENDENTE;
88;madonna_cucina;| Espumantes e Champagnes;Vallontano Brut;691b1e5a308a9fdefff72c9a;699ca40b41b53e197c36eb89;750ml;22700;227,00;0;false;false;0;False;/2/menus/0/menuItems/0/options/0;FONTE_VERIFICADA;PENDENTE;
89;madonna_cucina;| Espumantes e Champagnes;Vallontano Brut Rosé;691b1e6f308a9fdefff72df5;699ca7fc41b53e197c37a7c2;750ml;23300;233,00;0;false;false;0;False;/2/menus/0/menuItems/1/options/0;FONTE_VERIFICADA;PENDENTE;
90;madonna_cucina;| Espumantes e Champagnes;LH Zanini Nature;691b1e8c308a9fdefff73318;699ca89c41b53e197c37c3b7;750ml;33000;330,00;0;false;false;0;False;/2/menus/0/menuItems/2/options/0;FONTE_VERIFICADA;PENDENTE;
91;madonna_cucina;| Espumantes e Champagnes;Prosecco Cabert Extra Dry DOC;69dea1d558b41df729759a08;69dea1d558b41df729759a09;750ml;29900;299,00;0;false;false;0;False;/2/menus/0/menuItems/3/options/0;FONTE_VERIFICADA;PENDENTE;
92;madonna_cucina;| Espumantes e Champagnes;Franciacorta Cuvee Prestige Brut;69259f0f43da3d05216ad76d;699ca92941b53e197c37de0b;750ml;131600;1316,00;0;false;false;0;False;/2/menus/0/menuItems/4/options/0;FONTE_VERIFICADA;PENDENTE;
93;madonna_cucina;| Espumantes e Champagnes;Luis Pato Vinha Pan Brut Natrure;69de902b58b41df7297353a4;69de902b58b41df7297353a5;750ml;79500;795,00;0;false;false;0;False;/2/menus/0/menuItems/5/options/0;FONTE_VERIFICADA;PENDENTE;
94;madonna_cucina;| Espumantes e Champagnes;Krug Grande Cuvèe Brut;69288e2714f506c7fed2c1da;699ca95b41b53e197c37e8da;750ml;390000;3900,00;0;false;false;0;False;/2/menus/0/menuItems/6/options/0;FONTE_VERIFICADA;PENDENTE;
95;madonna_cucina;| Espumantes e Champagnes;Veuve Clicquot Brut;69372e1fd871d329d52bce43;69fe63a20148725e86e8c249;750ml;77200;772,00;0;false;false;0;False;/2/menus/0/menuItems/7/options/0;FONTE_VERIFICADA;PENDENTE;
96;madonna_cucina;| Espumantes e Champagnes;Cristal;69374b0127816f09fbb31151;69e135f5f47310911569155e;750ml;714500;7145,00;0;false;false;0;False;/2/menus/0/menuItems/8/options/0;FONTE_VERIFICADA;PENDENTE;
97;madonna_cucina;| Espumantes e Champagnes;Champagne Bollinger Special Cuvée Brut;69de8e2c58b41df72972fc28;69de8e2c58b41df72972fc29;750ml;196600;1966,00;0;false;false;0;False;/2/menus/0/menuItems/9/options/0;FONTE_VERIFICADA;PENDENTE;
98;madonna_cucina;| Espumantes e Champagnes;Louis Roederer Collection 242;69e12425f4731091156620a3;69e135aef473109115690af8;750ml;99900;999,00;0;false;false;0;False;/2/menus/0/menuItems/10/options/0;FONTE_VERIFICADA;PENDENTE;
99;madonna_cucina;| Brancos;Vallontano Blanc;6925a00443da3d05216aeb0d;699ca7cf41b53e197c379d40;750ml;25300;253,00;0;false;false;0;False;/2/menus/1/menuItems/0/options/0;FONTE_VERIFICADA;PENDENTE;
100;madonna_cucina;| Brancos;Tistin Roero;6925a05f43da3d05216af121;69deb2b058b41df729796de1;750ml;55400;554,00;0;false;false;0;False;/2/menus/1/menuItems/1/options/0;FONTE_VERIFICADA;PENDENTE;
101;madonna_cucina;| Brancos; Regaleali Bianco;6925a25a43da3d05216b1a13;699ca0185009c46ed73bf571;750ml;34700;347,00;0;false;false;0;False;/2/menus/1/menuItems/2/options/0;FONTE_VERIFICADA;PENDENTE;
102;madonna_cucina;| Brancos;Mandolás;6925a2c170e886e93e2062a6;699caaff41b53e197c384834;750ml;98200;982,00;0;false;false;0;False;/2/menus/1/menuItems/3/options/0;FONTE_VERIFICADA;PENDENTE;
103;madonna_cucina;| Brancos;Le Cabanon des Alexandrins ;6925a93470e886e93e2119ce;699ca6e941b53e197c377227;750ml;38200;382,00;0;false;false;0;False;/2/menus/1/menuItems/4/options/0;FONTE_VERIFICADA;PENDENTE;
104;madonna_cucina;| Brancos;Soalheiro Allo;6925aaf070e886e93e215e20;699cabea41b53e197c388719;750ml;35800;358,00;0;false;false;0;False;/2/menus/1/menuItems/5/options/0;FONTE_VERIFICADA;PENDENTE;
105;madonna_cucina;| Brancos;Tapada de Coelheiros Blanc;6925ab6070e886e93e216df3;699cac1541b53e197c388e6a;750ml;115300;1153,00;0;false;false;0;False;/2/menus/1/menuItems/6/options/0;FONTE_VERIFICADA;PENDENTE;
106;madonna_cucina;| Brancos;Robertson Blanc;6925b1182072d85c974f4f05;6929cd60bd0d1b1db3b07a9d;750ml;19600;196,00;0;false;false;0;False;/2/menus/1/menuItems/7/options/0;FONTE_VERIFICADA;PENDENTE;
107;madonna_cucina;| Brancos;Luca Blanc;6925b1672072d85c974f58be;699cacd8f502be4f0c072bfa;750ml;58500;585,00;0;false;false;0;False;/2/menus/1/menuItems/8/options/0;FONTE_VERIFICADA;PENDENTE;
108;madonna_cucina;| Brancos;Fonteleoni Vernaccia di San Gimignano;6928a5712b69fb50e6727936;699ca12c5009c46ed73c36cc;750ml;43400;434,00;0;false;false;0;False;/2/menus/1/menuItems/9/options/0;FONTE_VERIFICADA;PENDENTE;
109;madonna_cucina;| Brancos;Mastroberardino Greco di Tufo;6928ac0a2b69fb50e673888c;699caa8741b53e197c382f32;750ml;65700;657,00;0;false;false;0;False;/2/menus/1/menuItems/10/options/0;FONTE_VERIFICADA;PENDENTE;
110;madonna_cucina;| Brancos;Hochheimer Guts QBA Troken;6928aee9816de541a52184a1;699caacd41b53e197c383d42;750ml;55800;558,00;0;false;false;0;False;/2/menus/1/menuItems/11/options/0;FONTE_VERIFICADA;PENDENTE;
111;madonna_cucina;| Brancos;La Petitte Perrière;6928b9ce377ecbfbcdd560e7;699ca75c41b53e197c378329;750ml;29900;299,00;0;false;false;0;False;/2/menus/1/menuItems/12/options/0;FONTE_VERIFICADA;PENDENTE;
112;madonna_cucina;| Brancos;Dopff Au Moulin ;6928bc68377ecbfbcdd5f80a;699cab2e41b53e197c38575b;750ml;48200;482,00;0;false;false;0;False;/2/menus/1/menuItems/13/options/0;FONTE_VERIFICADA;PENDENTE;
113;madonna_cucina;| Brancos;Chablis Tete d'Or;6929b97e5597d385b4960039;699c9f205009c46ed73bbac0;750ml;128300;1283,00;0;false;false;0;False;/2/menus/1/menuItems/14/options/0;FONTE_VERIFICADA;PENDENTE;
114;madonna_cucina;| Brancos;Mâcon-Villages;6929bc51be21817255b66bf7;699ca4e141b53e197c3716f3;750ml;62000;620,00;0;false;false;0;False;/2/menus/1/menuItems/15/options/0;FONTE_VERIFICADA;PENDENTE;
115;madonna_cucina;| Brancos;Viña Bujanda Blanc;6929c1332a0a0c78e487d3e8;699cabbf41b53e197c387d03;750ml;36700;367,00;0;false;false;0;False;/2/menus/1/menuItems/16/options/0;FONTE_VERIFICADA;PENDENTE;
116;madonna_cucina;| Brancos;Basa Blanc;6929c28f2a0a0c78e4882e78;699ca67341b53e197c375d1c;750ml;46000;460,00;0;false;false;0;False;/2/menus/1/menuItems/17/options/0;FONTE_VERIFICADA;PENDENTE;
117;madonna_cucina;| Brancos;Y Series ;6929ca79c39743f19c5890c2;699cac5441b53e197c389c25;750ml;52300;523,00;0;false;false;0;False;/2/menus/1/menuItems/18/options/0;FONTE_VERIFICADA;PENDENTE;
118;madonna_cucina;| Brancos;Barista ;6929cce4bd0d1b1db3b0590c;699caca841b53e197c38aa1d;750ml;44200;442,00;0;false;false;0;False;/2/menus/1/menuItems/19/options/0;FONTE_VERIFICADA;PENDENTE;
119;madonna_cucina;| Brancos;El Enemigo Blanc;6929cf3fbd0d1b1db3b0eb2b;699cad2058fc9226a5fb557f;750ml;48500;485,00;0;false;false;0;False;/2/menus/1/menuItems/20/options/0;FONTE_VERIFICADA;PENDENTE;
120;madonna_cucina;| Brancos;Château Latour-Martillac Blanc ;692cb78c157a8dc15dedd29d;692cb78c157a8dc15dedd29e;750ml;178700;1787,00;0;false;false;0;False;/2/menus/1/menuItems/21/options/0;FONTE_VERIFICADA;PENDENTE;
121;madonna_cucina;| Brancos;MONOGRAPH MOSCHOFILERO;69de90a158b41df729736b2b;69de90a158b41df729736b2c;750ml;37200;372,00;0;false;false;0;False;/2/menus/1/menuItems/22/options/0;FONTE_VERIFICADA;PENDENTE;
122;madonna_cucina;| Brancos;Deux Montille Puligny Montrachet La Garenne;69de91c858b41df72973a2fe;69de91c858b41df72973a2ff;750ml;356600;3566,00;0;false;false;0;False;/2/menus/1/menuItems/23/options/0;FONTE_VERIFICADA;PENDENTE;
123;madonna_cucina;| Brancos;"Gaierhof ""Nosiola"" DOC";69dea2d958b41df72975c2f8;69dea2d958b41df72975c2f9;750ml;26500;265,00;0;false;false;0;False;/2/menus/1/menuItems/24/options/0;FONTE_VERIFICADA;PENDENTE;
124;madonna_cucina;| Brancos;Marani Bianco;69dea30a58b41df72975cd4e;69dea30a58b41df72975cd4f;750ml;31000;310,00;0;false;false;0;False;/2/menus/1/menuItems/25/options/0;FONTE_VERIFICADA;PENDENTE;
125;madonna_cucina;| Brancos;Vinho Branco La Ciocca Malvasia DOC;69dea34058b41df72975d76e;69dea34058b41df72975d76f;750ml;22300;223,00;0;false;false;0;False;/2/menus/1/menuItems/26/options/0;FONTE_VERIFICADA;PENDENTE;
126;madonna_cucina;| Brancos;Guerriero Bianco IGT;69dea7d558b41df729769724;69dea7d558b41df729769725;750ml;29300;293,00;0;false;false;0;False;/2/menus/1/menuItems/27/options/0;FONTE_VERIFICADA;PENDENTE;
127;madonna_cucina;| Brancos;Abadia De San Campio;69e12541f4731091156645f5;69e12541f4731091156645f6;750ml;44700;447,00;0;false;false;0;False;/2/menus/1/menuItems/28/options/0;FONTE_VERIFICADA;PENDENTE;
128;madonna_cucina;| Brancos;Tarapaca Gran Reserva Sauvignon Blanc;69e12586c31aa4aaf9092f02;69e12586c31aa4aaf9092f03;750ml;28600;286,00;0;false;false;0;False;/2/menus/1/menuItems/29/options/0;FONTE_VERIFICADA;PENDENTE;
129;madonna_cucina;| Rosés;Regaleali Le Rose IGT;6925b796774d3e8a0e837629;699cad7958fc9226a5fb5ace;750ml;34400;344,00;0;false;false;0;False;/2/menus/2/menuItems/0/options/0;FONTE_VERIFICADA;PENDENTE;
130;madonna_cucina;| Rosés;Bayanegra Rose;6929d4db529e64ebe3b2b2ca;6929d4db529e64ebe3b2b2cb;750ml;18900;189,00;0;false;false;0;False;/2/menus/2/menuItems/1/options/0;FONTE_VERIFICADA;PENDENTE;
131;madonna_cucina;| Rosés;Coelheiros Rosado;6929d6f3cbfbebea83b50b0b;699cadb458fc9226a5fb638b;750ml;45400;454,00;0;false;false;0;False;/2/menus/2/menuItems/2/options/0;FONTE_VERIFICADA;PENDENTE;
132;madonna_cucina;| Rosés;Studio By Miraval;6929d8eccbfbebea83b56851;699cade858fc9226a5fb6dcc;750ml;52300;523,00;0;false;false;0;False;/2/menus/2/menuItems/3/options/0;FONTE_VERIFICADA;PENDENTE;
133;madonna_cucina;| Rosés;"""A"" D'Aaussières";6929dbae2a53628c9afb2bb4;699ca72e41b53e197c377c2a;750ml;31700;317,00;0;false;false;0;False;/2/menus/2/menuItems/4/options/0;FONTE_VERIFICADA;PENDENTE;
134;madonna_cucina;| Rosés;Tenuta Delle Terre Nere Etna Rosato;69de933358b41df72973d2dc;69de933358b41df72973d2dd;750ml;0;0,00;0;false;false;0;False;/2/menus/2/menuItems/5/options/0;FONTE_VERIFICADA;PENDENTE;
135;madonna_cucina;| Rosés;"Gaieorhf ""Schiava"" IGT Rosato ";69dea8ae58b41df72976cf4b;69dea8ae58b41df72976cf4c;750ml;27500;275,00;0;false;false;0;False;/2/menus/2/menuItems/6/options/0;FONTE_VERIFICADA;PENDENTE;
136;madonna_cucina;| Rosés;Mabilia Ciro DOC Rosato;69dea970285ea768b135dc39;69dea970285ea768b135dc3a;750ml;30300;303,00;0;false;false;0;False;/2/menus/2/menuItems/7/options/0;FONTE_VERIFICADA;PENDENTE;
137;madonna_cucina;| Rosés;Domaine Ott Clos Mireille Cotes De Provence Rose;69e125c3f47310911566567c;69e13642f473109115692235;750ml;86300;863,00;0;false;false;0;False;/2/menus/2/menuItems/8/options/0;FONTE_VERIFICADA;PENDENTE;
138;madonna_cucina;| Tintos;Chryseia ;692758a03d3494e4328921c9;699e1c6790867999b1bf50ef;750ml;262500;2625,00;0;false;false;0;False;/2/menus/3/menuItems/0/options/0;FONTE_VERIFICADA;PENDENTE;
139;madonna_cucina;| Tintos;Barbaresco DOCG ;6929e79ea111687529f0ab15;6929e79ea111687529f0ab16;750ml;141000;1410,00;0;false;false;0;False;/2/menus/3/menuItems/1/options/0;FONTE_VERIFICADA;PENDENTE;
140;madonna_cucina;| Tintos;Famille Perrin Côtes-du-Rhône Resereve 1,5L;6927539e678923ece85fcf88;699cb04f639716c7a2b68acb;Magnum;89900;899,00;0;false;false;0;False;/2/menus/3/menuItems/2/options/0;FONTE_VERIFICADA;PENDENTE;
141;madonna_cucina;| Tintos;Dehesa La Granja;692753d0678923ece85fdd20;699c9f5c5009c46ed73bc5b7;750ml;45400;454,00;0;false;false;0;False;/2/menus/3/menuItems/3/options/0;FONTE_VERIFICADA;PENDENTE;
142;madonna_cucina;| Tintos;Pintia;692753f2678923ece85fe5e6;692b246840b557edda072c0a;750ml;237000;2370,00;0;false;false;0;False;/2/menus/3/menuItems/4/options/0;FONTE_VERIFICADA;PENDENTE;
143;madonna_cucina;| Tintos;"Corriente ""Bueno de Diario""";69275561a1f713322ef3dc05;699c9ed75009c46ed73baacd;750ml;45400;454,00;0;false;false;0;False;/2/menus/3/menuItems/5/options/0;FONTE_VERIFICADA;PENDENTE;
144;madonna_cucina;| Tintos;Vallontano Reserva ;6925e7b74ca04d4034d10cef;699c9e695009c46ed73b9340;750ml;22500;225,00;0;false;false;0;False;/2/menus/3/menuItems/6/options/0;FONTE_VERIFICADA;PENDENTE;
145;madonna_cucina;| Tintos;Kadette Cape Blend ;69275ba11286fbb165cc39c5;699cb46364864aa92fd40134;750ml;49600;496,00;0;false;false;0;False;/2/menus/3/menuItems/7/options/0;FONTE_VERIFICADA;PENDENTE;
146;madonna_cucina;| Tintos;Criações LH Zanini;6929e47f52ff28756ae27163;699ca6b041b53e197c37667a;750ml;39700;397,00;0;false;false;0;False;/2/menus/3/menuItems/8/options/0;FONTE_VERIFICADA;PENDENTE;
147;madonna_cucina;| Tintos;Barolo Rocche dell'Annunziata DOCG;6929eb76a7f0e58994d6bf47;699e1cbb90867999b1bf67ac;750ml;187700;1877,00;0;false;false;0;False;/2/menus/3/menuItems/9/options/0;FONTE_VERIFICADA;PENDENTE;
148;madonna_cucina;| Tintos;Amarone della Valpolicella Classico Sant'Urbano;6929f7bfc611d797c2df394c;699c9b223187e6ac9f18504c;750ml;131700;1317,00;0;false;false;0;False;/2/menus/3/menuItems/10/options/0;FONTE_VERIFICADA;PENDENTE;
149;madonna_cucina;| Tintos;Ghiaie della Furba;692a007f8b9dae1e055314ce;699c9fdc5009c46ed73be3da;750ml;120000;1200,00;0;false;false;0;False;/2/menus/3/menuItems/11/options/0;FONTE_VERIFICADA;PENDENTE;
150;madonna_cucina;| Tintos;"Magari ""Bolgheri"" IGP";692a01c88b9dae1e05534f61;699c9b623187e6ac9f18675f;750ml;135100;1351,00;0;false;false;0;False;/2/menus/3/menuItems/12/options/0;FONTE_VERIFICADA;PENDENTE;
151;madonna_cucina;| Tintos;"Sassicaia ""Bolgheri""";692a03418b9dae1e05539502;699caea8639716c7a2b6472e;750ml;602100;6021,00;0;false;false;0;False;/2/menus/3/menuItems/13/options/0;FONTE_VERIFICADA;PENDENTE;
152;madonna_cucina;| Tintos;Biondi-Santi Brunello di Montalcino DOCG;692a04718b9dae1e0553d565;699cae3058fc9226a5fb7b47;750ml;591800;5918,00;0;false;false;0;False;/2/menus/3/menuItems/14/options/0;FONTE_VERIFICADA;PENDENTE;
153;madonna_cucina;| Tintos;Epicuro;692a06b98b9dae1e05543bcd;6a065301810ac845598bb90f;750ml;31700;317,00;0;false;false;0;False;/2/menus/3/menuItems/15/options/0;FONTE_VERIFICADA;PENDENTE;
154;madonna_cucina;| Tintos;"Tenuta Regaleali ""Vgna San Francesco""";692a0d49d71f2cab21e2efb1;699caed6639716c7a2b6519d;750ml;131300;1313,00;0;false;false;0;False;/2/menus/3/menuItems/16/options/0;FONTE_VERIFICADA;PENDENTE;
155;madonna_cucina;| Tintos;Côte de Nuits-Villages Vieilles Vignes ;692a11fdbfd9075e2e6f0c62;699c999b3187e6ac9f17f105;750ml;141000;1410,00;0;false;false;0;False;/2/menus/3/menuItems/17/options/0;FONTE_VERIFICADA;PENDENTE;
156;madonna_cucina;| Tintos;Gevrey-Chambertin;692a1303bfd9075e2e6f620e;699caf3a639716c7a2b6628c;750ml;215500;2155,00;0;false;false;0;False;/2/menus/3/menuItems/18/options/0;FONTE_VERIFICADA;PENDENTE;
157;madonna_cucina;| Tintos;Château Sigognac;692a14c4bfd9075e2e6fda55;699c9d675009c46ed73b5215;750ml;56800;568,00;0;false;false;0;False;/2/menus/3/menuItems/19/options/0;FONTE_VERIFICADA;PENDENTE;
158;madonna_cucina;| Tintos;Vieux Château Saint André ;692a17b3bfd9075e2e70d01c;699caf9a639716c7a2b671a5;750ml;103400;1034,00;0;false;false;0;False;/2/menus/3/menuItems/20/options/0;FONTE_VERIFICADA;PENDENTE;
159;madonna_cucina;| Tintos;"Châteauneuf-du-Pape ""Château de Beaucastel""";692b1e8a8d5d40a89b2eff06;699c9a663187e6ac9f181c1c;750ml;281800;2818,00;0;false;false;0;False;/2/menus/3/menuItems/21/options/0;FONTE_VERIFICADA;PENDENTE;
160;madonna_cucina;| Tintos;Cepa Gavilán Crianza;692b262e40b557edda07dcac;699e1cef90867999b1bf70c1;750ml;64700;647,00;0;false;false;0;False;/2/menus/3/menuItems/22/options/0;FONTE_VERIFICADA;PENDENTE;
161;madonna_cucina;| Tintos;Flor de Pingus ;692b27c17e84a9f73979abf9;692b27c27e84a9f73979abfa;750ml;287500;2875,00;0;false;false;0;False;/2/menus/3/menuItems/23/options/0;FONTE_VERIFICADA;PENDENTE;
162;madonna_cucina;| Tintos;Vega Sicilia Unico;692b29635aedd376cad6d053;699cb0b2639716c7a2b69c54;750ml;1316400;13164,00;0;false;false;0;False;/2/menus/3/menuItems/24/options/0;FONTE_VERIFICADA;PENDENTE;
163;madonna_cucina;| Tintos;Viña Tondonia Reserva;692b2ded2a41b5505b76105a;699c9ad03187e6ac9f1838a4;750ml;146700;1467,00;0;false;false;0;False;/2/menus/3/menuItems/25/options/0;FONTE_VERIFICADA;PENDENTE;
164;madonna_cucina;| Tintos;Remelluri Gran Reserva;692b2f83a75e76fcae644e3b;699cb0f8639716c7a2b6a7e3;750ml;239800;2398,00;0;false;false;0;False;/2/menus/3/menuItems/26/options/0;FONTE_VERIFICADA;PENDENTE;
165;madonna_cucina;| Tintos;Font de La Figuera;692b330fa75e76fcae655d02;699cb15b639716c7a2b6bafb;750ml;121900;1219,00;0;false;false;0;False;/2/menus/3/menuItems/27/options/0;FONTE_VERIFICADA;PENDENTE;
166;madonna_cucina;| Tintos;Copa Real Oro;692b37aba75e76fcae668fb5;692b391da75e76fcae66fc3b;750ml;19200;192,00;0;false;false;0;False;/2/menus/3/menuItems/28/options/0;FONTE_VERIFICADA;PENDENTE;
167;madonna_cucina;| Tintos;Flam Reserve;692b3b3fa75e76fcae67841d;699cb1d6639716c7a2b6d7e4;750ml;103400;1034,00;0;false;false;0;False;/2/menus/3/menuItems/29/options/0;FONTE_VERIFICADA;PENDENTE;
168;madonna_cucina;| Tintos;Prazo de Roriz;692b3ce2a75e76fcae67e614;699cb206639716c7a2b6e1aa;750ml;48500;485,00;0;false;false;0;False;/2/menus/3/menuItems/30/options/0;FONTE_VERIFICADA;PENDENTE;
169;madonna_cucina;| Tintos;Quinta da Ponte Pedrinha;692b4135a75e76fcae68c7da;699ca4b541b53e197c370f28;750ml;28100;281,00;0;false;false;0;False;/2/menus/3/menuItems/31/options/0;FONTE_VERIFICADA;PENDENTE;
170;madonna_cucina;| Tintos;Quinta da Lagoalva Grande Reserva ;692b46a8a75e76fcae69ad24;692b46a8a75e76fcae69ad25;750ml;91100;911,00;0;false;false;0;False;/2/menus/3/menuItems/32/options/0;FONTE_VERIFICADA;PENDENTE;
171;madonna_cucina;| Tintos;Zagalos Reserva ;692b4916a75e76fcae6a1df3;699cb4036e5f428eb211cd1f;750ml;62000;620,00;0;false;false;0;False;/2/menus/3/menuItems/33/options/0;FONTE_VERIFICADA;PENDENTE;
172;madonna_cucina;| Tintos;Ridge Lytton Springs ;692b4a51a75e76fcae6a4f9d;699cb43564864aa92fd3fba2;750ml;122200;1222,00;0;false;false;0;False;/2/menus/3/menuItems/34/options/0;FONTE_VERIFICADA;PENDENTE;
173;madonna_cucina;| Tintos;Amayna;692b506aa75e76fcae6b57d1;699cb4a364864aa92fd41183;750ml;68300;683,00;0;false;false;0;False;/2/menus/3/menuItems/35/options/0;FONTE_VERIFICADA;PENDENTE;
174;madonna_cucina;| Tintos;Lapostolle Apalta;692b51b8a75e76fcae6b9cb3;699cb4d064864aa92fd41f44;750ml;41300;413,00;0;false;false;0;False;/2/menus/3/menuItems/36/options/0;FONTE_VERIFICADA;PENDENTE;
175;madonna_cucina;| Tintos;Cromas Gran Reserva;692b52bfa75e76fcae6bcc8f;699cb4fc64864aa92fd428af;750ml;44500;445,00;0;false;false;0;False;/2/menus/3/menuItems/37/options/0;FONTE_VERIFICADA;PENDENTE;
176;madonna_cucina;| Tintos;Clos Apalta;692b53dda75e76fcae6c05e4;699cb53064864aa92fd43136;750ml;338600;3386,00;0;false;false;0;False;/2/menus/3/menuItems/38/options/0;FONTE_VERIFICADA;PENDENTE;
177;madonna_cucina;| Tintos;Lapostolle Cuvée Alexandre;692b54d5a75e76fcae6c39e1;699ca48641b53e197c370613;750ml;68200;682,00;0;false;false;0;False;/2/menus/3/menuItems/39/options/0;FONTE_VERIFICADA;PENDENTE;
178;madonna_cucina;| Tintos;Rio de los Pájaros Reserva;692b55e1a75e76fcae6c6fad;699cb57264864aa92fd43e6b;750ml;35700;357,00;0;false;false;0;False;/2/menus/3/menuItems/40/options/0;FONTE_VERIFICADA;PENDENTE;
179;madonna_cucina;| Tintos;Pisano RPF;692b5691a75e76fcae6c936b;699cb5a464864aa92fd44adc;750ml;52300;523,00;0;false;false;0;False;/2/menus/3/menuItems/41/options/0;FONTE_VERIFICADA;PENDENTE;
180;madonna_cucina;| Tintos;El Enemigo;692b59c7878d1d942720ed37;699cb5db64864aa92fd45d3e;750ml;48500;485,00;0;false;false;0;False;/2/menus/3/menuItems/42/options/0;FONTE_VERIFICADA;PENDENTE;
181;madonna_cucina;| Tintos;Tikal Amorío;692b5b64878d1d9427213efc;699cb61c64864aa92fd46bd9;750ml;55800;558,00;0;false;false;0;False;/2/menus/3/menuItems/43/options/0;FONTE_VERIFICADA;PENDENTE;
182;madonna_cucina;| Tintos;Luca Vintage;692b5c7b878d1d942721749d;699cb65c64864aa92fd47a4e;750ml;58500;585,00;0;false;false;0;False;/2/menus/3/menuItems/44/options/0;FONTE_VERIFICADA;PENDENTE;
183;madonna_cucina;| Tintos;Petit Caro ;692b5d9c878d1d942721be9a;692b5d9c878d1d942721be9b;750ml;29900;299,00;0;false;false;0;False;/2/menus/3/menuItems/45/options/0;FONTE_VERIFICADA;PENDENTE;
184;madonna_cucina;| Tintos;Catena Zapata Estiba Reservada ;692b5e77878d1d942721ea21;699cb69664864aa92fd48696;750ml;432400;4324,00;0;false;false;0;False;/2/menus/3/menuItems/46/options/0;FONTE_VERIFICADA;PENDENTE;
185;madonna_cucina;| Tintos;On The Road ;692b5f7f878d1d94272224ab;699cb72964864aa92fd4a547;750ml;47500;475,00;0;false;false;0;False;/2/menus/3/menuItems/47/options/0;FONTE_VERIFICADA;PENDENTE;
186;madonna_cucina;| Tintos;Pieve Santa Restituta Brunello di Montalcino;69373698d871d329d52c80e0;699e1d2090867999b1bf7b06;750ml;271900;2719,00;0;false;false;0;False;/2/menus/3/menuItems/48/options/0;FONTE_VERIFICADA;PENDENTE;
187;madonna_cucina;| Tintos;Vosne Romanée;693743fcd871d329d52dadfa;6939979120d73ebda3341e53;750ml;336000;3360,00;0;false;false;0;False;/2/menus/3/menuItems/49/options/0;FONTE_VERIFICADA;PENDENTE;
188;madonna_cucina;| Tintos;Château Lynch-Bages Grand Cru Classé;69399e6e20d73ebda334dd75;699e1df890867999b1bf9d38;750ml;677400;6774,00;0;false;false;0;False;/2/menus/3/menuItems/50/options/0;FONTE_VERIFICADA;PENDENTE;
189;madonna_cucina;| Tintos;Morey-Saint-Denis Vieilles Vignes Domaine Stéphane Magnien;69de953958b41df729741b03;69de953958b41df729741b04;750ml;197500;1975,00;0;false;false;0;False;/2/menus/3/menuItems/51/options/0;FONTE_VERIFICADA;PENDENTE;
190;madonna_cucina;| Tintos;Chambolle-Musigny “Les Sentiers” 1er Cru (Domaine Robert Groffier);69de96a858b41df72974404d;69de96a858b41df72974404e;750ml;799900;7999,00;0;false;false;0;False;/2/menus/3/menuItems/52/options/0;FONTE_VERIFICADA;PENDENTE;
191;madonna_cucina;| Tintos;Savigny-Les-Beaune AOC (Domaine Simon Bize);69de984358b41df729748508;69de984358b41df729748509;750ml;130700;1307,00;0;false;false;0;False;/2/menus/3/menuItems/53/options/0;FONTE_VERIFICADA;PENDENTE;
192;madonna_cucina;| Tintos;Château Lafon Rochet;69de991f5add7de5decd9959;69de991f5add7de5decd995a;750ml;166500;1665,00;0;false;false;0;False;/2/menus/3/menuItems/54/options/0;FONTE_VERIFICADA;PENDENTE;
193;madonna_cucina;| Tintos;Château Léoville Poyferré;69de996558b41df72974ad7c;69de996558b41df72974ad7d;750ml;581400;5814,00;0;false;false;0;False;/2/menus/3/menuItems/55/options/0;FONTE_VERIFICADA;PENDENTE;
194;madonna_cucina;| Tintos;Post-Scriptum;69de9a0a2b2507b2687b7b2e;69de9a0a2b2507b2687b7b2f;750ml;82700;827,00;0;false;false;0;False;/2/menus/3/menuItems/56/options/0;FONTE_VERIFICADA;PENDENTE;
195;madonna_cucina;| Tintos;Buçaco Bairrada Tinto;69de9a722b2507b2687b7db6;69de9a722b2507b2687b7db7;750ml;159900;1599,00;0;false;false;0;False;/2/menus/3/menuItems/57/options/0;FONTE_VERIFICADA;PENDENTE;
196;madonna_cucina;| Tintos;Vinha Do Mouro;69de9af458b41df72974c2ca;69de9af458b41df72974c2cb;750ml;38200;382,00;0;false;false;0;False;/2/menus/3/menuItems/58/options/0;FONTE_VERIFICADA;PENDENTE;
197;madonna_cucina;| Tintos;Château Musar;69de9b3958b41df72974c9b9;69de9b3958b41df72974c9ba;750ml;139900;1399,00;0;false;false;0;False;/2/menus/3/menuItems/59/options/0;FONTE_VERIFICADA;PENDENTE;
198;madonna_cucina;| Tintos;Yalumba The Signature (cabernet Sauvignon Shiraz);69de9ba858b41df72974d94f;69de9ba858b41df72974d950;750ml;188100;1881,00;0;false;false;0;False;/2/menus/3/menuItems/60/options/0;FONTE_VERIFICADA;PENDENTE;
199;madonna_cucina;| Tintos;On The Road Pinot Noir from Patagonia;69de9da458b41df729751984;69de9da458b41df729751985;750ml;41500;415,00;0;false;false;0;False;/2/menus/3/menuItems/61/options/0;FONTE_VERIFICADA;PENDENTE;
200;madonna_cucina;| Tintos;Merlot Riserva Trentino DOC;69dea9ab285ea768b135e418;69dea9ab285ea768b135e419;750ml;30200;302,00;0;false;false;0;False;/2/menus/3/menuItems/62/options/0;FONTE_VERIFICADA;PENDENTE;
201;madonna_cucina;| Tintos;"Cabert Trivenezie  ""Pinot Nero"" IGT";69deaa6f58b41df72977144c;69deaa6f58b41df72977144d;750ml;20100;201,00;0;false;false;0;False;/2/menus/3/menuItems/63/options/0;FONTE_VERIFICADA;PENDENTE;
202;madonna_cucina;| Tintos;"Sforzato Di Valtellina ""Fiori Di Sparta"" DOCG";69deab7c58b41df729774919;69deab7c58b41df72977491a;750ml;66900;669,00;0;false;false;0;False;/2/menus/3/menuItems/64/options/0;FONTE_VERIFICADA;PENDENTE;
203;madonna_cucina;| Tintos;Porlapá Barbera D'Asti Superiore DOCG;69deacfe58b41df72977b861;69deacfe58b41df72977b862;750ml;51500;515,00;0;false;false;0;False;/2/menus/3/menuItems/65/options/0;FONTE_VERIFICADA;PENDENTE;
204;madonna_cucina;| Tintos;Barolo Boeri DOCG;69dead9c58b41df72977f613;69dead9c58b41df72977f614;750ml;119900;1199,00;0;false;false;0;False;/2/menus/3/menuItems/66/options/0;FONTE_VERIFICADA;PENDENTE;
205;madonna_cucina;| Tintos;Romulo IGT;69deae4058b41df729782fcb;69deae4058b41df729782fcc;750ml;19900;199,00;0;false;false;0;False;/2/menus/3/menuItems/67/options/0;FONTE_VERIFICADA;PENDENTE;
206;madonna_cucina;| Tintos;ORO DEI SANI CHIANTI CLASSICO DOCG;69deae7558b41df729783e50;69deae7558b41df729783e51;750ml;29900;299,00;0;false;false;0;False;/2/menus/3/menuItems/68/options/0;FONTE_VERIFICADA;PENDENTE;
207;madonna_cucina;| Tintos;Colle dei Medici Brunello di Montalcino Riserva DOCG;69deaef858b41df7297865a8;69deaef858b41df7297865a9;750ml;137200;1372,00;0;false;false;0;False;/2/menus/3/menuItems/69/options/0;FONTE_VERIFICADA;PENDENTE;
208;madonna_cucina;| Tintos;Galileo Colli Pasaresi Riserva DOC;69deafb3063ab3224846bc14;69deafb3063ab3224846bc15;750ml;30300;303,00;0;false;false;0;False;/2/menus/3/menuItems/70/options/0;FONTE_VERIFICADA;PENDENTE;
209;madonna_cucina;| Tintos;Passo Dei Sani Premium Rosso;69deb0090b1ee746399d2a55;69deb0090b1ee746399d2a56;750ml;19900;199,00;0;false;false;0;False;/2/menus/3/menuItems/71/options/0;FONTE_VERIFICADA;PENDENTE;
210;madonna_cucina;| Tintos;"Terre Carsiche ""Nero Di Troia"" IGT";69deb18058b41df729791904;69deb18058b41df729791905;750ml;20100;201,00;0;false;false;0;False;/2/menus/3/menuItems/72/options/0;FONTE_VERIFICADA;PENDENTE;
211;madonna_cucina;| Tintos;I Mori IGT;69deb21f58b41df7297956b6;69deb21f58b41df7297956b7;750ml;28200;282,00;0;false;false;0;False;/2/menus/3/menuItems/73/options/0;FONTE_VERIFICADA;PENDENTE;
212;madonna_cucina;| Tintos;Naxos Rosso Terre Siciliane ;69deb27458b41df72979681c;69deb27458b41df72979681d;750ml;29700;297,00;0;false;false;0;False;/2/menus/3/menuItems/74/options/0;FONTE_VERIFICADA;PENDENTE;
213;madonna_cucina;| Tintos;Second De Camensac;69e125f3c31aa4aaf9093b3a;69e125f3c31aa4aaf9093b3b;750ml;68800;688,00;0;false;false;0;False;/2/menus/3/menuItems/75/options/0;FONTE_VERIFICADA;PENDENTE;
214;madonna_cucina;| Tintos;Pauillac;69e12650f4731091156669ba;69e12650f4731091156669bb;750ml;171000;1710,00;0;false;false;0;False;/2/menus/3/menuItems/76/options/0;FONTE_VERIFICADA;PENDENTE;
215;madonna_cucina;| Tintos;Petit Pittacum ;69e126aff4731091156678f9;69e126aff4731091156678fa;750ml;28700;287,00;0;false;false;0;False;/2/menus/3/menuItems/77/options/0;FONTE_VERIFICADA;PENDENTE;
216;madonna_cucina;| Tintos;Emilio Moro ;69e126e3f4731091156680f7;69e126e3f4731091156680f8;750ml;63200;632,00;0;false;false;0;False;/2/menus/3/menuItems/78/options/0;FONTE_VERIFICADA;PENDENTE;
217;madonna_cucina;| Tintos;Emilio Moro Malleolus;69e1272cf473109115668c51;69e1272cf473109115668c52;750ml;99800;998,00;0;false;false;0;False;/2/menus/3/menuItems/79/options/0;FONTE_VERIFICADA;PENDENTE;
218;madonna_cucina;| Tintos;Tarapaca Gran Reserva Syrah;69e127c3f47310911566a7b5;69e127c3f47310911566a7b6;750ml;29600;296,00;0;false;false;0;False;/2/menus/3/menuItems/80/options/0;FONTE_VERIFICADA;PENDENTE;
219;madonna_cucina;| Tintos;ALTA VISTA ATEMPORAL;69e12802f47310911566b66f;69e12802f47310911566b670;750ml;29700;297,00;0;false;false;0;False;/2/menus/3/menuItems/81/options/0;FONTE_VERIFICADA;PENDENTE;
221;madonna_cucina;| Tintos;Charmes De Kirwan;69fcf82555153376bd6a1337;69fcf82555153376bd6a1338;750ml;136000;1360,00;0;false;false;0;False;/2/menus/3/menuItems/83/options/0;FONTE_VERIFICADA;PENDENTE;
222;madonna_cucina;| Tintos;Luzon Crianza Seleccion;69fcf90e55153376bd6a3498;69fcf90e55153376bd6a3499;750ml;41500;415,00;0;false;false;0;False;/2/menus/3/menuItems/84/options/0;FONTE_VERIFICADA;PENDENTE;
223;madonna_cucina;| Tintos;Viña Progreso Sueños De Elisa Open Barrel Tannat;69fcfa3e55153376bd6a7274;69fcfa3e55153376bd6a7275;750ml;99900;999,00;0;false;false;0;False;/2/menus/3/menuItems/85/options/0;FONTE_VERIFICADA;PENDENTE;
224;madonna_cucina;| Doces | Sobremesas; Capofaro di Salina;6927607d1286fbb165cd48d5;699cb77a64864aa92fd4b3fd;500ml;99600;996,00;0;false;false;0;False;/2/menus/4/menuItems/0/options/0;FONTE_VERIFICADA;PENDENTE;
225;madonna_cucina;| Doces | Sobremesas;"Tokaji Aszú ""3 Puttonyos"" ";692c6447f71be2acd3ec1460;699cb7af64864aa92fd4bf7f;500ml;121800;1218,00;0;false;false;0;False;/2/menus/4/menuItems/1/options/0;FONTE_VERIFICADA;PENDENTE;
226;madonna_cucina;| Vinhos Fortificados;Jerez Napoleon Amontillado;692761571286fbb165cd7347;699cb8ab20cfbfb5a8be320a;500ml;83400;834,00;0;false;false;0;False;/2/menus/5/menuItems/0/options/0;FONTE_VERIFICADA;PENDENTE;
227;madonna_cucina;| Vinhos Fortificados;Meandro Finest Reserve Port;692c675b617a06b0f69845cb;699cb8d220cfbfb5a8be3a68;750ml;45600;456,00;0;false;false;0;False;/2/menus/5/menuItems/1/options/0;FONTE_VERIFICADA;PENDENTE;
228;madonna_cucina;| Vinhos Fortificados;Porto Ramos Pinto Tawny 10 Years ;69e129cbf473109115670d82;69e129cbf473109115670d83;750ml;105200;1052,00;0;false;false;0;False;/2/menus/5/menuItems/2/options/0;FONTE_VERIFICADA;PENDENTE;
229;madonna_cucina;| Destilado Vinico;Grappa Unica ;692b65cf878d1d9427239a32;699ca0ac5009c46ed73c1372;500ml;107800;1078,00;0;false;false;0;False;/2/menus/6/menuItems/0/options/0;FONTE_VERIFICADA;PENDENTE;
230;madonna_cucina;| Espumante Meia Garrafa;Vallontano Brut ;692c6c5c617a06b0f69a32f2;699cb94820cfbfb5a8be54fe;Meia-Garrafa;13100;131,00;0;false;false;0;False;/2/menus/7/menuItems/0/options/0;FONTE_VERIFICADA;PENDENTE;
231;madonna_cucina;| Vinhos Brancos Meia Garrafa;Campagnola Delle Venezie ;69276491ed38c96634f6b40f;699ca87041b53e197c37bbd7;Meia-Garrafa;18100;181,00;0;false;false;0;False;/2/menus/8/menuItems/0/options/0;FONTE_VERIFICADA;PENDENTE;
232;madonna_cucina;| Vinhos Brancos Meia Garrafa;Luis Pato Blanc;6927651ced38c96634f6cd18;699cb9c611b06384104b8898;Meia-Garrafa;15600;156,00;0;false;false;0;False;/2/menus/8/menuItems/1/options/0;FONTE_VERIFICADA;PENDENTE;
233;madonna_cucina;| Vinhos Brancos Meia Garrafa;La Vieille Ferme Blanc;692c6f58617a06b0f69b76b7;699cb97f20cfbfb5a8be61d5;Meia-Garrafa;18100;181,00;0;false;false;0;False;/2/menus/8/menuItems/2/options/0;FONTE_VERIFICADA;PENDENTE;
234;madonna_cucina;| Vinhos Brancos Meia Garrafa;Carmen Insigne Blanc ;692c7205dec6e888ee2c32ef;699cb9f820cfbfb5a8be6e8e;Meia-Garrafa;16200;162,00;0;false;false;0;False;/2/menus/8/menuItems/3/options/0;FONTE_VERIFICADA;PENDENTE;
235;madonna_cucina;| Vinhos Rosés Meia Garrafa;Château Routas ;692c7389dec6e888ee2cde3a;699cba2a20cfbfb5a8be7272;Meia-Garrafa;26800;268,00;0;false;false;0;False;/2/menus/9/menuItems/0/options/0;FONTE_VERIFICADA;PENDENTE;
236;madonna_cucina;| Vinhos Tintos Meia Garrafa;Sassoaloro IGT;69276651ede94a7d91041566;699ca5af41b53e197c373e5a;Meia-Garrafa;51200;512,00;0;false;false;0;False;/2/menus/10/menuItems/0/options/0;FONTE_VERIFICADA;PENDENTE;
237;madonna_cucina;| Vinhos Tintos Meia Garrafa;Viña Bujanda ;69276697ede94a7d910424d4;699ca0e55009c46ed73c2301;Meia-Garrafa;15000;150,00;0;false;false;0;False;/2/menus/10/menuItems/1/options/0;FONTE_VERIFICADA;PENDENTE;
238;madonna_cucina;| Vinhos Tintos Meia Garrafa;Altano ;692c768edec6e888ee2e4886;699ca3ca41b53e197c36e159;Meia-Garrafa;16500;165,00;0;false;false;0;False;/2/menus/10/menuItems/2/options/0;FONTE_VERIFICADA;PENDENTE;
239;madonna_cucina;| Vinhos Tintos Meia Garrafa;CL Lapostolle Gran Selection Carmenere;69de9e1158b41df72975265f;69e6c109b689ab10c6fa1eb9;350ml;19200;192,00;0;false;false;0;False;/2/menus/10/menuItems/3/options/0;FONTE_VERIFICADA;PENDENTE;
240;madonna_cucina;| Vinhos Tintos Meia Garrafa;Chateau Marjosse;69fcfa8a55153376bd6a875f;69fcfa8a55153376bd6a8760;350ml;28900;289,00;0;false;false;0;False;/2/menus/10/menuItems/4/options/0;FONTE_VERIFICADA;PENDENTE;
241;madonna_cucina;| Vinhos em Taça;Prosecco Cabert Extra Dry DOC;69e12bb5f473109115675edd;69e12bb5f473109115675ede;187ml;6400;64,00;0;false;false;0;False;/2/menus/11/menuItems/0/options/0;FONTE_VERIFICADA;PENDENTE;
242;madonna_cucina;| Vinhos em Taça;"Gaierhof ""Nosiola"" DOC";69e0114af4731091154df5f7;69e0114af4731091154df5f8;187ml;7500;75,00;0;false;false;0;False;/2/menus/11/menuItems/1/options/0;FONTE_VERIFICADA;PENDENTE;
243;madonna_cucina;| Vinhos em Taça;Robertson Blanc;692c7ab5dec6e888ee306542;692c7ab5dec6e888ee306543;Taça de 150ml;5600;56,00;0;false;false;0;False;/2/menus/11/menuItems/2/options/0;FONTE_VERIFICADA;PENDENTE;
244;madonna_cucina;| Vinhos em Taça;Bayanegra Rosé;69276849ede94a7d91047cbc;692c7b11dec6e888ee309337;Taça de 150ml;6300;63,00;0;false;false;0;False;/2/menus/11/menuItems/3/options/0;FONTE_VERIFICADA;PENDENTE;
245;madonna_cucina;| Vinhos em Taça;Petit Pittacum ;69e12b3cf47310911567508f;69e12b3cf473109115675090;187ml;8400;84,00;0;false;false;0;False;/2/menus/11/menuItems/4/options/0;FONTE_VERIFICADA;PENDENTE;
246;madonna_cucina;| Vinhos em Taça;Epicuro Rosso;692c7eccdec6e888ee32441f;692c7eccdec6e888ee324420;Taça de 150ml;8400;84,00;0;false;false;0;False;/2/menus/11/menuItems/5/options/0;FONTE_VERIFICADA;PENDENTE;
247;madonna_cucina;| Vinhos em Taça;Romulo IGT;69e0116ef4731091154dfed6;69e0116ef4731091154dfed7;187ml;5800;58,00;0;false;false;0;False;/2/menus/11/menuItems/6/options/0;FONTE_VERIFICADA;PENDENTE;
248;madonna_cucina;| Vinhos em Taça;Porto Ramos Pinto Tawny 10 Years ;69e12ae8f47310911567424b;69e12ae8f47310911567424c;Taça de 60ml;12800;128,00;0;false;false;0;False;/2/menus/11/menuItems/7/options/0;FONTE_VERIFICADA;PENDENTE;
249;madonna_cucina;| Vinhos em Taça;Capofaro di Salina;692760531286fbb165cd3c1e;69e13aa5f47310911569d76a;Taça de 60ml;15700;157,00;0;false;false;0;False;/2/menus/11/menuItems/8/options/0;FONTE_VERIFICADA;PENDENTE;
250;madonna_cucina;| Vinhos em Taça;"Tokaji Aszú ""3 Puttonyos""";692c6366f71be2acd3ebe2ab;69e13ac1f47310911569dee3;Taça de 60ml;17400;174,00;0;false;false;0;False;/2/menus/11/menuItems/9/options/0;FONTE_VERIFICADA;PENDENTE;
251;madonna_cucina;| Vinhos em Taça;Jerez Napoleon Amontillado;6927611c1286fbb165cd6aa8;69e13ad7f47310911569e533;Taça de 60ml;7600;76,00;0;false;false;0;False;/2/menus/11/menuItems/10/options/0;FONTE_VERIFICADA;PENDENTE;
252;madonna_cucina;| Vinhos em Taça;Meandro Finest Reserve Port;692c6681617a06b0f697f5b3;69e13aeaf47310911569eade;Taça de 60ml;6200;62,00;0;false;false;0;False;/2/menus/11/menuItems/11/options/0;FONTE_VERIFICADA;PENDENTE;
253;madonna_cucina;| Vinhos em Taça;Grappa Unica ;692b64ff878d1d942723689d;69e13b0ef47310911569f3bb;Taça de 60ml;17300;173,00;0;false;false;0;False;/2/menus/11/menuItems/12/options/0;FONTE_VERIFICADA;PENDENTE;
