ordem;restaurant_id;categoria;caminho_categorias;source_category_ids;source_id;tipo_original;nome;descricao;preco_direto_centavos;preco_fonte_centavos;preco_fonte_reais;origem_preco;preco_json_pointer;json_pointer;opcoes;sinalizacoes;estado_fonte;status_revisao_humana;observacoes_ike
1;madonna_cucina;| Antipasti;Menu Principal > | Antipasti;691390df308a9fdefff0ca64 > 691390ed308a9fdefff0cc23;6928d4ecb2a149fefa0bbc50;dish;Couvert;"Pão de fermentação natural, molho pomodoro e founduta de queijo fontina
";3200;3200;32,00;price direto;/0/menus/0/menuItems/0/price;/0/menus/0/menuItems/0;;;FONTE_VERIFICADA;PENDENTE;
2;madonna_cucina;| Antipasti;Menu Principal > | Antipasti;691390df308a9fdefff0ca64 > 691390ed308a9fdefff0cc23;691390ff308a9fdefff0cf3e;dish;Carne Cruda;"Corte na ponta da faca, sour de mostarda e queijo Tulha.
";10808;10808;108,08;price direto;/0/menus/0/menuItems/1/price;/0/menus/0/menuItems/1;;PRECO_COM_CENTAVOS_CONFIRMAR_SE_INTENCIONAL;FONTE_VERIFICADA;PENDENTE;
3;madonna_cucina;| Antipasti;Menu Principal > | Antipasti;691390df308a9fdefff0ca64 > 691390ed308a9fdefff0cc23;69139110308a9fdefff0d4cc;dish;Burrata;"Burrata feita na casa, caponata, balsâmico. 
";9600;9600;96,00;price direto;/0/menus/0/menuItems/2/price;/0/menus/0/menuItems/2;;;FONTE_VERIFICADA;PENDENTE;
4;madonna_cucina;| Antipasti;Menu Principal > | Antipasti;691390df308a9fdefff0ca64 > 691390ed308a9fdefff0cc23;69139122308a9fdefff0d722;dish;Crocchetta;Croqueta de cebola caramelizada, atum cru e bottarga.;7600;7600;76,00;price direto;/0/menus/0/menuItems/3/price;/0/menus/0/menuItems/3;;;FONTE_VERIFICADA;PENDENTE;
5;madonna_cucina;| Antipasti;Menu Principal > | Antipasti;691390df308a9fdefff0ca64 > 691390ed308a9fdefff0cc23;69139134308a9fdefff0d8d1;dish;Supplì Carbonara;Bolinho crocante de arroz recheado com gema cremosa, queijo parmesão e prosciutto;8200;8200;82,00;price direto;/0/menus/0/menuItems/4/price;/0/menus/0/menuItems/4;;;FONTE_VERIFICADA;PENDENTE;
6;madonna_cucina;| Antipasti;Menu Principal > | Antipasti;691390df308a9fdefff0ca64 > 691390ed308a9fdefff0cc23;69139146308a9fdefff0dbd5;dish;Lasagna d’Anatra e Fegato Grasso;"Lasanha de pato, creme trufado e foie gras.
";13200;13200;132,00;price direto;/0/menus/0/menuItems/5/price;/0/menus/0/menuItems/5;;;FONTE_VERIFICADA;PENDENTE;
7;madonna_cucina;| Antipasti;Menu Principal > | Antipasti;691390df308a9fdefff0ca64 > 691390ed308a9fdefff0cc23;69139155308a9fdefff0dd25;dish;Vitello Tonnato;Finas fatias de vitela, creme de atum e tinta de lula.;8600;8600;86,00;price direto;/0/menus/0/menuItems/6/price;/0/menus/0/menuItems/6;;;FONTE_VERIFICADA;PENDENTE;
8;madonna_cucina;| Antipasti;Menu Principal > | Antipasti;691390df308a9fdefff0ca64 > 691390ed308a9fdefff0cc23;6913916a308a9fdefff0df05;dish;Carpaccio di Mare;"Carpaccio de polvo, limão-siciliano e funcho.
";9200;9200;92,00;price direto;/0/menus/0/menuItems/7/price;/0/menus/0/menuItems/7;;;FONTE_VERIFICADA;PENDENTE;
9;madonna_cucina;| Antipasti;Menu Principal > | Antipasti;691390df308a9fdefff0ca64 > 691390ed308a9fdefff0cc23;699c80b0b1ab05231530bde8;dish;Piadina Wagyu;Massa crocante, emulsão trufada, Wagyu laminado e queijo Grana.;9800;9800;98,00;price direto;/0/menus/0/menuItems/8/price;/0/menus/0/menuItems/8;;;FONTE_VERIFICADA;PENDENTE;
10;madonna_cucina;| Primi;Menu Principal > | Primi;691390df308a9fdefff0ca64 > 691391db308a9fdefff0f047;691391f5308a9fdefff0f499;dish;Cacio e Pepe;Rigatoni cacio e pepe finalizado com bottarga.;11800;11800;118,00;price direto;/0/menus/1/menuItems/0/price;/0/menus/1/menuItems/0;;;FONTE_VERIFICADA;PENDENTE;
11;madonna_cucina;| Primi;Menu Principal > | Primi;691390df308a9fdefff0ca64 > 691391db308a9fdefff0f047;69139206308a9fdefff0f679;dish;All’Arrabbiata;Trofie ao molho arrabbiata, polvo, guanciale e stracciatella.;12800;12800;128,00;price direto;/0/menus/1/menuItems/1/price;/0/menus/1/menuItems/1;;;FONTE_VERIFICADA;PENDENTE;
12;madonna_cucina;| Primi;Menu Principal > | Primi;691390df308a9fdefff0ca64 > 691391db308a9fdefff0f047;6913928c308a9fdefff1084b;dish;Tagliolini ai Gamberi;Tagliolini ao bisque e camarão em suas versões.;22000;22000;220,00;price direto;/0/menus/1/menuItems/2/price;/0/menus/1/menuItems/2;;;FONTE_VERIFICADA;PENDENTE;
13;madonna_cucina;| Primi;Menu Principal > | Primi;691390df308a9fdefff0ca64 > 691391db308a9fdefff0f047;691392ae308a9fdefff110eb;dish;Lasagna La Donna;Lasanha à bolonhesa, melão. ;14900;14900;149,00;price direto;/0/menus/1/menuItems/3/price;/0/menus/1/menuItems/3;;;FONTE_VERIFICADA;PENDENTE;
14;madonna_cucina;| Primi;Menu Principal > | Primi;691390df308a9fdefff0ca64 > 691391db308a9fdefff0f047;691392cf308a9fdefff11840;dish;Cappelletti in Brodo;Mini ravioli recheado com carne bovina e caldo claro;17200;17200;172,00;price direto;/0/menus/1/menuItems/4/price;/0/menus/1/menuItems/4;;;FONTE_VERIFICADA;PENDENTE;
15;madonna_cucina;| Primi;Menu Principal > | Primi;691390df308a9fdefff0ca64 > 691391db308a9fdefff0f047;692723f44a2d3584de4c70b3;dish;Alla Carbonara;Massa longa, gema caipira, pecorino, guanciale e pimenta preta.;11900;11900;119,00;price direto;/0/menus/1/menuItems/5/price;/0/menus/1/menuItems/5;;;FONTE_VERIFICADA;PENDENTE;
16;madonna_cucina;| Pasta Vegetariana;Menu Principal > | Pasta Vegetariana;691390df308a9fdefff0ca64 > 691392db308a9fdefff119ac;691392ef308a9fdefff11d61;dish;Pasta di Zucca;Massa recheada com abóbora, picles de abóbora e creme de alho negro.;10400;10400;104,00;price direto;/0/menus/2/menuItems/0/price;/0/menus/2/menuItems/0;;;FONTE_VERIFICADA;PENDENTE;
17;madonna_cucina;| Pasta Vegetariana;Menu Principal > | Pasta Vegetariana;691390df308a9fdefff0ca64 > 691392db308a9fdefff119ac;691392fa308a9fdefff11f02;dish;Pasta Melanzane;Massa longa com berinjela, pomodoro e alcaparras.;10200;10200;102,00;price direto;/0/menus/2/menuItems/1/price;/0/menus/2/menuItems/1;;;FONTE_VERIFICADA;PENDENTE;
18;madonna_cucina;| Risotti;Menu Principal > | Risotti;691390df308a9fdefff0ca64 > 69139308308a9fdefff1211b;6913932d308a9fdefff127c8;dish;Funghi e Funghi Secchi;"Cogumelo fresco e cogumelo seco.
";13800;13800;138,00;price direto;/0/menus/3/menuItems/0/price;/0/menus/3/menuItems/0;;;FONTE_VERIFICADA;PENDENTE;
19;madonna_cucina;| Risotti;Menu Principal > | Risotti;691390df308a9fdefff0ca64 > 69139308308a9fdefff1211b;69139340308a9fdefff12ff1;dish;Tri Maiale;"Carne de porco em três versões.
";14800;14800;148,00;price direto;/0/menus/3/menuItems/1/price;/0/menus/3/menuItems/1;;;FONTE_VERIFICADA;PENDENTE;
20;madonna_cucina;| Secondi;Menu Principal > | Secondi;691390df308a9fdefff0ca64 > 6913934e308a9fdefff13355;6913935f308a9fdefff1368f;dish;Anatra;"Peito de pato, abóbora e bok choy.
";21900;21900;219,00;price direto;/0/menus/4/menuItems/0/price;/0/menus/4/menuItems/0;;;FONTE_VERIFICADA;PENDENTE;
21;madonna_cucina;| Secondi;Menu Principal > | Secondi;691390df308a9fdefff0ca64 > 6913934e308a9fdefff13355;69139379308a9fdefff13d6d;dish;Pesce del Giorno;Peixe do dia, gremolata de cítricos, creme de batata com mostarda djon e azeite de tomate;19600;19600;196,00;price direto;/0/menus/4/menuItems/1/price;/0/menus/4/menuItems/1;;;FONTE_VERIFICADA;PENDENTE;
22;madonna_cucina;| Secondi;Menu Principal > | Secondi;691390df308a9fdefff0ca64 > 6913934e308a9fdefff13355;69139384308a9fdefff13f1f;dish;Agnello;Cordeiro de longa cocção, aligot de mandioquinha e ervas frescas.;19800;19800;198,00;price direto;/0/menus/4/menuItems/2/price;/0/menus/4/menuItems/2;;;FONTE_VERIFICADA;PENDENTE;
23;madonna_cucina;| Secondi;Menu Principal > | Secondi;691390df308a9fdefff0ca64 > 6913934e308a9fdefff13355;699c8261b1ab052315312e98;dish;Wagyu;Chorizo de Wagyu selado, glace e capellini na manteiga e sálvia.;39600;39600;396,00;price direto;/0/menus/4/menuItems/3/price;/0/menus/4/menuItems/3;;;FONTE_VERIFICADA;PENDENTE;
24;madonna_cucina;| Dolci;Menu Principal > | Dolci;691390df308a9fdefff0ca64 > 69139391308a9fdefff141e6;6913939f308a9fdefff14375;dish;Tiramisù;"Mascarpone, crocante de cacau e café.
";6800;6800;68,00;price direto;/0/menus/5/menuItems/0/price;/0/menus/5/menuItems/0;;;FONTE_VERIFICADA;PENDENTE;
25;madonna_cucina;| Dolci;Menu Principal > | Dolci;691390df308a9fdefff0ca64 > 69139391308a9fdefff141e6;691393b071688df07a6e7f12;dish;Baba al Rum;Pão de massa leve embebido em rum e sorvete de manga.;5800;5800;58,00;price direto;/0/menus/5/menuItems/1/price;/0/menus/5/menuItems/1;;;FONTE_VERIFICADA;PENDENTE;
26;madonna_cucina;| Dolci;Menu Principal > | Dolci;691390df308a9fdefff0ca64 > 69139391308a9fdefff141e6;691393f971688df07a6e8541;dish;Torta al Formaggio;Torta de gorgonzola, creme de framboesa, ganache montada de chocolate branco e Gelato de menta. ;5800;5800;58,00;price direto;/0/menus/5/menuItems/2/price;/0/menus/5/menuItems/2;;;FONTE_VERIFICADA;PENDENTE;
27;madonna_cucina;| Dolci;Menu Principal > | Dolci;691390df308a9fdefff0ca64 > 69139391308a9fdefff141e6;6913940971688df07a6e8605;dish;Cioccolato e Nocciola;Chocolate cremoso, avelã caramelizada e caramelo salgado;5800;5800;58,00;price direto;/0/menus/5/menuItems/3/price;/0/menus/5/menuItems/3;;;FONTE_VERIFICADA;PENDENTE;
28;madonna_cucina;| Dolci;Menu Principal > | Dolci;691390df308a9fdefff0ca64 > 69139391308a9fdefff141e6;6913941871688df07a6e86aa;dish;Tortino al Limone;"Tortinha de limão-siciliano, creme de baunilha, suspiro e gelato de baunilha.
";5800;5800;58,00;price direto;/0/menus/5/menuItems/4/price;/0/menus/5/menuItems/4;;;FONTE_VERIFICADA;PENDENTE;
29;madonna_cucina;| Dolci;Menu Principal > | Dolci;691390df308a9fdefff0ca64 > 69139391308a9fdefff141e6;699cbe138e2fff5512b501fb;dish;Polenta;Bolo de polenta, picles de milho, creme de polenta e espuma de grana padano. ;4800;4800;48,00;price direto;/0/menus/5/menuItems/5/price;/0/menus/5/menuItems/5;;;FONTE_VERIFICADA;PENDENTE;
30;madonna_cucina;| Luce;Bar > | Luce;691b1921308a9fdefff6b49e > 691b1987308a9fdefff6bda1;691b19d4308a9fdefff6c0d5;pantry;Pelle;"Gin seco · Jerez Fino · Jerez Manzanilla · Cordial de Yuzu (ácido cítrico e tartárico) · pitada de
sal";6200;6200;62,00;price direto;/1/menus/0/menuItems/0/price;/1/menus/0/menuItems/0;[sem rotulo]: R$ 62,00;;FONTE_VERIFICADA;PENDENTE;
31;madonna_cucina;| Luce;Bar > | Luce;691b1921308a9fdefff6b49e > 691b1987308a9fdefff6bda1;691b19ea308a9fdefff6c23f;pantry;Primavera;Vodka Vanilla · Grapefruit · Limão · Xarope de Melancia 1883 · espumante. ;5800;5800;58,00;price direto;/1/menus/0/menuItems/1/price;/1/menus/0/menuItems/1;[sem rotulo]: R$ 58,00;;FONTE_VERIFICADA;PENDENTE;
32;madonna_cucina;| Luce;Bar > | Luce;691b1921308a9fdefff6b49e > 691b1987308a9fdefff6bda1;691b1a09308a9fdefff6c421;pantry;Solaris del Giardino;Lemoncello da casa · Espumante;5800;5800;58,00;price direto;/1/menus/0/menuItems/2/price;/1/menus/0/menuItems/2;[sem rotulo]: R$ 58,00;;FONTE_VERIFICADA;PENDENTE;
33;madonna_cucina;| Ombra;Bar > | Ombra;691b1921308a9fdefff6b49e > 691b1a15308a9fdefff6c4b7;691b1a70308a9fdefff6cf7a;pantry;Dolce e Nero;Rum Zacapa 23 · Jerez Oloroso · Vinho branco seco · Caramelo de macadâmia 1883;9800;9800;98,00;price direto;/1/menus/1/menuItems/0/price;/1/menus/1/menuItems/0;[sem rotulo]: R$ 98,00;;FONTE_VERIFICADA;PENDENTE;
34;madonna_cucina;| Ombra;Bar > | Ombra;691b1921308a9fdefff6b49e > 691b1a15308a9fdefff6c4b7;691b1a83308a9fdefff6d035;pantry;Terracota;"Bourbon · Antica Fórmula · Amaro Montenegro · Bitter de cacau";6200;6200;62,00;price direto;/1/menus/1/menuItems/1/price;/1/menus/1/menuItems/1;[sem rotulo]: R$ 62,00;;FONTE_VERIFICADA;PENDENTE;
35;madonna_cucina;| Ombra;Bar > | Ombra;691b1921308a9fdefff6b49e > 691b1a15308a9fdefff6c4b7;691b1a92308a9fdefff6d121;pantry;Vespro;"Tequila Reposado · Vermute tinto (Antica Fórmula) · Redução de vinho do Porto Ruby · Bitter
de cacau";8800;8800;88,00;price direto;/1/menus/1/menuItems/2/price;/1/menus/1/menuItems/2;[sem rotulo]: R$ 88,00;;FONTE_VERIFICADA;PENDENTE;
36;madonna_cucina;| Releituras Madonna;Bar > | Releituras Madonna;691b1921308a9fdefff6b49e > 69245c4b6c464a20549b062d;691b1a28308a9fdefff6c650;pantry;Rosso Madonna;Gin seco · Bitter clássico · Vermute tinto com amêndoas tostadas;6600;6600;66,00;price direto;/1/menus/2/menuItems/0/price;/1/menus/2/menuItems/0;[sem rotulo]: R$ 66,00;;FONTE_VERIFICADA;PENDENTE;
37;madonna_cucina;| Releituras Madonna;Bar > | Releituras Madonna;691b1921308a9fdefff6b49e > 69245c4b6c464a20549b062d;691b1a46308a9fdefff6cc37;pantry;Negroni D’Oro;Gin em fat wash de avelã · Bitter clássico · Antica Fórmula com casca de siciliano · Mel trufado;6600;6600;66,00;price direto;/1/menus/2/menuItems/1/price;/1/menus/2/menuItems/1;[sem rotulo]: R$ 66,00;;FONTE_VERIFICADA;PENDENTE;
38;madonna_cucina;| Releituras Madonna;Bar > | Releituras Madonna;691b1921308a9fdefff6b49e > 69245c4b6c464a20549b062d;691b1a5b308a9fdefff6ce6c;pantry;Veludo Nero;Campari · Gin · Café · Licor de café · Vermute Antica Fórmula;7200;7200;72,00;price direto;/1/menus/2/menuItems/2/price;/1/menus/2/menuItems/2;[sem rotulo]: R$ 72,00;;FONTE_VERIFICADA;PENDENTE;
39;madonna_cucina;| Releituras Madonna;Bar > | Releituras Madonna;691b1921308a9fdefff6b49e > 69245c4b6c464a20549b062d;69f8c7ce55153376bd08f4c6;pantry;Negroni Du Papi ;Gin. Campari. Jerez. Salmoura de azeitona. ;6600;6600;66,00;price direto;/1/menus/2/menuItems/3/price;/1/menus/2/menuItems/3;[sem rotulo]: R$ 66,00;;FONTE_VERIFICADA;PENDENTE;
40;madonna_cucina;| Spritz;Bar > | Spritz;691b1921308a9fdefff6b49e > 69245d266c464a20549b1d17;69245d546c464a20549b20c3;pantry;Sbagliato;;5200;5200;52,00;price direto;/1/menus/3/menuItems/0/price;/1/menus/3/menuItems/0;[sem rotulo]: R$ 52,00;DESCRICAO_PT_AUSENTE;FONTE_VERIFICADA;PENDENTE;
41;madonna_cucina;| Spritz;Bar > | Spritz;691b1921308a9fdefff6b49e > 69245d266c464a20549b1d17;69245d6a6c464a20549b240d;pantry;Aperol Spritz;;5600;5600;56,00;price direto;/1/menus/3/menuItems/1/price;/1/menus/3/menuItems/1;[sem rotulo]: R$ 56,00;DESCRICAO_PT_AUSENTE;FONTE_VERIFICADA;PENDENTE;
42;madonna_cucina;| Spritz;Bar > | Spritz;691b1921308a9fdefff6b49e > 69245d266c464a20549b1d17;69245d796c464a20549b2684;pantry;Bellini;;5000;5000;50,00;price direto;/1/menus/3/menuItems/2/price;/1/menus/3/menuItems/2;[sem rotulo]: R$ 50,00;DESCRICAO_PT_AUSENTE;FONTE_VERIFICADA;PENDENTE;
43;madonna_cucina;| Clássicos;Bar > | Clássicos;691b1921308a9fdefff6b49e > 691b1a9d308a9fdefff6d262;691b1aab308a9fdefff6d2f8;pantry;Negroni ;;5800;5800;58,00;price direto;/1/menus/4/menuItems/0/price;/1/menus/4/menuItems/0;[sem rotulo]: R$ 58,00;DESCRICAO_PT_AUSENTE;FONTE_VERIFICADA;PENDENTE;
44;madonna_cucina;| Clássicos;Bar > | Clássicos;691b1921308a9fdefff6b49e > 691b1a9d308a9fdefff6d262;691b1ab9308a9fdefff6d3a4;pantry;Americano;;5200;5200;52,00;price direto;/1/menus/4/menuItems/1/price;/1/menus/4/menuItems/1;[sem rotulo]: R$ 52,00;DESCRICAO_PT_AUSENTE;FONTE_VERIFICADA;PENDENTE;
45;madonna_cucina;| Clássicos;Bar > | Clássicos;691b1921308a9fdefff6b49e > 691b1a9d308a9fdefff6d262;691b1ac7308a9fdefff6d4b5;pantry;Boulevardier;;5800;5800;58,00;price direto;/1/menus/4/menuItems/2/price;/1/menus/4/menuItems/2;[sem rotulo]: R$ 58,00;DESCRICAO_PT_AUSENTE;FONTE_VERIFICADA;PENDENTE;
46;madonna_cucina;| Clássicos;Bar > | Clássicos;691b1921308a9fdefff6b49e > 691b1a9d308a9fdefff6d262;691b1b47308a9fdefff6df23;pantry;Amaretto Sour ;;5600;5600;56,00;price direto;/1/menus/4/menuItems/3/price;/1/menus/4/menuItems/3;[sem rotulo]: R$ 56,00;DESCRICAO_PT_AUSENTE;FONTE_VERIFICADA;PENDENTE;
47;madonna_cucina;| Clássicos;Bar > | Clássicos;691b1921308a9fdefff6b49e > 691b1a9d308a9fdefff6d262;691b1b54308a9fdefff6e00d;pantry;Dry Martini ;;5800;5800;58,00;price direto;/1/menus/4/menuItems/4/price;/1/menus/4/menuItems/4;[sem rotulo]: R$ 58,00;DESCRICAO_PT_AUSENTE;FONTE_VERIFICADA;PENDENTE;
48;madonna_cucina;| Clássicos;Bar > | Clássicos;691b1921308a9fdefff6b49e > 691b1a9d308a9fdefff6d262;691b1b61308a9fdefff6e0aa;pantry;Fitzgerald;;5800;5800;58,00;price direto;/1/menus/4/menuItems/5/price;/1/menus/4/menuItems/5;[sem rotulo]: R$ 58,00;DESCRICAO_PT_AUSENTE;FONTE_VERIFICADA;PENDENTE;
49;madonna_cucina;| Clássicos;Bar > | Clássicos;691b1921308a9fdefff6b49e > 691b1a9d308a9fdefff6d262;691b1b6d308a9fdefff6e1be;pantry;Penicillin;;6200;6200;62,00;price direto;/1/menus/4/menuItems/6/price;/1/menus/4/menuItems/6;[sem rotulo]: R$ 62,00;DESCRICAO_PT_AUSENTE;FONTE_VERIFICADA;PENDENTE;
50;madonna_cucina;| Clássicos;Bar > | Clássicos;691b1921308a9fdefff6b49e > 691b1a9d308a9fdefff6d262;691b1b3a308a9fdefff6ddc3;pantry;Whisky Sour;;5400;5400;54,00;price direto;/1/menus/4/menuItems/7/price;/1/menus/4/menuItems/7;[sem rotulo]: R$ 54,00;DESCRICAO_PT_AUSENTE;FONTE_VERIFICADA;PENDENTE;
51;madonna_cucina;| Clássicos;Bar > | Clássicos;691b1921308a9fdefff6b49e > 691b1a9d308a9fdefff6d262;691b1b1a308a9fdefff6da8f;pantry;Cosmopolitan;;5600;5600;56,00;price direto;/1/menus/4/menuItems/8/price;/1/menus/4/menuItems/8;[sem rotulo]: R$ 56,00;DESCRICAO_PT_AUSENTE;FONTE_VERIFICADA;PENDENTE;
52;madonna_cucina;| Clássicos;Bar > | Clássicos;691b1921308a9fdefff6b49e > 691b1a9d308a9fdefff6d262;691b1b2c308a9fdefff6dc9b;pantry;Espresso Martini;;5600;5600;56,00;price direto;/1/menus/4/menuItems/9/price;/1/menus/4/menuItems/9;[sem rotulo]: R$ 56,00;DESCRICAO_PT_AUSENTE;FONTE_VERIFICADA;PENDENTE;
53;madonna_cucina;| Clássicos;Bar > | Clássicos;691b1921308a9fdefff6b49e > 691b1a9d308a9fdefff6d262;691b1b0c308a9fdefff6d9c1;pantry;Margarita;;5800;5800;58,00;price direto;/1/menus/4/menuItems/10/price;/1/menus/4/menuItems/10;[sem rotulo]: R$ 58,00;DESCRICAO_PT_AUSENTE;FONTE_VERIFICADA;PENDENTE;
54;madonna_cucina;| Clássicos;Bar > | Clássicos;691b1921308a9fdefff6b49e > 691b1a9d308a9fdefff6d262;69245eb16c464a20549b686a;pantry;Gin & Tônica;;5200;5200;52,00;price direto;/1/menus/4/menuItems/11/price;/1/menus/4/menuItems/11;[sem rotulo]: R$ 52,00;DESCRICAO_PT_AUSENTE;FONTE_VERIFICADA;PENDENTE;
55;madonna_cucina;| Clássicos;Bar > | Clássicos;691b1921308a9fdefff6b49e > 691b1a9d308a9fdefff6d262;69245ecc6c464a20549b6af6;pantry;Carajillo;;5400;5400;54,00;price direto;/1/menus/4/menuItems/12/price;/1/menus/4/menuItems/12;[sem rotulo]: R$ 54,00;DESCRICAO_PT_AUSENTE;FONTE_VERIFICADA;PENDENTE;
56;madonna_cucina;| Clássicos Brasileiro;Bar > | Clássicos Brasileiro;691b1921308a9fdefff6b49e > 69245ef96c464a20549b76dc;69245fd66c464a20549b99e7;pantry;Macunaima;Cachaça Princesa Isabel Amburana, fernet branca, açúcar e limão;5200;5200;52,00;price direto;/1/menus/5/menuItems/0/price;/1/menus/5/menuItems/0;[sem rotulo]: R$ 52,00;;FONTE_VERIFICADA;PENDENTE;
57;madonna_cucina;| Clássicos Brasileiro;Bar > | Clássicos Brasileiro;691b1921308a9fdefff6b49e > 69245ef96c464a20549b76dc;69245ff26c464a20549ba395;pantry;Rabo de Galo;Cachaça branca e vermute tinto;5200;5200;52,00;price direto;/1/menus/5/menuItems/1/price;/1/menus/5/menuItems/1;[sem rotulo]: R$ 52,00;;FONTE_VERIFICADA;PENDENTE;
58;madonna_cucina;| Mocktails;Bar > | Mocktails;691b1921308a9fdefff6b49e > 691b1b7b308a9fdefff6e357;691b1b8d308a9fdefff6e45f;pantry;Bellini Bianco;Purê de pêssego Monin · Espumante zero álcool;3600;3600;36,00;price direto;/1/menus/6/menuItems/0/price;/1/menus/6/menuItems/0;[sem rotulo]: R$ 36,00;;FONTE_VERIFICADA;PENDENTE;
59;madonna_cucina;| Mocktails;Bar > | Mocktails;691b1921308a9fdefff6b49e > 691b1b7b308a9fdefff6e357;691b1bcc308a9fdefff6eb4d;pantry;Acqua Verde;Xarope de pepino · Extrato de gengibre · Limão-siciliano · Água com gás;3400;3400;34,00;price direto;/1/menus/6/menuItems/1/price;/1/menus/6/menuItems/1;[sem rotulo]: R$ 34,00;;FONTE_VERIFICADA;PENDENTE;
60;madonna_cucina;Cervejas;Bar > Cervejas;691b1921308a9fdefff6b49e > 69259aa343da3d05216a9db9;691b1d25308a9fdefff70cd2;pantry;Birra Moretti;;6600;6600;66,00;price direto;/1/menus/7/menuItems/0/price;/1/menus/7/menuItems/0;[sem rotulo]: R$ 66,00;DESCRICAO_PT_AUSENTE;FONTE_VERIFICADA;PENDENTE;
61;madonna_cucina;| Softs;Bar > | Softs;691b1921308a9fdefff6b49e > 691b1be0308a9fdefff6edfd;691b1d08308a9fdefff70906;pantry;Água Sem Gás;;1200;1200;12,00;price direto;/1/menus/8/menuItems/0/price;/1/menus/8/menuItems/0;[sem rotulo]: R$ 12,00;DESCRICAO_PT_AUSENTE;FONTE_VERIFICADA;PENDENTE;
62;madonna_cucina;| Softs;Bar > | Softs;691b1921308a9fdefff6b49e > 691b1be0308a9fdefff6edfd;691b1ce3308a9fdefff70541;pantry;Água com Gás;;1200;1200;12,00;price direto;/1/menus/8/menuItems/1/price;/1/menus/8/menuItems/1;[sem rotulo]: R$ 12,00;DESCRICAO_PT_AUSENTE;FONTE_VERIFICADA;PENDENTE;
63;madonna_cucina;| Softs;Bar > | Softs;691b1921308a9fdefff6b49e > 691b1be0308a9fdefff6edfd;691b1d17308a9fdefff709f1;pantry;Aqua Panna;;3600;3600;36,00;price direto;/1/menus/8/menuItems/2/price;/1/menus/8/menuItems/2;[sem rotulo]: R$ 36,00;DESCRICAO_PT_AUSENTE;FONTE_VERIFICADA;PENDENTE;
64;madonna_cucina;| Softs;Bar > | Softs;691b1921308a9fdefff6b49e > 691b1be0308a9fdefff6edfd;691b1c09308a9fdefff6f3f7;pantry;San Pellegrino;;3600;3600;36,00;price direto;/1/menus/8/menuItems/3/price;/1/menus/8/menuItems/3;[sem rotulo]: R$ 36,00;DESCRICAO_PT_AUSENTE;FONTE_VERIFICADA;PENDENTE;
65;madonna_cucina;| Softs;Bar > | Softs;691b1921308a9fdefff6b49e > 691b1be0308a9fdefff6edfd;691b1d42308a9fdefff70fa2;pantry;Coca-Cola;;1200;1200;12,00;price direto;/1/menus/8/menuItems/4/price;/1/menus/8/menuItems/4;KS: R$ 12,00;DESCRICAO_PT_AUSENTE;FONTE_VERIFICADA;PENDENTE;
66;madonna_cucina;| Softs;Bar > | Softs;691b1921308a9fdefff6b49e > 691b1be0308a9fdefff6edfd;691b1d4e308a9fdefff710b5;pantry;Coca-Cola Zero ;;1200;1200;12,00;price direto;/1/menus/8/menuItems/5/price;/1/menus/8/menuItems/5;KS: R$ 12,00;DESCRICAO_PT_AUSENTE;FONTE_VERIFICADA;PENDENTE;
67;madonna_cucina;| Softs;Bar > | Softs;691b1921308a9fdefff6b49e > 691b1be0308a9fdefff6edfd;691b1bf2308a9fdefff6f0c6;pantry;Suco de Uva Tinta Vila Pina;;2600;2600;26,00;price direto;/1/menus/8/menuItems/6/price;/1/menus/8/menuItems/6;[sem rotulo]: R$ 26,00;DESCRICAO_PT_AUSENTE;FONTE_VERIFICADA;PENDENTE;
68;madonna_cucina;| Doses | Whisky;Bar > | Doses | Whisky;691b1921308a9fdefff6b49e > 691b1d5d308a9fdefff711f7;691b1dae308a9fdefff71978;pantry;Chivas 12 anos;;5200;5200;52,00;price direto;/1/menus/9/menuItems/0/price;/1/menus/9/menuItems/0;[sem rotulo]: R$ 52,00;DESCRICAO_PT_AUSENTE;FONTE_VERIFICADA;PENDENTE;
69;madonna_cucina;| Doses | Whisky;Bar > | Doses | Whisky;691b1921308a9fdefff6b49e > 691b1d5d308a9fdefff711f7;691b1dbe308a9fdefff71b21;pantry;Chivas 18 anos ;;12800;12800;128,00;price direto;/1/menus/9/menuItems/1/price;/1/menus/9/menuItems/1;[sem rotulo]: R$ 128,00;DESCRICAO_PT_AUSENTE;FONTE_VERIFICADA;PENDENTE;
70;madonna_cucina;| Doses | Whisky;Bar > | Doses | Whisky;691b1921308a9fdefff6b49e > 691b1d5d308a9fdefff711f7;6924629e6c464a20549c0179;pantry;Buchanas Deluxe 12;;5200;5200;52,00;price direto;/1/menus/9/menuItems/2/price;/1/menus/9/menuItems/2;[sem rotulo]: R$ 52,00;DESCRICAO_PT_AUSENTE;FONTE_VERIFICADA;PENDENTE;
71;madonna_cucina;| Doses | Whisky Single Malt;Bar > | Doses | Whisky Single Malt;691b1921308a9fdefff6b49e > 692461b36c464a20549bec15;691b1dcb308a9fdefff71cb0;pantry;Macallan 12 anos;;19800;19800;198,00;price direto;/1/menus/10/menuItems/0/price;/1/menus/10/menuItems/0;[sem rotulo]: R$ 198,00;DESCRICAO_PT_AUSENTE;FONTE_VERIFICADA;PENDENTE;
72;madonna_cucina;| Doses | Whisky Single Malt;Bar > | Doses | Whisky Single Malt;691b1921308a9fdefff6b49e > 692461b36c464a20549bec15;691b1dd9308a9fdefff71d5c;pantry;Macallan 15 anos ;;45700;45700;457,00;price direto;/1/menus/10/menuItems/1/price;/1/menus/10/menuItems/1;[sem rotulo]: R$ 457,00;DESCRICAO_PT_AUSENTE;FONTE_VERIFICADA;PENDENTE;
73;madonna_cucina;| Doses | Whisky Single Malt;Bar > | Doses | Whisky Single Malt;691b1921308a9fdefff6b49e > 692461b36c464a20549bec15;691b1de9308a9fdefff71e7c;pantry;Macallan 18 anos ;;62000;62000;620,00;price direto;/1/menus/10/menuItems/2/price;/1/menus/10/menuItems/2;[sem rotulo]: R$ 620,00;DESCRICAO_PT_AUSENTE;FONTE_VERIFICADA;PENDENTE;
74;madonna_cucina;| Doses | Bourbon & Rye;Bar > | Doses | Bourbon & Rye;691b1921308a9fdefff6b49e > 692461c86c464a20549beed8;6924631d6c464a20549c0cbf;pantry;Woodford Reserve;;6200;6200;62,00;price direto;/1/menus/11/menuItems/0/price;/1/menus/11/menuItems/0;[sem rotulo]: R$ 62,00;DESCRICAO_PT_AUSENTE;FONTE_VERIFICADA;PENDENTE;
75;madonna_cucina;| Doses | Cachaça;Bar > | Doses | Cachaça;691b1921308a9fdefff6b49e > 692461d56c464a20549bf22b;6924633b6c464a20549c0ed1;pantry;Princesa Isabel Balsamo e Jaqueira;;4200;4200;42,00;price direto;/1/menus/12/menuItems/0/price;/1/menus/12/menuItems/0;[sem rotulo]: R$ 42,00;DESCRICAO_PT_AUSENTE;FONTE_VERIFICADA;PENDENTE;
76;madonna_cucina;| Doses | Cachaça;Bar > | Doses | Cachaça;691b1921308a9fdefff6b49e > 692461d56c464a20549bf22b;692463596c464a20549c118e;pantry;Cachaça Princesa Isabel Prata Capital;;3800;3800;38,00;price direto;/1/menus/12/menuItems/1/price;/1/menus/12/menuItems/1;[sem rotulo]: R$ 38,00;DESCRICAO_PT_AUSENTE;FONTE_VERIFICADA;PENDENTE;
77;madonna_cucina;| Doses | Rum;Bar > | Doses | Rum;691b1921308a9fdefff6b49e > 692461e76c464a20549bf3c0;692463766c464a20549c145d;pantry;Rum Havana Club 7 Anos;;5600;5600;56,00;price direto;/1/menus/13/menuItems/0/price;/1/menus/13/menuItems/0;[sem rotulo]: R$ 56,00;DESCRICAO_PT_AUSENTE;FONTE_VERIFICADA;PENDENTE;
78;madonna_cucina;| Doses | Rum;Bar > | Doses | Rum;691b1921308a9fdefff6b49e > 692461e76c464a20549bf3c0;6924638a6c464a20549c1937;pantry;Rum Zacapa 23;;7800;7800;78,00;price direto;/1/menus/13/menuItems/1/price;/1/menus/13/menuItems/1;[sem rotulo]: R$ 78,00;DESCRICAO_PT_AUSENTE;FONTE_VERIFICADA;PENDENTE;
79;madonna_cucina;| Doses | Tequila;Bar > | Doses | Tequila;691b1921308a9fdefff6b49e > 692461f56c464a20549bf50c;691b1df7308a9fdefff72136;pantry;Don Julio 1942;;32000;32000;320,00;price direto;/1/menus/14/menuItems/0/price;/1/menus/14/menuItems/0;[sem rotulo]: R$ 320,00;DESCRICAO_PT_AUSENTE;FONTE_VERIFICADA;PENDENTE;
80;madonna_cucina;| Doses | Tequila;Bar > | Doses | Tequila;691b1921308a9fdefff6b49e > 692461f56c464a20549bf50c;691b1d8a308a9fdefff71608;pantry;Tequila Don Julio Blanco;;6600;6600;66,00;price direto;/1/menus/14/menuItems/1/price;/1/menus/14/menuItems/1;[sem rotulo]: R$ 66,00;DESCRICAO_PT_AUSENTE;FONTE_VERIFICADA;PENDENTE;
81;madonna_cucina;| Doses | Tequila;Bar > | Doses | Tequila;691b1921308a9fdefff6b49e > 692461f56c464a20549bf50c;691b1d9e308a9fdefff7177e;pantry;Tequila Don Julio Reposado;;9200;9200;92,00;price direto;/1/menus/14/menuItems/2/price;/1/menus/14/menuItems/2;[sem rotulo]: R$ 92,00;DESCRICAO_PT_AUSENTE;FONTE_VERIFICADA;PENDENTE;
82;madonna_cucina;| Doses | Tequila;Bar > | Doses | Tequila;691b1921308a9fdefff6b49e > 692461f56c464a20549bf50c;691b1d7d308a9fdefff71558;pantry;Tequila Don Julio Anejo;;11000;11000;110,00;price direto;/1/menus/14/menuItems/3/price;/1/menus/14/menuItems/3;[sem rotulo]: R$ 110,00;DESCRICAO_PT_AUSENTE;FONTE_VERIFICADA;PENDENTE;
83;madonna_cucina;| Doses | Vodka;Bar > | Doses | Vodka;691b1921308a9fdefff6b49e > 692465dc6c464a20549c6347;692465ea6c464a20549c64b6;pantry;Grey Goose;;4200;4200;42,00;price direto;/1/menus/15/menuItems/0/price;/1/menus/15/menuItems/0;[sem rotulo]: R$ 42,00;DESCRICAO_PT_AUSENTE;FONTE_VERIFICADA;PENDENTE;
84;madonna_cucina;| Doses | Licores;Bar > | Doses | Licores;691b1921308a9fdefff6b49e > 692462286c464a20549bf8a2;691b1d6f308a9fdefff71444;pantry;Licor 43 ;;4200;4200;42,00;price direto;/1/menus/16/menuItems/0/price;/1/menus/16/menuItems/0;[sem rotulo]: R$ 42,00;DESCRICAO_PT_AUSENTE;FONTE_VERIFICADA;PENDENTE;
85;madonna_cucina;| Doses | Licores;Bar > | Doses | Licores;691b1921308a9fdefff6b49e > 692462286c464a20549bf8a2;692465a26c464a20549c5cf9;pantry;Disaronno;;4800;4800;48,00;price direto;/1/menus/16/menuItems/1/price;/1/menus/16/menuItems/1;[sem rotulo]: R$ 48,00;DESCRICAO_PT_AUSENTE;FONTE_VERIFICADA;PENDENTE;
86;madonna_cucina;| Doses | Licores;Bar > | Doses | Licores;691b1921308a9fdefff6b49e > 692462286c464a20549bf8a2;692465bb6c464a20549c5fea;pantry;Lemoncello ;Di Capri Molinai;3600;3600;36,00;price direto;/1/menus/16/menuItems/2/price;/1/menus/16/menuItems/2;[sem rotulo]: R$ 36,00;;FONTE_VERIFICADA;PENDENTE;
87;madonna_cucina;| Doses | Licores;Bar > | Doses | Licores;691b1921308a9fdefff6b49e > 692462286c464a20549bf8a2;692465cd6c464a20549c61a1;pantry;Baileys;;3600;3600;36,00;price direto;/1/menus/16/menuItems/3/price;/1/menus/16/menuItems/3;[sem rotulo]: R$ 36,00;DESCRICAO_PT_AUSENTE;FONTE_VERIFICADA;PENDENTE;
88;madonna_cucina;| Espumantes e Champagnes;Adega > | Espumantes e Champagnes;691b1e1f308a9fdefff72671 > 691b1e2f308a9fdefff728e4;691b1e5a308a9fdefff72c9a;wine;Vallontano Brut;Com uvas Pinot Noir e Chardonnay, as mesmas usadas em Champagne, Vallontano produz este vinho espumante de grande classe, seco, cheio de fruta e com grande apelo. Uma escolha deliciosa como aperitivo ou mesmo para acompanhar aperitivos e carnes brancas. Uma grande descoberta.;;22700;227,00;opcao ativa unica;/2/menus/0/menuItems/0/options/0/price;/2/menus/0/menuItems/0;750ml: R$ 227,00;PRECO_EM_OPCAO | NOME_REPETIDO_PRESERVAR_CATEGORIA_E_VOLUME;FONTE_VERIFICADA;PENDENTE;
89;madonna_cucina;| Espumantes e Champagnes;Adega > | Espumantes e Champagnes;691b1e1f308a9fdefff72671 > 691b1e2f308a9fdefff728e4;691b1e6f308a9fdefff72df5;wine;Vallontano Brut Rosé;Elaborado a partir de uvas Pinot Noir, mostra um buquê cativante de frutas vermelhas e grande presença no paladar. Um vinho versátil, com pequena produção, que combina bem com uma variedade de pratos, também uma ótima escolha como aperitivo.;;23300;233,00;opcao ativa unica;/2/menus/0/menuItems/1/options/0/price;/2/menus/0/menuItems/1;750ml: R$ 233,00;PRECO_EM_OPCAO;FONTE_VERIFICADA;PENDENTE;
90;madonna_cucina;| Espumantes e Champagnes;Adega > | Espumantes e Champagnes;691b1e1f308a9fdefff72671 > 691b1e2f308a9fdefff728e4;691b1e8c308a9fdefff73318;wine;LH Zanini Nature;Esta nova safra do já aclamado espumante Extra Brut da Vallontano é uma mistura clássica de uvas Chardonnay e Pinot Noir. Produzido utilizando o método champenoise tradicional, é um espumante artesanal brasileiro de autor, assinado por Luís Henrique Zanini e produzido em quantidades muito limitadas.;;33000;330,00;opcao ativa unica;/2/menus/0/menuItems/2/options/0/price;/2/menus/0/menuItems/2;750ml: R$ 330,00;PRECO_EM_OPCAO;FONTE_VERIFICADA;PENDENTE;
91;madonna_cucina;| Espumantes e Champagnes;Adega > | Espumantes e Champagnes;691b1e1f308a9fdefff72671 > 691b1e2f308a9fdefff728e4;69dea1d558b41df729759a08;wine;Prosecco Cabert Extra Dry DOC;;;29900;299,00;opcao ativa unica;/2/menus/0/menuItems/3/options/0/price;/2/menus/0/menuItems/3;750ml: R$ 299,00;PRECO_EM_OPCAO | NOME_REPETIDO_PRESERVAR_CATEGORIA_E_VOLUME | DESCRICAO_PT_AUSENTE;FONTE_VERIFICADA;PENDENTE;
92;madonna_cucina;| Espumantes e Champagnes;Adega > | Espumantes e Champagnes;691b1e1f308a9fdefff72671 > 691b1e2f308a9fdefff728e4;69259f0f43da3d05216ad76d;wine;Franciacorta Cuvee Prestige Brut;O Cuvée Prestige de Ca' del Bosco é um espumante impressionante, comparável aos melhores vinhos de Champagne. Feito com uma grande proporção de Chardonnay e maturado 28 meses com as borras, é delicado e complexo, com grande presença no palato. A rigorosa seleção das melhores uvas e o uso de vinhos reserva maturados com as borras por muitos anos, ajuda a fazer desta Franciacorta um dos grandes espumantes do Velho Mundo.;;131600;1316,00;opcao ativa unica;/2/menus/0/menuItems/4/options/0/price;/2/menus/0/menuItems/4;750ml: R$ 1316,00;PRECO_EM_OPCAO;FONTE_VERIFICADA;PENDENTE;
93;madonna_cucina;| Espumantes e Champagnes;Adega > | Espumantes e Champagnes;691b1e1f308a9fdefff72671 > 691b1e2f308a9fdefff728e4;69de902b58b41df7297353a4;wine;Luis Pato Vinha Pan Brut Natrure;;;79500;795,00;opcao ativa unica;/2/menus/0/menuItems/5/options/0/price;/2/menus/0/menuItems/5;750ml: R$ 795,00;PRECO_EM_OPCAO | DESCRICAO_PT_AUSENTE;FONTE_VERIFICADA;PENDENTE;
94;madonna_cucina;| Espumantes e Champagnes;Adega > | Espumantes e Champagnes;691b1e1f308a9fdefff72671 > 691b1e2f308a9fdefff728e4;69288e2714f506c7fed2c1da;wine;Krug Grande Cuvèe Brut;;;390000;3900,00;opcao ativa unica;/2/menus/0/menuItems/6/options/0/price;/2/menus/0/menuItems/6;750ml: R$ 3900,00;PRECO_EM_OPCAO | DESCRICAO_PT_AUSENTE;FONTE_VERIFICADA;PENDENTE;
95;madonna_cucina;| Espumantes e Champagnes;Adega > | Espumantes e Champagnes;691b1e1f308a9fdefff72671 > 691b1e2f308a9fdefff728e4;69372e1fd871d329d52bce43;wine;Veuve Clicquot Brut;;;77200;772,00;opcao ativa unica;/2/menus/0/menuItems/7/options/0/price;/2/menus/0/menuItems/7;750ml: R$ 772,00;PRECO_EM_OPCAO | DESCRICAO_PT_AUSENTE;FONTE_VERIFICADA;PENDENTE;
96;madonna_cucina;| Espumantes e Champagnes;Adega > | Espumantes e Champagnes;691b1e1f308a9fdefff72671 > 691b1e2f308a9fdefff728e4;69374b0127816f09fbb31151;wine;Cristal;;;714500;7145,00;opcao ativa unica;/2/menus/0/menuItems/8/options/0/price;/2/menus/0/menuItems/8;750ml: R$ 7145,00;PRECO_EM_OPCAO | DESCRICAO_PT_AUSENTE;FONTE_VERIFICADA;PENDENTE;
97;madonna_cucina;| Espumantes e Champagnes;Adega > | Espumantes e Champagnes;691b1e1f308a9fdefff72671 > 691b1e2f308a9fdefff728e4;69de8e2c58b41df72972fc28;wine;Champagne Bollinger Special Cuvée Brut;"Rica, encorpada, intensa, refinada e muito elegante, tendo merecido nada menos que 94 pontos da revista Wine Spectator. É um corte de uvas provenientes no mínimo 80% de vinhedos classificados como Grands Crus e Premiers Crus.
Bollinger representa o máximo em Champagne. Recebeu 5 estrelas da Revue Du Vin de France.";;196600;1966,00;opcao ativa unica;/2/menus/0/menuItems/9/options/0/price;/2/menus/0/menuItems/9;750ml: R$ 1966,00;PRECO_EM_OPCAO;FONTE_VERIFICADA;PENDENTE;
98;madonna_cucina;| Espumantes e Champagnes;Adega > | Espumantes e Champagnes;691b1e1f308a9fdefff72671 > 691b1e2f308a9fdefff728e4;69e12425f4731091156620a3;wine;Louis Roederer Collection 242;Collection 242  é elaborada majoritariamente com Chardonnay (42%) que teve grande êxito na safra de  2017 e conferem  notas de frutas maduras e doces, completada con finas notas amadeiradas. Na boca proporciona uma sensação envolvente  própria dos grandes Chardonnays. Pinots Noir (36%) e Meuniers (22%) do Vallée de la Marne completam o caráter  amplo, volumoso.;;99900;999,00;opcao ativa unica;/2/menus/0/menuItems/10/options/0/price;/2/menus/0/menuItems/10;750ml: R$ 999,00;PRECO_EM_OPCAO;FONTE_VERIFICADA;PENDENTE;
99;madonna_cucina;| Brancos;Adega > | Brancos;691b1e1f308a9fdefff72671 > 69259fd843da3d05216ae51e;6925a00443da3d05216aeb0d;wine;Vallontano Blanc;Vallontano produz este incrível Chardonnay, saboroso, aromático e fresco, com grande presença no paladar. O estilo marcante, limpo e sem madeira, é o mesmo que está cada vez mais bem-sucedido entre vários bons produtores de Chardonnay em todo o mundo. Um vinho branco com muita tipicidade!;;25300;253,00;opcao ativa unica;/2/menus/1/menuItems/0/options/0/price;/2/menus/1/menuItems/0;750ml: R$ 253,00;PRECO_EM_OPCAO;FONTE_VERIFICADA;PENDENTE;
100;madonna_cucina;| Brancos;Adega > | Brancos;691b1e1f308a9fdefff72671 > 69259fd843da3d05216ae51e;6925a05f43da3d05216af121;wine;Tistin Roero;;;55400;554,00;opcao ativa unica;/2/menus/1/menuItems/1/options/0/price;/2/menus/1/menuItems/1;750ml: R$ 554,00;PRECO_EM_OPCAO | DESCRICAO_PT_AUSENTE;FONTE_VERIFICADA;PENDENTE;
101;madonna_cucina;| Brancos;Adega > | Brancos;691b1e1f308a9fdefff72671 > 69259fd843da3d05216ae51e;6925a25a43da3d05216b1a13;wine; Regaleali Bianco;Produzido pela Tasca d'Almerita, eleita como a Vinícola Europeia do ano pela revista Wine Enthusiast. Um corte das uvas Inzolia, Grecanico, Catarratto e Chardonnay, revela aromas de frutas brancas, notas florais, herbáceas e minerais. Um vinho branco fresco e vibrante. Em boca, apresenta ótima acidez e um final persistente.;;34700;347,00;opcao ativa unica;/2/menus/1/menuItems/2/options/0/price;/2/menus/1/menuItems/2;750ml: R$ 347,00;PRECO_EM_OPCAO;FONTE_VERIFICADA;PENDENTE;
102;madonna_cucina;| Brancos;Adega > | Brancos;691b1e1f308a9fdefff72671 > 69259fd843da3d05216ae51e;6925a2c170e886e93e2062a6;wine;Mandolás;Este branco seco surpreende com seu charme e frescor. Encorpado, cheio de aromas e com grande finesse, mostra acidez perfeita e uma leve cremosidade. Um dos vinhos pioneiros a mostrar a uva Furmint vinificada como vinho seco, é um branco surpreendente com grande vocação gastronômica.;;98200;982,00;opcao ativa unica;/2/menus/1/menuItems/3/options/0/price;/2/menus/1/menuItems/3;750ml: R$ 982,00;PRECO_EM_OPCAO;FONTE_VERIFICADA;PENDENTE;
103;madonna_cucina;| Brancos;Adega > | Brancos;691b1e1f308a9fdefff72671 > 69259fd843da3d05216ae51e;6925a93470e886e93e2119ce;wine;Le Cabanon des Alexandrins ;A uva aromática Viognier é a matéria-prima do famoso Condrieu, um dos vinhos brancos mais celebrados da França. Le Cabanon revela aromas exuberantes de frutas brancas e cítricas, com um toque exótico e excelente frescor. Um vinho branco sedutor, perfeito como aperitivo e ideal para acompanhar aperitivos e saladas.;;38200;382,00;opcao ativa unica;/2/menus/1/menuItems/4/options/0/price;/2/menus/1/menuItems/4;750ml: R$ 382,00;PRECO_EM_OPCAO;FONTE_VERIFICADA;PENDENTE;
104;madonna_cucina;| Brancos;Adega > | Brancos;691b1e1f308a9fdefff72671 > 69259fd843da3d05216ae51e;6925aaf070e886e93e215e20;wine;Soalheiro Allo;ALLO pode ser apenas uma saudação, ou talvez se referir à famosa sitcom da BBC 'Allo 'Allo!, mas é a combinação das iniciais de Alvarinho e Loureiro, duas nobres variedades de uva do Minho. Loureiro, que representa 70% da mistura deste vinho, contribui com suas notas florais, enquanto Alvarinho é responsável pela estrutura do ALLO. Ao combinar a natureza delicada do Loureiro com a confiança do Alvarinho, ALLO é um vinho que representa os lados divertido e sério do nosso Território.;;35800;358,00;opcao ativa unica;/2/menus/1/menuItems/5/options/0/price;/2/menus/1/menuItems/5;750ml: R$ 358,00;PRECO_EM_OPCAO;FONTE_VERIFICADA;PENDENTE;
105;madonna_cucina;| Brancos;Adega > | Brancos;691b1e1f308a9fdefff72671 > 69259fd843da3d05216ae51e;6925ab6070e886e93e216df3;wine;Tapada de Coelheiros Blanc;O White Coelheiros Tapada é feito de Arinto e Guarda-Roupa da Vinha da Sobreira. Foi produzido pela primeira vez em 1995, sendo reconhecido por sua elegância, untuosidade e capacidade de envelhecimento. Nariz complexo, onde a fruta tropical é evidenciada, vinda do Guarda-Roupa, combinada com notas de toranja e a frescura da casca de limão arinto. O paladar é dominado pela cremosidade e untuosidade. Final longo e persistente.;;115300;1153,00;opcao ativa unica;/2/menus/1/menuItems/6/options/0/price;/2/menus/1/menuItems/6;750ml: R$ 1153,00;PRECO_EM_OPCAO;FONTE_VERIFICADA;PENDENTE;
106;madonna_cucina;| Brancos;Adega > | Brancos;691b1e1f308a9fdefff72671 > 69259fd843da3d05216ae51e;6925b1182072d85c974f4f05;wine;Robertson Blanc;Branco leve e refrescante da região do Vale de Robertson, feito 100% com Chenin Blanc. Apresenta aromas de frutas brancas e cítricas, com um toque floral e grande frescor. No paladar, é leve, vibrante e equilibrado, ideal para harmonizar com peixes, saladas, frutos do mar ou para beber casualmente. Um vinho versátil e muito agradável ao paladar.;;19600;196,00;opcao ativa unica;/2/menus/1/menuItems/7/options/0/price;/2/menus/1/menuItems/7;750ml: R$ 196,00;PRECO_EM_OPCAO | NOME_REPETIDO_PRESERVAR_CATEGORIA_E_VOLUME;FONTE_VERIFICADA;PENDENTE;
107;madonna_cucina;| Brancos;Adega > | Brancos;691b1e1f308a9fdefff72671 > 69259fd843da3d05216ae51e;6925b1672072d85c974f58be;wine;Luca Blanc;Luca Chardonnay G-Lot é feito com uvas de vinhas em altitude extrema. De acordo com Robert Parker, este excelente branco 'é o candidato ao melhor Chardonnay na Argentina ano após ano'. É um vinho branco com cor amarelo pálido, aromas de frutas tropicais e cítricas, além de um toque de pera e creme de limão. Reúne complexidade, potência e elegância em um conjunto muito sofisticado que compete com brancos da Borgonha que custam até três vezes mais. Ainda tem grande potencial de envelhecimento.;;58500;585,00;opcao ativa unica;/2/menus/1/menuItems/8/options/0/price;/2/menus/1/menuItems/8;750ml: R$ 585,00;PRECO_EM_OPCAO;FONTE_VERIFICADA;PENDENTE;
108;madonna_cucina;| Brancos;Adega > | Brancos;691b1e1f308a9fdefff72671 > 69259fd843da3d05216ae51e;6928a5712b69fb50e6727936;wine;Fonteleoni Vernaccia di San Gimignano;;;43400;434,00;opcao ativa unica;/2/menus/1/menuItems/9/options/0/price;/2/menus/1/menuItems/9;750ml: R$ 434,00;PRECO_EM_OPCAO | DESCRICAO_PT_AUSENTE;FONTE_VERIFICADA;PENDENTE;
109;madonna_cucina;| Brancos;Adega > | Brancos;691b1e1f308a9fdefff72671 > 69259fd843da3d05216ae51e;6928ac0a2b69fb50e673888c;wine;Mastroberardino Greco di Tufo;;;65700;657,00;opcao ativa unica;/2/menus/1/menuItems/10/options/0/price;/2/menus/1/menuItems/10;750ml: R$ 657,00;PRECO_EM_OPCAO | DESCRICAO_PT_AUSENTE;FONTE_VERIFICADA;PENDENTE;
110;madonna_cucina;| Brancos;Adega > | Brancos;691b1e1f308a9fdefff72671 > 69259fd843da3d05216ae51e;6928aee9816de541a52184a1;wine;Hochheimer Guts QBA Troken;;;55800;558,00;opcao ativa unica;/2/menus/1/menuItems/11/options/0/price;/2/menus/1/menuItems/11;750ml: R$ 558,00;PRECO_EM_OPCAO | DESCRICAO_PT_AUSENTE;FONTE_VERIFICADA;PENDENTE;
111;madonna_cucina;| Brancos;Adega > | Brancos;691b1e1f308a9fdefff72671 > 69259fd843da3d05216ae51e;6928b9ce377ecbfbcdd560e7;wine;La Petitte Perrière;;;29900;299,00;opcao ativa unica;/2/menus/1/menuItems/12/options/0/price;/2/menus/1/menuItems/12;750ml: R$ 299,00;PRECO_EM_OPCAO | DESCRICAO_PT_AUSENTE;FONTE_VERIFICADA;PENDENTE;
112;madonna_cucina;| Brancos;Adega > | Brancos;691b1e1f308a9fdefff72671 > 69259fd843da3d05216ae51e;6928bc68377ecbfbcdd5f80a;wine;Dopff Au Moulin ;;;48200;482,00;opcao ativa unica;/2/menus/1/menuItems/13/options/0/price;/2/menus/1/menuItems/13;750ml: R$ 482,00;PRECO_EM_OPCAO | DESCRICAO_PT_AUSENTE;FONTE_VERIFICADA;PENDENTE;
113;madonna_cucina;| Brancos;Adega > | Brancos;691b1e1f308a9fdefff72671 > 69259fd843da3d05216ae51e;6929b97e5597d385b4960039;wine;Chablis Tete d'Or;;;128300;1283,00;opcao ativa unica;/2/menus/1/menuItems/14/options/0/price;/2/menus/1/menuItems/14;750ml: R$ 1283,00;PRECO_EM_OPCAO | DESCRICAO_PT_AUSENTE;FONTE_VERIFICADA;PENDENTE;
114;madonna_cucina;| Brancos;Adega > | Brancos;691b1e1f308a9fdefff72671 > 69259fd843da3d05216ae51e;6929bc51be21817255b66bf7;wine;Mâcon-Villages;;;62000;620,00;opcao ativa unica;/2/menus/1/menuItems/15/options/0/price;/2/menus/1/menuItems/15;750ml: R$ 620,00;PRECO_EM_OPCAO | DESCRICAO_PT_AUSENTE;FONTE_VERIFICADA;PENDENTE;
115;madonna_cucina;| Brancos;Adega > | Brancos;691b1e1f308a9fdefff72671 > 69259fd843da3d05216ae51e;6929c1332a0a0c78e487d3e8;wine;Viña Bujanda Blanc;;;36700;367,00;opcao ativa unica;/2/menus/1/menuItems/16/options/0/price;/2/menus/1/menuItems/16;750ml: R$ 367,00;PRECO_EM_OPCAO | DESCRICAO_PT_AUSENTE;FONTE_VERIFICADA;PENDENTE;
116;madonna_cucina;| Brancos;Adega > | Brancos;691b1e1f308a9fdefff72671 > 69259fd843da3d05216ae51e;6929c28f2a0a0c78e4882e78;wine;Basa Blanc;;;46000;460,00;opcao ativa unica;/2/menus/1/menuItems/17/options/0/price;/2/menus/1/menuItems/17;750ml: R$ 460,00;PRECO_EM_OPCAO | DESCRICAO_PT_AUSENTE;FONTE_VERIFICADA;PENDENTE;
117;madonna_cucina;| Brancos;Adega > | Brancos;691b1e1f308a9fdefff72671 > 69259fd843da3d05216ae51e;6929ca79c39743f19c5890c2;wine;Y Series ;;;52300;523,00;opcao ativa unica;/2/menus/1/menuItems/18/options/0/price;/2/menus/1/menuItems/18;750ml: R$ 523,00;PRECO_EM_OPCAO | DESCRICAO_PT_AUSENTE;FONTE_VERIFICADA;PENDENTE;
118;madonna_cucina;| Brancos;Adega > | Brancos;691b1e1f308a9fdefff72671 > 69259fd843da3d05216ae51e;6929cce4bd0d1b1db3b0590c;wine;Barista ;;;44200;442,00;opcao ativa unica;/2/menus/1/menuItems/19/options/0/price;/2/menus/1/menuItems/19;750ml: R$ 442,00;PRECO_EM_OPCAO | DESCRICAO_PT_AUSENTE;FONTE_VERIFICADA;PENDENTE;
119;madonna_cucina;| Brancos;Adega > | Brancos;691b1e1f308a9fdefff72671 > 69259fd843da3d05216ae51e;6929cf3fbd0d1b1db3b0eb2b;wine;El Enemigo Blanc;;;48500;485,00;opcao ativa unica;/2/menus/1/menuItems/20/options/0/price;/2/menus/1/menuItems/20;750ml: R$ 485,00;PRECO_EM_OPCAO | DESCRICAO_PT_AUSENTE;FONTE_VERIFICADA;PENDENTE;
120;madonna_cucina;| Brancos;Adega > | Brancos;691b1e1f308a9fdefff72671 > 69259fd843da3d05216ae51e;692cb78c157a8dc15dedd29d;wine;Château Latour-Martillac Blanc ;;;178700;1787,00;opcao ativa unica;/2/menus/1/menuItems/21/options/0/price;/2/menus/1/menuItems/21;750ml: R$ 1787,00;PRECO_EM_OPCAO | DESCRICAO_PT_AUSENTE;FONTE_VERIFICADA;PENDENTE;
121;madonna_cucina;| Brancos;Adega > | Brancos;691b1e1f308a9fdefff72671 > 69259fd843da3d05216ae51e;69de90a158b41df729736b2b;wine;MONOGRAPH MOSCHOFILERO;O Monograph Moschofilero é elaborado com a casta (100%) Moschofilero na sub-região de Mantinia no Peloponeso, variedade cultivada especialmente nesta região. É um vinho vivo, moderno, rico, frutado, com notas marcantes florais, e em boca é refrescante e equilibrado. Ótimo para acompanhar peixes, e carnes brancas.;;37200;372,00;opcao ativa unica;/2/menus/1/menuItems/22/options/0/price;/2/menus/1/menuItems/22;750ml: R$ 372,00;PRECO_EM_OPCAO;FONTE_VERIFICADA;PENDENTE;
122;madonna_cucina;| Brancos;Adega > | Brancos;691b1e1f308a9fdefff72671 > 69259fd843da3d05216ae51e;69de91c858b41df72973a2fe;wine;Deux Montille Puligny Montrachet La Garenne;Expresso floral e aromas de frutas de pedra com suave carvalho, baunilha e pimentão especiarias. O vinho tem uma boca encantadora, quente e encorpado, com calor de frutas tropicais, groselha e banana, carvalho morno e um longo acabamento cremoso.;;356600;3566,00;opcao ativa unica;/2/menus/1/menuItems/23/options/0/price;/2/menus/1/menuItems/23;750ml: R$ 3566,00;PRECO_EM_OPCAO;FONTE_VERIFICADA;PENDENTE;
123;madonna_cucina;| Brancos;Adega > | Brancos;691b1e1f308a9fdefff72671 > 69259fd843da3d05216ae51e;69dea2d958b41df72975c2f8;wine;"Gaierhof ""Nosiola"" DOC";;;26500;265,00;opcao ativa unica;/2/menus/1/menuItems/24/options/0/price;/2/menus/1/menuItems/24;750ml: R$ 265,00;PRECO_EM_OPCAO | NOME_REPETIDO_PRESERVAR_CATEGORIA_E_VOLUME | DESCRICAO_PT_AUSENTE;FONTE_VERIFICADA;PENDENTE;
124;madonna_cucina;| Brancos;Adega > | Brancos;691b1e1f308a9fdefff72671 > 69259fd843da3d05216ae51e;69dea30a58b41df72975cd4e;wine;Marani Bianco;De cor dourada intensa, no nariz desvenda fragrâncias de frutas amarelas e exóticas com uma nota inconfundível de mel. No paladar o vinho é equilibrado, elegante e harmonioso, em perfeito equilíbrio.;;31000;310,00;opcao ativa unica;/2/menus/1/menuItems/25/options/0/price;/2/menus/1/menuItems/25;750ml: R$ 310,00;PRECO_EM_OPCAO;FONTE_VERIFICADA;PENDENTE;
125;madonna_cucina;| Brancos;Adega > | Brancos;691b1e1f308a9fdefff72671 > 69259fd843da3d05216ae51e;69dea34058b41df72975d76e;wine;Vinho Branco La Ciocca Malvasia DOC;"O Vinho Branco La Ciocca Malvasia DOC 750ml é produzido pela vinícola La Ciocca, localizada na região

do Lácio, Itália, conhecida por seus vinhos frescos e aromáticos. Este vinho é feito 100% da casta Malvasia

e não passa por barricas, preservando as suas características frutadas e florais.";;22300;223,00;opcao ativa unica;/2/menus/1/menuItems/26/options/0/price;/2/menus/1/menuItems/26;750ml: R$ 223,00;PRECO_EM_OPCAO;FONTE_VERIFICADA;PENDENTE;
126;madonna_cucina;| Brancos;Adega > | Brancos;691b1e1f308a9fdefff72671 > 69259fd843da3d05216ae51e;69dea7d558b41df729769724;wine;Guerriero Bianco IGT;;;29300;293,00;opcao ativa unica;/2/menus/1/menuItems/27/options/0/price;/2/menus/1/menuItems/27;750ml: R$ 293,00;PRECO_EM_OPCAO | DESCRICAO_PT_AUSENTE;FONTE_VERIFICADA;PENDENTE;
127;madonna_cucina;| Brancos;Adega > | Brancos;691b1e1f308a9fdefff72671 > 69259fd843da3d05216ae51e;69e12541f4731091156645f5;wine;Abadia De San Campio;It shows clear and clean fruity aromas, where the white fruit as Golden apple, banana and water pear stands out, accompanied by smooth anissed notes and a citrus finish. Ample and powerful in mouth. A fresh and sparkling acidity is perceived in the wine and it is perfectly balanced with its great greasiness, offering a kind, cheerful and very fresh whole. Ample aftertaste of white fruit, with a lingering and clearly fruity finish;;44700;447,00;opcao ativa unica;/2/menus/1/menuItems/28/options/0/price;/2/menus/1/menuItems/28;750ml: R$ 447,00;PRECO_EM_OPCAO;FONTE_VERIFICADA;PENDENTE;
128;madonna_cucina;| Brancos;Adega > | Brancos;691b1e1f308a9fdefff72671 > 69259fd843da3d05216ae51e;69e12586c31aa4aaf9092f02;wine;Tarapaca Gran Reserva Sauvignon Blanc;Cor amarelo brilhante com reflexos verdeais. Aroma frutado, frutas tropicais maduras, com notas minerais. O paladar é rico com o final de nectarina branca, abacaxi verde e erva-cidreira. O vinho tem duração e intensidade no paladar dos frutos tropicais com notas minerais no final.;;28600;286,00;opcao ativa unica;/2/menus/1/menuItems/29/options/0/price;/2/menus/1/menuItems/29;750ml: R$ 286,00;PRECO_EM_OPCAO;FONTE_VERIFICADA;PENDENTE;
129;madonna_cucina;| Rosés;Adega > | Rosés;691b1e1f308a9fdefff72671 > 6925b618774d3e8a0e8341eb;6925b796774d3e8a0e837629;wine;Regaleali Le Rose IGT;Um vinho Rosé produzido com uva Nerello Mascalese. Apresenta uma bela cor rosa, no nariz, revela aromas florais de pétalas de rosa, bem como notas de frutas vermelhas, como cereja, framboesa e amora. Na boca, tem excelente acidez e um final persistente.;;34400;344,00;opcao ativa unica;/2/menus/2/menuItems/0/options/0/price;/2/menus/2/menuItems/0;750ml: R$ 344,00;PRECO_EM_OPCAO;FONTE_VERIFICADA;PENDENTE;
130;madonna_cucina;| Rosés;Adega > | Rosés;691b1e1f308a9fdefff72671 > 6925b618774d3e8a0e8341eb;6929d4db529e64ebe3b2b2ca;wine;Bayanegra Rose;;;18900;189,00;opcao ativa unica;/2/menus/2/menuItems/1/options/0/price;/2/menus/2/menuItems/1;750ml: R$ 189,00;PRECO_EM_OPCAO | DESCRICAO_PT_AUSENTE;FONTE_VERIFICADA;PENDENTE;
131;madonna_cucina;| Rosés;Adega > | Rosés;691b1e1f308a9fdefff72671 > 6925b618774d3e8a0e8341eb;6929d6f3cbfbebea83b50b0b;wine;Coelheiros Rosado;;;45400;454,00;opcao ativa unica;/2/menus/2/menuItems/2/options/0/price;/2/menus/2/menuItems/2;750ml: R$ 454,00;PRECO_EM_OPCAO | DESCRICAO_PT_AUSENTE;FONTE_VERIFICADA;PENDENTE;
132;madonna_cucina;| Rosés;Adega > | Rosés;691b1e1f308a9fdefff72671 > 6925b618774d3e8a0e8341eb;6929d8eccbfbebea83b56851;wine;Studio By Miraval;;;52300;523,00;opcao ativa unica;/2/menus/2/menuItems/3/options/0/price;/2/menus/2/menuItems/3;750ml: R$ 523,00;PRECO_EM_OPCAO | DESCRICAO_PT_AUSENTE;FONTE_VERIFICADA;PENDENTE;
133;madonna_cucina;| Rosés;Adega > | Rosés;691b1e1f308a9fdefff72671 > 6925b618774d3e8a0e8341eb;6929dbae2a53628c9afb2bb4;wine;"""A"" D'Aaussières";;;31700;317,00;opcao ativa unica;/2/menus/2/menuItems/4/options/0/price;/2/menus/2/menuItems/4;750ml: R$ 317,00;PRECO_EM_OPCAO | DESCRICAO_PT_AUSENTE;FONTE_VERIFICADA;PENDENTE;
134;madonna_cucina;| Rosés;Adega > | Rosés;691b1e1f308a9fdefff72671 > 6925b618774d3e8a0e8341eb;69de933358b41df72973d2dc;wine;Tenuta Delle Terre Nere Etna Rosato;;;0;0,00;opcao ativa unica;/2/menus/2/menuItems/5/options/0/price;/2/menus/2/menuItems/5;750ml: R$ 0,00;PRECO_EM_OPCAO | PRECO_ZERO_OU_NEGATIVO_BLOQUEAR_OFERTA | DESCRICAO_PT_AUSENTE;FONTE_VERIFICADA;PENDENTE;
135;madonna_cucina;| Rosés;Adega > | Rosés;691b1e1f308a9fdefff72671 > 6925b618774d3e8a0e8341eb;69dea8ae58b41df72976cf4b;wine;"Gaieorhf ""Schiava"" IGT Rosato ";;;27500;275,00;opcao ativa unica;/2/menus/2/menuItems/6/options/0/price;/2/menus/2/menuItems/6;750ml: R$ 275,00;PRECO_EM_OPCAO | DESCRICAO_PT_AUSENTE;FONTE_VERIFICADA;PENDENTE;
136;madonna_cucina;| Rosés;Adega > | Rosés;691b1e1f308a9fdefff72671 > 6925b618774d3e8a0e8341eb;69dea970285ea768b135dc39;wine;Mabilia Ciro DOC Rosato;;;30300;303,00;opcao ativa unica;/2/menus/2/menuItems/7/options/0/price;/2/menus/2/menuItems/7;750ml: R$ 303,00;PRECO_EM_OPCAO | DESCRICAO_PT_AUSENTE;FONTE_VERIFICADA;PENDENTE;
137;madonna_cucina;| Rosés;Adega > | Rosés;691b1e1f308a9fdefff72671 > 6925b618774d3e8a0e8341eb;69e125c3f47310911566567c;wine;Domaine Ott Clos Mireille Cotes De Provence Rose;Vestido pálido bonito rosa com reflexos dourados açafrão. O nariz poderoso e elegante combina frutas brancas e morango, as raspas de citrinos com leves notas de cardamomo. A estrutura de boca é hermético e equilibrada com uma nota frutado crisp reforçada com uma ponta de toranja. o acabamento suave e harmonioso expressa a complexidade e expressão de terroir marítima Clos Mireille.;;86300;863,00;opcao ativa unica;/2/menus/2/menuItems/8/options/0/price;/2/menus/2/menuItems/8;750ml: R$ 863,00;PRECO_EM_OPCAO;FONTE_VERIFICADA;PENDENTE;
138;madonna_cucina;| Tintos;Adega > | Tintos;691b1e1f308a9fdefff72671 > 6925e7914ca04d4034d10696;692758a03d3494e4328921c9;wine;Chryseia ;;;262500;2625,00;opcao ativa unica;/2/menus/3/menuItems/0/options/0/price;/2/menus/3/menuItems/0;750ml: R$ 2625,00;PRECO_EM_OPCAO | DESCRICAO_PT_AUSENTE;FONTE_VERIFICADA;PENDENTE;
139;madonna_cucina;| Tintos;Adega > | Tintos;691b1e1f308a9fdefff72671 > 6925e7914ca04d4034d10696;6929e79ea111687529f0ab15;wine;Barbaresco DOCG ;;;141000;1410,00;opcao ativa unica;/2/menus/3/menuItems/1/options/0/price;/2/menus/3/menuItems/1;750ml: R$ 1410,00;PRECO_EM_OPCAO | DESCRICAO_PT_AUSENTE;FONTE_VERIFICADA;PENDENTE;
140;madonna_cucina;| Tintos;Adega > | Tintos;691b1e1f308a9fdefff72671 > 6925e7914ca04d4034d10696;6927539e678923ece85fcf88;wine;Famille Perrin Côtes-du-Rhône Resereve 1,5L;;;89900;899,00;opcao ativa unica;/2/menus/3/menuItems/2/options/0/price;/2/menus/3/menuItems/2;Magnum: R$ 899,00;PRECO_EM_OPCAO | DESCRICAO_PT_AUSENTE;FONTE_VERIFICADA;PENDENTE;
141;madonna_cucina;| Tintos;Adega > | Tintos;691b1e1f308a9fdefff72671 > 6925e7914ca04d4034d10696;692753d0678923ece85fdd20;wine;Dehesa La Granja;;;45400;454,00;opcao ativa unica;/2/menus/3/menuItems/3/options/0/price;/2/menus/3/menuItems/3;750ml: R$ 454,00;PRECO_EM_OPCAO | DESCRICAO_PT_AUSENTE;FONTE_VERIFICADA;PENDENTE;
142;madonna_cucina;| Tintos;Adega > | Tintos;691b1e1f308a9fdefff72671 > 6925e7914ca04d4034d10696;692753f2678923ece85fe5e6;wine;Pintia;;;237000;2370,00;opcao ativa unica;/2/menus/3/menuItems/4/options/0/price;/2/menus/3/menuItems/4;750ml: R$ 2370,00;PRECO_EM_OPCAO | DESCRICAO_PT_AUSENTE;FONTE_VERIFICADA;PENDENTE;
143;madonna_cucina;| Tintos;Adega > | Tintos;691b1e1f308a9fdefff72671 > 6925e7914ca04d4034d10696;69275561a1f713322ef3dc05;wine;"Corriente ""Bueno de Diario""";;;45400;454,00;opcao ativa unica;/2/menus/3/menuItems/5/options/0/price;/2/menus/3/menuItems/5;750ml: R$ 454,00;PRECO_EM_OPCAO | DESCRICAO_PT_AUSENTE;FONTE_VERIFICADA;PENDENTE;
144;madonna_cucina;| Tintos;Adega > | Tintos;691b1e1f308a9fdefff72671 > 6925e7914ca04d4034d10696;6925e7b74ca04d4034d10cef;wine;Vallontano Reserva ;Notas de frutas vermelhas e pretas, café, tabaco e conservas. Os aromas complexos e marcantes vêm dos barris de carvalho, onde o vinho é envelhecido por 1 ano, lembrando especiarias. Encorpado, com ótima sensação na boca, taninos elegantes e maduros, e longa persistência, produz uma sensação extremamente agradável no paladar.;;22500;225,00;opcao ativa unica;/2/menus/3/menuItems/6/options/0/price;/2/menus/3/menuItems/6;750ml: R$ 225,00;PRECO_EM_OPCAO;FONTE_VERIFICADA;PENDENTE;
145;madonna_cucina;| Tintos;Adega > | Tintos;691b1e1f308a9fdefff72671 > 6925e7914ca04d4034d10696;69275ba11286fbb165cc39c5;wine;Kadette Cape Blend ;;;49600;496,00;opcao ativa unica;/2/menus/3/menuItems/7/options/0/price;/2/menus/3/menuItems/7;750ml: R$ 496,00;PRECO_EM_OPCAO | DESCRICAO_PT_AUSENTE;FONTE_VERIFICADA;PENDENTE;
146;madonna_cucina;| Tintos;Adega > | Tintos;691b1e1f308a9fdefff72671 > 6925e7914ca04d4034d10696;6929e47f52ff28756ae27163;wine;Criações LH Zanini;;;39700;397,00;opcao ativa unica;/2/menus/3/menuItems/8/options/0/price;/2/menus/3/menuItems/8;750ml: R$ 397,00;PRECO_EM_OPCAO | DESCRICAO_PT_AUSENTE;FONTE_VERIFICADA;PENDENTE;
147;madonna_cucina;| Tintos;Adega > | Tintos;691b1e1f308a9fdefff72671 > 6925e7914ca04d4034d10696;6929eb76a7f0e58994d6bf47;wine;Barolo Rocche dell'Annunziata DOCG;;;187700;1877,00;opcao ativa unica;/2/menus/3/menuItems/9/options/0/price;/2/menus/3/menuItems/9;750ml: R$ 1877,00;PRECO_EM_OPCAO | DESCRICAO_PT_AUSENTE;FONTE_VERIFICADA;PENDENTE;
148;madonna_cucina;| Tintos;Adega > | Tintos;691b1e1f308a9fdefff72671 > 6925e7914ca04d4034d10696;6929f7bfc611d797c2df394c;wine;Amarone della Valpolicella Classico Sant'Urbano;;;131700;1317,00;opcao ativa unica;/2/menus/3/menuItems/10/options/0/price;/2/menus/3/menuItems/10;750ml: R$ 1317,00;PRECO_EM_OPCAO | DESCRICAO_PT_AUSENTE;FONTE_VERIFICADA;PENDENTE;
149;madonna_cucina;| Tintos;Adega > | Tintos;691b1e1f308a9fdefff72671 > 6925e7914ca04d4034d10696;692a007f8b9dae1e055314ce;wine;Ghiaie della Furba;;;120000;1200,00;opcao ativa unica;/2/menus/3/menuItems/11/options/0/price;/2/menus/3/menuItems/11;750ml: R$ 1200,00;PRECO_EM_OPCAO | DESCRICAO_PT_AUSENTE;FONTE_VERIFICADA;PENDENTE;
150;madonna_cucina;| Tintos;Adega > | Tintos;691b1e1f308a9fdefff72671 > 6925e7914ca04d4034d10696;692a01c88b9dae1e05534f61;wine;"Magari ""Bolgheri"" IGP";;;135100;1351,00;opcao ativa unica;/2/menus/3/menuItems/12/options/0/price;/2/menus/3/menuItems/12;750ml: R$ 1351,00;PRECO_EM_OPCAO | DESCRICAO_PT_AUSENTE;FONTE_VERIFICADA;PENDENTE;
151;madonna_cucina;| Tintos;Adega > | Tintos;691b1e1f308a9fdefff72671 > 6925e7914ca04d4034d10696;692a03418b9dae1e05539502;wine;"Sassicaia ""Bolgheri""";;;602100;6021,00;opcao ativa unica;/2/menus/3/menuItems/13/options/0/price;/2/menus/3/menuItems/13;750ml: R$ 6021,00;PRECO_EM_OPCAO | DESCRICAO_PT_AUSENTE;FONTE_VERIFICADA;PENDENTE;
152;madonna_cucina;| Tintos;Adega > | Tintos;691b1e1f308a9fdefff72671 > 6925e7914ca04d4034d10696;692a04718b9dae1e0553d565;wine;Biondi-Santi Brunello di Montalcino DOCG;;;591800;5918,00;opcao ativa unica;/2/menus/3/menuItems/14/options/0/price;/2/menus/3/menuItems/14;750ml: R$ 5918,00;PRECO_EM_OPCAO | DESCRICAO_PT_AUSENTE;FONTE_VERIFICADA;PENDENTE;
153;madonna_cucina;| Tintos;Adega > | Tintos;691b1e1f308a9fdefff72671 > 6925e7914ca04d4034d10696;692a06b98b9dae1e05543bcd;wine;Epicuro;;;31700;317,00;opcao ativa unica;/2/menus/3/menuItems/15/options/0/price;/2/menus/3/menuItems/15;750ml: R$ 317,00;PRECO_EM_OPCAO | DESCRICAO_PT_AUSENTE;FONTE_VERIFICADA;PENDENTE;
154;madonna_cucina;| Tintos;Adega > | Tintos;691b1e1f308a9fdefff72671 > 6925e7914ca04d4034d10696;692a0d49d71f2cab21e2efb1;wine;"Tenuta Regaleali ""Vgna San Francesco""";;;131300;1313,00;opcao ativa unica;/2/menus/3/menuItems/16/options/0/price;/2/menus/3/menuItems/16;750ml: R$ 1313,00;PRECO_EM_OPCAO | DESCRICAO_PT_AUSENTE;FONTE_VERIFICADA;PENDENTE;
155;madonna_cucina;| Tintos;Adega > | Tintos;691b1e1f308a9fdefff72671 > 6925e7914ca04d4034d10696;692a11fdbfd9075e2e6f0c62;wine;Côte de Nuits-Villages Vieilles Vignes ;;;141000;1410,00;opcao ativa unica;/2/menus/3/menuItems/17/options/0/price;/2/menus/3/menuItems/17;750ml: R$ 1410,00;PRECO_EM_OPCAO | DESCRICAO_PT_AUSENTE;FONTE_VERIFICADA;PENDENTE;
156;madonna_cucina;| Tintos;Adega > | Tintos;691b1e1f308a9fdefff72671 > 6925e7914ca04d4034d10696;692a1303bfd9075e2e6f620e;wine;Gevrey-Chambertin;;;215500;2155,00;opcao ativa unica;/2/menus/3/menuItems/18/options/0/price;/2/menus/3/menuItems/18;750ml: R$ 2155,00;PRECO_EM_OPCAO | DESCRICAO_PT_AUSENTE;FONTE_VERIFICADA;PENDENTE;
157;madonna_cucina;| Tintos;Adega > | Tintos;691b1e1f308a9fdefff72671 > 6925e7914ca04d4034d10696;692a14c4bfd9075e2e6fda55;wine;Château Sigognac;;;56800;568,00;opcao ativa unica;/2/menus/3/menuItems/19/options/0/price;/2/menus/3/menuItems/19;750ml: R$ 568,00;PRECO_EM_OPCAO | DESCRICAO_PT_AUSENTE;FONTE_VERIFICADA;PENDENTE;
158;madonna_cucina;| Tintos;Adega > | Tintos;691b1e1f308a9fdefff72671 > 6925e7914ca04d4034d10696;692a17b3bfd9075e2e70d01c;wine;Vieux Château Saint André ;;;103400;1034,00;opcao ativa unica;/2/menus/3/menuItems/20/options/0/price;/2/menus/3/menuItems/20;750ml: R$ 1034,00;PRECO_EM_OPCAO | DESCRICAO_PT_AUSENTE;FONTE_VERIFICADA;PENDENTE;
159;madonna_cucina;| Tintos;Adega > | Tintos;691b1e1f308a9fdefff72671 > 6925e7914ca04d4034d10696;692b1e8a8d5d40a89b2eff06;wine;"Châteauneuf-du-Pape ""Château de Beaucastel""";;;281800;2818,00;opcao ativa unica;/2/menus/3/menuItems/21/options/0/price;/2/menus/3/menuItems/21;750ml: R$ 2818,00;PRECO_EM_OPCAO | DESCRICAO_PT_AUSENTE;FONTE_VERIFICADA;PENDENTE;
160;madonna_cucina;| Tintos;Adega > | Tintos;691b1e1f308a9fdefff72671 > 6925e7914ca04d4034d10696;692b262e40b557edda07dcac;wine;Cepa Gavilán Crianza;;;64700;647,00;opcao ativa unica;/2/menus/3/menuItems/22/options/0/price;/2/menus/3/menuItems/22;750ml: R$ 647,00;PRECO_EM_OPCAO | DESCRICAO_PT_AUSENTE;FONTE_VERIFICADA;PENDENTE;
161;madonna_cucina;| Tintos;Adega > | Tintos;691b1e1f308a9fdefff72671 > 6925e7914ca04d4034d10696;692b27c17e84a9f73979abf9;wine;Flor de Pingus ;;;287500;2875,00;opcao ativa unica;/2/menus/3/menuItems/23/options/0/price;/2/menus/3/menuItems/23;750ml: R$ 2875,00;PRECO_EM_OPCAO | DESCRICAO_PT_AUSENTE;FONTE_VERIFICADA;PENDENTE;
162;madonna_cucina;| Tintos;Adega > | Tintos;691b1e1f308a9fdefff72671 > 6925e7914ca04d4034d10696;692b29635aedd376cad6d053;wine;Vega Sicilia Unico;;;1316400;13164,00;opcao ativa unica;/2/menus/3/menuItems/24/options/0/price;/2/menus/3/menuItems/24;750ml: R$ 13164,00;PRECO_EM_OPCAO | DESCRICAO_PT_AUSENTE;FONTE_VERIFICADA;PENDENTE;
163;madonna_cucina;| Tintos;Adega > | Tintos;691b1e1f308a9fdefff72671 > 6925e7914ca04d4034d10696;692b2ded2a41b5505b76105a;wine;Viña Tondonia Reserva;;;146700;1467,00;opcao ativa unica;/2/menus/3/menuItems/25/options/0/price;/2/menus/3/menuItems/25;750ml: R$ 1467,00;PRECO_EM_OPCAO | DESCRICAO_PT_AUSENTE;FONTE_VERIFICADA;PENDENTE;
164;madonna_cucina;| Tintos;Adega > | Tintos;691b1e1f308a9fdefff72671 > 6925e7914ca04d4034d10696;692b2f83a75e76fcae644e3b;wine;Remelluri Gran Reserva;;;239800;2398,00;opcao ativa unica;/2/menus/3/menuItems/26/options/0/price;/2/menus/3/menuItems/26;750ml: R$ 2398,00;PRECO_EM_OPCAO | DESCRICAO_PT_AUSENTE;FONTE_VERIFICADA;PENDENTE;
165;madonna_cucina;| Tintos;Adega > | Tintos;691b1e1f308a9fdefff72671 > 6925e7914ca04d4034d10696;692b330fa75e76fcae655d02;wine;Font de La Figuera;;;121900;1219,00;opcao ativa unica;/2/menus/3/menuItems/27/options/0/price;/2/menus/3/menuItems/27;750ml: R$ 1219,00;PRECO_EM_OPCAO | DESCRICAO_PT_AUSENTE;FONTE_VERIFICADA;PENDENTE;
166;madonna_cucina;| Tintos;Adega > | Tintos;691b1e1f308a9fdefff72671 > 6925e7914ca04d4034d10696;692b37aba75e76fcae668fb5;wine;Copa Real Oro;;;19200;192,00;opcao ativa unica;/2/menus/3/menuItems/28/options/0/price;/2/menus/3/menuItems/28;750ml: R$ 192,00;PRECO_EM_OPCAO | DESCRICAO_PT_AUSENTE;FONTE_VERIFICADA;PENDENTE;
167;madonna_cucina;| Tintos;Adega > | Tintos;691b1e1f308a9fdefff72671 > 6925e7914ca04d4034d10696;692b3b3fa75e76fcae67841d;wine;Flam Reserve;;;103400;1034,00;opcao ativa unica;/2/menus/3/menuItems/29/options/0/price;/2/menus/3/menuItems/29;750ml: R$ 1034,00;PRECO_EM_OPCAO | DESCRICAO_PT_AUSENTE;FONTE_VERIFICADA;PENDENTE;
168;madonna_cucina;| Tintos;Adega > | Tintos;691b1e1f308a9fdefff72671 > 6925e7914ca04d4034d10696;692b3ce2a75e76fcae67e614;wine;Prazo de Roriz;;;48500;485,00;opcao ativa unica;/2/menus/3/menuItems/30/options/0/price;/2/menus/3/menuItems/30;750ml: R$ 485,00;PRECO_EM_OPCAO | DESCRICAO_PT_AUSENTE;FONTE_VERIFICADA;PENDENTE;
169;madonna_cucina;| Tintos;Adega > | Tintos;691b1e1f308a9fdefff72671 > 6925e7914ca04d4034d10696;692b4135a75e76fcae68c7da;wine;Quinta da Ponte Pedrinha;;;28100;281,00;opcao ativa unica;/2/menus/3/menuItems/31/options/0/price;/2/menus/3/menuItems/31;750ml: R$ 281,00;PRECO_EM_OPCAO | DESCRICAO_PT_AUSENTE;FONTE_VERIFICADA;PENDENTE;
170;madonna_cucina;| Tintos;Adega > | Tintos;691b1e1f308a9fdefff72671 > 6925e7914ca04d4034d10696;692b46a8a75e76fcae69ad24;wine;Quinta da Lagoalva Grande Reserva ;;;91100;911,00;opcao ativa unica;/2/menus/3/menuItems/32/options/0/price;/2/menus/3/menuItems/32;750ml: R$ 911,00;PRECO_EM_OPCAO | DESCRICAO_PT_AUSENTE;FONTE_VERIFICADA;PENDENTE;
171;madonna_cucina;| Tintos;Adega > | Tintos;691b1e1f308a9fdefff72671 > 6925e7914ca04d4034d10696;692b4916a75e76fcae6a1df3;wine;Zagalos Reserva ;;;62000;620,00;opcao ativa unica;/2/menus/3/menuItems/33/options/0/price;/2/menus/3/menuItems/33;750ml: R$ 620,00;PRECO_EM_OPCAO | DESCRICAO_PT_AUSENTE;FONTE_VERIFICADA;PENDENTE;
172;madonna_cucina;| Tintos;Adega > | Tintos;691b1e1f308a9fdefff72671 > 6925e7914ca04d4034d10696;692b4a51a75e76fcae6a4f9d;wine;Ridge Lytton Springs ;;;122200;1222,00;opcao ativa unica;/2/menus/3/menuItems/34/options/0/price;/2/menus/3/menuItems/34;750ml: R$ 1222,00;PRECO_EM_OPCAO | DESCRICAO_PT_AUSENTE;FONTE_VERIFICADA;PENDENTE;
173;madonna_cucina;| Tintos;Adega > | Tintos;691b1e1f308a9fdefff72671 > 6925e7914ca04d4034d10696;692b506aa75e76fcae6b57d1;wine;Amayna;;;68300;683,00;opcao ativa unica;/2/menus/3/menuItems/35/options/0/price;/2/menus/3/menuItems/35;750ml: R$ 683,00;PRECO_EM_OPCAO | DESCRICAO_PT_AUSENTE;FONTE_VERIFICADA;PENDENTE;
174;madonna_cucina;| Tintos;Adega > | Tintos;691b1e1f308a9fdefff72671 > 6925e7914ca04d4034d10696;692b51b8a75e76fcae6b9cb3;wine;Lapostolle Apalta;;;41300;413,00;opcao ativa unica;/2/menus/3/menuItems/36/options/0/price;/2/menus/3/menuItems/36;750ml: R$ 413,00;PRECO_EM_OPCAO | DESCRICAO_PT_AUSENTE;FONTE_VERIFICADA;PENDENTE;
175;madonna_cucina;| Tintos;Adega > | Tintos;691b1e1f308a9fdefff72671 > 6925e7914ca04d4034d10696;692b52bfa75e76fcae6bcc8f;wine;Cromas Gran Reserva;;;44500;445,00;opcao ativa unica;/2/menus/3/menuItems/37/options/0/price;/2/menus/3/menuItems/37;750ml: R$ 445,00;PRECO_EM_OPCAO | DESCRICAO_PT_AUSENTE;FONTE_VERIFICADA;PENDENTE;
176;madonna_cucina;| Tintos;Adega > | Tintos;691b1e1f308a9fdefff72671 > 6925e7914ca04d4034d10696;692b53dda75e76fcae6c05e4;wine;Clos Apalta;;;338600;3386,00;opcao ativa unica;/2/menus/3/menuItems/38/options/0/price;/2/menus/3/menuItems/38;750ml: R$ 3386,00;PRECO_EM_OPCAO | DESCRICAO_PT_AUSENTE;FONTE_VERIFICADA;PENDENTE;
177;madonna_cucina;| Tintos;Adega > | Tintos;691b1e1f308a9fdefff72671 > 6925e7914ca04d4034d10696;692b54d5a75e76fcae6c39e1;wine;Lapostolle Cuvée Alexandre;;;68200;682,00;opcao ativa unica;/2/menus/3/menuItems/39/options/0/price;/2/menus/3/menuItems/39;750ml: R$ 682,00;PRECO_EM_OPCAO | DESCRICAO_PT_AUSENTE;FONTE_VERIFICADA;PENDENTE;
178;madonna_cucina;| Tintos;Adega > | Tintos;691b1e1f308a9fdefff72671 > 6925e7914ca04d4034d10696;692b55e1a75e76fcae6c6fad;wine;Rio de los Pájaros Reserva;;;35700;357,00;opcao ativa unica;/2/menus/3/menuItems/40/options/0/price;/2/menus/3/menuItems/40;750ml: R$ 357,00;PRECO_EM_OPCAO | DESCRICAO_PT_AUSENTE;FONTE_VERIFICADA;PENDENTE;
179;madonna_cucina;| Tintos;Adega > | Tintos;691b1e1f308a9fdefff72671 > 6925e7914ca04d4034d10696;692b5691a75e76fcae6c936b;wine;Pisano RPF;;;52300;523,00;opcao ativa unica;/2/menus/3/menuItems/41/options/0/price;/2/menus/3/menuItems/41;750ml: R$ 523,00;PRECO_EM_OPCAO | DESCRICAO_PT_AUSENTE;FONTE_VERIFICADA;PENDENTE;
180;madonna_cucina;| Tintos;Adega > | Tintos;691b1e1f308a9fdefff72671 > 6925e7914ca04d4034d10696;692b59c7878d1d942720ed37;wine;El Enemigo;;;48500;485,00;opcao ativa unica;/2/menus/3/menuItems/42/options/0/price;/2/menus/3/menuItems/42;750ml: R$ 485,00;PRECO_EM_OPCAO | DESCRICAO_PT_AUSENTE;FONTE_VERIFICADA;PENDENTE;
181;madonna_cucina;| Tintos;Adega > | Tintos;691b1e1f308a9fdefff72671 > 6925e7914ca04d4034d10696;692b5b64878d1d9427213efc;wine;Tikal Amorío;;;55800;558,00;opcao ativa unica;/2/menus/3/menuItems/43/options/0/price;/2/menus/3/menuItems/43;750ml: R$ 558,00;PRECO_EM_OPCAO | DESCRICAO_PT_AUSENTE;FONTE_VERIFICADA;PENDENTE;
182;madonna_cucina;| Tintos;Adega > | Tintos;691b1e1f308a9fdefff72671 > 6925e7914ca04d4034d10696;692b5c7b878d1d942721749d;wine;Luca Vintage;;;58500;585,00;opcao ativa unica;/2/menus/3/menuItems/44/options/0/price;/2/menus/3/menuItems/44;750ml: R$ 585,00;PRECO_EM_OPCAO | DESCRICAO_PT_AUSENTE;FONTE_VERIFICADA;PENDENTE;
183;madonna_cucina;| Tintos;Adega > | Tintos;691b1e1f308a9fdefff72671 > 6925e7914ca04d4034d10696;692b5d9c878d1d942721be9a;wine;Petit Caro ;;;29900;299,00;opcao ativa unica;/2/menus/3/menuItems/45/options/0/price;/2/menus/3/menuItems/45;750ml: R$ 299,00;PRECO_EM_OPCAO | DESCRICAO_PT_AUSENTE;FONTE_VERIFICADA;PENDENTE;
184;madonna_cucina;| Tintos;Adega > | Tintos;691b1e1f308a9fdefff72671 > 6925e7914ca04d4034d10696;692b5e77878d1d942721ea21;wine;Catena Zapata Estiba Reservada ;;;432400;4324,00;opcao ativa unica;/2/menus/3/menuItems/46/options/0/price;/2/menus/3/menuItems/46;750ml: R$ 4324,00;PRECO_EM_OPCAO | DESCRICAO_PT_AUSENTE;FONTE_VERIFICADA;PENDENTE;
185;madonna_cucina;| Tintos;Adega > | Tintos;691b1e1f308a9fdefff72671 > 6925e7914ca04d4034d10696;692b5f7f878d1d94272224ab;wine;On The Road ;;;47500;475,00;opcao ativa unica;/2/menus/3/menuItems/47/options/0/price;/2/menus/3/menuItems/47;750ml: R$ 475,00;PRECO_EM_OPCAO | DESCRICAO_PT_AUSENTE;FONTE_VERIFICADA;PENDENTE;
186;madonna_cucina;| Tintos;Adega > | Tintos;691b1e1f308a9fdefff72671 > 6925e7914ca04d4034d10696;69373698d871d329d52c80e0;wine;Pieve Santa Restituta Brunello di Montalcino;;;271900;2719,00;opcao ativa unica;/2/menus/3/menuItems/48/options/0/price;/2/menus/3/menuItems/48;750ml: R$ 2719,00;PRECO_EM_OPCAO | DESCRICAO_PT_AUSENTE;FONTE_VERIFICADA;PENDENTE;
187;madonna_cucina;| Tintos;Adega > | Tintos;691b1e1f308a9fdefff72671 > 6925e7914ca04d4034d10696;693743fcd871d329d52dadfa;wine;Vosne Romanée;;;336000;3360,00;opcao ativa unica;/2/menus/3/menuItems/49/options/0/price;/2/menus/3/menuItems/49;750ml: R$ 3360,00;PRECO_EM_OPCAO | DESCRICAO_PT_AUSENTE;FONTE_VERIFICADA;PENDENTE;
188;madonna_cucina;| Tintos;Adega > | Tintos;691b1e1f308a9fdefff72671 > 6925e7914ca04d4034d10696;69399e6e20d73ebda334dd75;wine;Château Lynch-Bages Grand Cru Classé;;;677400;6774,00;opcao ativa unica;/2/menus/3/menuItems/50/options/0/price;/2/menus/3/menuItems/50;750ml: R$ 6774,00;PRECO_EM_OPCAO | DESCRICAO_PT_AUSENTE;FONTE_VERIFICADA;PENDENTE;
189;madonna_cucina;| Tintos;Adega > | Tintos;691b1e1f308a9fdefff72671 > 6925e7914ca04d4034d10696;69de953958b41df729741b03;wine;Morey-Saint-Denis Vieilles Vignes Domaine Stéphane Magnien;;;197500;1975,00;opcao ativa unica;/2/menus/3/menuItems/51/options/0/price;/2/menus/3/menuItems/51;750ml: R$ 1975,00;PRECO_EM_OPCAO | DESCRICAO_PT_AUSENTE;FONTE_VERIFICADA;PENDENTE;
190;madonna_cucina;| Tintos;Adega > | Tintos;691b1e1f308a9fdefff72671 > 6925e7914ca04d4034d10696;69de96a858b41df72974404d;wine;Chambolle-Musigny “Les Sentiers” 1er Cru (Domaine Robert Groffier);;;799900;7999,00;opcao ativa unica;/2/menus/3/menuItems/52/options/0/price;/2/menus/3/menuItems/52;750ml: R$ 7999,00;PRECO_EM_OPCAO | DESCRICAO_PT_AUSENTE;FONTE_VERIFICADA;PENDENTE;
191;madonna_cucina;| Tintos;Adega > | Tintos;691b1e1f308a9fdefff72671 > 6925e7914ca04d4034d10696;69de984358b41df729748508;wine;Savigny-Les-Beaune AOC (Domaine Simon Bize);;;130700;1307,00;opcao ativa unica;/2/menus/3/menuItems/53/options/0/price;/2/menus/3/menuItems/53;750ml: R$ 1307,00;PRECO_EM_OPCAO | DESCRICAO_PT_AUSENTE;FONTE_VERIFICADA;PENDENTE;
192;madonna_cucina;| Tintos;Adega > | Tintos;691b1e1f308a9fdefff72671 > 6925e7914ca04d4034d10696;69de991f5add7de5decd9959;wine;Château Lafon Rochet;;;166500;1665,00;opcao ativa unica;/2/menus/3/menuItems/54/options/0/price;/2/menus/3/menuItems/54;750ml: R$ 1665,00;PRECO_EM_OPCAO | DESCRICAO_PT_AUSENTE;FONTE_VERIFICADA;PENDENTE;
193;madonna_cucina;| Tintos;Adega > | Tintos;691b1e1f308a9fdefff72671 > 6925e7914ca04d4034d10696;69de996558b41df72974ad7c;wine;Château Léoville Poyferré;"Cor vermelho rubi intenso. Complexo aroma de frutas negras como groselha e cassis, ervas frescas e leve toque de defumado. 
Palato elegante, taninos macios e final persistente. ";;581400;5814,00;opcao ativa unica;/2/menus/3/menuItems/55/options/0/price;/2/menus/3/menuItems/55;750ml: R$ 5814,00;PRECO_EM_OPCAO;FONTE_VERIFICADA;PENDENTE;
194;madonna_cucina;| Tintos;Adega > | Tintos;691b1e1f308a9fdefff72671 > 6925e7914ca04d4034d10696;69de9a0a2b2507b2687b7b2e;wine;Post-Scriptum;"Nos mesmos moldes dos ""deuxièmes vins"" dos châteaux de Bordeaux, o Post Scriptum é o super-segundo vinho do grandioso Chryseia, em um estilo robusto, elegante e concentrado. Trata-se de um grande vinho, que compete em qualidade com os principais vinhos da maioria dos produtores do Douro. É um vinho complexo e muito elegante, que fica ainda melhor após alguns anos na adega. É sem dúvida um dos maiores sucessos entre os grandes vinhos portugueses!

";;82700;827,00;opcao ativa unica;/2/menus/3/menuItems/56/options/0/price;/2/menus/3/menuItems/56;750ml: R$ 827,00;PRECO_EM_OPCAO;FONTE_VERIFICADA;PENDENTE;
195;madonna_cucina;| Tintos;Adega > | Tintos;691b1e1f308a9fdefff72671 > 6925e7914ca04d4034d10696;69de9a722b2507b2687b7db6;wine;Buçaco Bairrada Tinto;O vinho de Buçaco começou a ser produzido em 1917 para ser servido aos hóspedes no restaurante do luxuoso hotel Palácio do Bussaco, fundado por Alexandre de Almeida, que se inspirou no conceito dos hotéis vinícolas da Côte d'Azur francesa. Assim nasceu esta lenda do vinho português que durante vários anos não era vendida em nenhum outro lugar além do hotel – a Mistral foi pioneira em todo o mundo, incluindo Portugal, na comercialização dos vinhos do Buçaco. Este Bairrada tinto é a melhor escolha para quem deseja se iniciar aos incríveis, complexos e longevos vinhos do Buçaco com uma abordagem mais frutada e taninos prontos mais jovens. Um vinho de gastronomia antes de tudo, que combina à perfeição com uma leitoa assada!;;159900;1599,00;opcao ativa unica;/2/menus/3/menuItems/57/options/0/price;/2/menus/3/menuItems/57;750ml: R$ 1599,00;PRECO_EM_OPCAO;FONTE_VERIFICADA;PENDENTE;
196;madonna_cucina;| Tintos;Adega > | Tintos;691b1e1f308a9fdefff72671 > 6925e7914ca04d4034d10696;69de9af458b41df72974c2ca;wine;Vinha Do Mouro;Foram os dias quentes e secos da cidade de Estremoz, no Alentejo, que deram origem a este vinho que, como bom representante da tipicidade alentejana, mostra excelente complexidade aromática e boa estrutura - e ainda com um toque a mais de elegância, que surpreende para a faixa de preço.;;38200;382,00;opcao ativa unica;/2/menus/3/menuItems/58/options/0/price;/2/menus/3/menuItems/58;750ml: R$ 382,00;PRECO_EM_OPCAO;FONTE_VERIFICADA;PENDENTE;
197;madonna_cucina;| Tintos;Adega > | Tintos;691b1e1f308a9fdefff72671 > 6925e7914ca04d4034d10696;69de9b3958b41df72974c9b9;wine;Château Musar;"Cor rubi intensa, aromas de frutas vermelhas como ameixas e amoras; especiarias, toque balsâmico e tostado. Um vinho cheio de elegância e personalidade, possui bastante acidez e taninos bem presentes. Potente, saboroso, interessante, com boa persistência.

";;139900;1399,00;opcao ativa unica;/2/menus/3/menuItems/59/options/0/price;/2/menus/3/menuItems/59;750ml: R$ 1399,00;PRECO_EM_OPCAO;FONTE_VERIFICADA;PENDENTE;
198;madonna_cucina;| Tintos;Adega > | Tintos;691b1e1f308a9fdefff72671 > 6925e7914ca04d4034d10696;69de9ba858b41df72974d94f;wine;Yalumba The Signature (cabernet Sauvignon Shiraz);;;188100;1881,00;opcao ativa unica;/2/menus/3/menuItems/60/options/0/price;/2/menus/3/menuItems/60;750ml: R$ 1881,00;PRECO_EM_OPCAO | DESCRICAO_PT_AUSENTE;FONTE_VERIFICADA;PENDENTE;
199;madonna_cucina;| Tintos;Adega > | Tintos;691b1e1f308a9fdefff72671 > 6925e7914ca04d4034d10696;69de9da458b41df729751984;wine;On The Road Pinot Noir from Patagonia;On the Road Pinot Noir, é o mais novo lançamento de Ernesto Catena. É um vinho tinto delicado e fresco com um bouquet que remete a notas de framboesa, cereja, morango, violeta e coco. Na boca tem uma entrada doce com corpo médio a leve. Esse vinho mostra sua melhor forma quando em contato com oxigênio, monstrando notas de caramelo proveniente do estágio em madeira.;;41500;415,00;opcao ativa unica;/2/menus/3/menuItems/61/options/0/price;/2/menus/3/menuItems/61;750ml: R$ 415,00;PRECO_EM_OPCAO;FONTE_VERIFICADA;PENDENTE;
200;madonna_cucina;| Tintos;Adega > | Tintos;691b1e1f308a9fdefff72671 > 6925e7914ca04d4034d10696;69dea9ab285ea768b135e418;wine;Merlot Riserva Trentino DOC;;;30200;302,00;opcao ativa unica;/2/menus/3/menuItems/62/options/0/price;/2/menus/3/menuItems/62;750ml: R$ 302,00;PRECO_EM_OPCAO | DESCRICAO_PT_AUSENTE;FONTE_VERIFICADA;PENDENTE;
201;madonna_cucina;| Tintos;Adega > | Tintos;691b1e1f308a9fdefff72671 > 6925e7914ca04d4034d10696;69deaa6f58b41df72977144c;wine;"Cabert Trivenezie  ""Pinot Nero"" IGT";;;20100;201,00;opcao ativa unica;/2/menus/3/menuItems/63/options/0/price;/2/menus/3/menuItems/63;750ml: R$ 201,00;PRECO_EM_OPCAO | DESCRICAO_PT_AUSENTE;FONTE_VERIFICADA;PENDENTE;
202;madonna_cucina;| Tintos;Adega > | Tintos;691b1e1f308a9fdefff72671 > 6925e7914ca04d4034d10696;69deab7c58b41df729774919;wine;"Sforzato Di Valtellina ""Fiori Di Sparta"" DOCG";;;66900;669,00;opcao ativa unica;/2/menus/3/menuItems/64/options/0/price;/2/menus/3/menuItems/64;750ml: R$ 669,00;PRECO_EM_OPCAO | DESCRICAO_PT_AUSENTE;FONTE_VERIFICADA;PENDENTE;
203;madonna_cucina;| Tintos;Adega > | Tintos;691b1e1f308a9fdefff72671 > 6925e7914ca04d4034d10696;69deacfe58b41df72977b861;wine;Porlapá Barbera D'Asti Superiore DOCG;;;51500;515,00;opcao ativa unica;/2/menus/3/menuItems/65/options/0/price;/2/menus/3/menuItems/65;750ml: R$ 515,00;PRECO_EM_OPCAO | DESCRICAO_PT_AUSENTE;FONTE_VERIFICADA;PENDENTE;
204;madonna_cucina;| Tintos;Adega > | Tintos;691b1e1f308a9fdefff72671 > 6925e7914ca04d4034d10696;69dead9c58b41df72977f613;wine;Barolo Boeri DOCG;;;119900;1199,00;opcao ativa unica;/2/menus/3/menuItems/66/options/0/price;/2/menus/3/menuItems/66;750ml: R$ 1199,00;PRECO_EM_OPCAO | DESCRICAO_PT_AUSENTE;FONTE_VERIFICADA;PENDENTE;
205;madonna_cucina;| Tintos;Adega > | Tintos;691b1e1f308a9fdefff72671 > 6925e7914ca04d4034d10696;69deae4058b41df729782fcb;wine;Romulo IGT;;;19900;199,00;opcao ativa unica;/2/menus/3/menuItems/67/options/0/price;/2/menus/3/menuItems/67;750ml: R$ 199,00;PRECO_EM_OPCAO | NOME_REPETIDO_PRESERVAR_CATEGORIA_E_VOLUME | DESCRICAO_PT_AUSENTE;FONTE_VERIFICADA;PENDENTE;
206;madonna_cucina;| Tintos;Adega > | Tintos;691b1e1f308a9fdefff72671 > 6925e7914ca04d4034d10696;69deae7558b41df729783e50;wine;ORO DEI SANI CHIANTI CLASSICO DOCG;Amadurece 24 meses em barricas de carvalho americano. Aromas com muita complexidade, intensos e elegantes, bouquet amplo com notas de cerejas, florais e violetas. Persistência alta, encorpado, estruturado com grande maciez e ótimo equilibrio.;;29900;299,00;opcao ativa unica;/2/menus/3/menuItems/68/options/0/price;/2/menus/3/menuItems/68;750ml: R$ 299,00;PRECO_EM_OPCAO;FONTE_VERIFICADA;PENDENTE;
207;madonna_cucina;| Tintos;Adega > | Tintos;691b1e1f308a9fdefff72671 > 6925e7914ca04d4034d10696;69deaef858b41df7297865a8;wine;Colle dei Medici Brunello di Montalcino Riserva DOCG;;;137200;1372,00;opcao ativa unica;/2/menus/3/menuItems/69/options/0/price;/2/menus/3/menuItems/69;750ml: R$ 1372,00;PRECO_EM_OPCAO | DESCRICAO_PT_AUSENTE;FONTE_VERIFICADA;PENDENTE;
208;madonna_cucina;| Tintos;Adega > | Tintos;691b1e1f308a9fdefff72671 > 6925e7914ca04d4034d10696;69deafb3063ab3224846bc14;wine;Galileo Colli Pasaresi Riserva DOC;;;30300;303,00;opcao ativa unica;/2/menus/3/menuItems/70/options/0/price;/2/menus/3/menuItems/70;750ml: R$ 303,00;PRECO_EM_OPCAO | DESCRICAO_PT_AUSENTE;FONTE_VERIFICADA;PENDENTE;
209;madonna_cucina;| Tintos;Adega > | Tintos;691b1e1f308a9fdefff72671 > 6925e7914ca04d4034d10696;69deb0090b1ee746399d2a55;wine;Passo Dei Sani Premium Rosso;"Visual: Vermelho rubi brilhante;
Olfato:Apresenta um bouquet amplo, com notas de frutas vermelhas, como cereja e mirtilo;
Paladar: No paladar apresenta-se seco e macio;
Harmonização: Perfeita a combinação com carnes vermelhas, massas e queijos";;19900;199,00;opcao ativa unica;/2/menus/3/menuItems/71/options/0/price;/2/menus/3/menuItems/71;750ml: R$ 199,00;PRECO_EM_OPCAO;FONTE_VERIFICADA;PENDENTE;
210;madonna_cucina;| Tintos;Adega > | Tintos;691b1e1f308a9fdefff72671 > 6925e7914ca04d4034d10696;69deb18058b41df729791904;wine;"Terre Carsiche ""Nero Di Troia"" IGT";;;20100;201,00;opcao ativa unica;/2/menus/3/menuItems/72/options/0/price;/2/menus/3/menuItems/72;750ml: R$ 201,00;PRECO_EM_OPCAO | DESCRICAO_PT_AUSENTE;FONTE_VERIFICADA;PENDENTE;
211;madonna_cucina;| Tintos;Adega > | Tintos;691b1e1f308a9fdefff72671 > 6925e7914ca04d4034d10696;69deb21f58b41df7297956b6;wine;I Mori IGT;;;28200;282,00;opcao ativa unica;/2/menus/3/menuItems/73/options/0/price;/2/menus/3/menuItems/73;750ml: R$ 282,00;PRECO_EM_OPCAO | DESCRICAO_PT_AUSENTE;FONTE_VERIFICADA;PENDENTE;
212;madonna_cucina;| Tintos;Adega > | Tintos;691b1e1f308a9fdefff72671 > 6925e7914ca04d4034d10696;69deb27458b41df72979681c;wine;Naxos Rosso Terre Siciliane ;Apresenta aroma macio, com notas frutadas. Na boca apresenta entrada macia e suave, delicadamente frutada e com notas que lembram ameixa madura e cereja.;;29700;297,00;opcao ativa unica;/2/menus/3/menuItems/74/options/0/price;/2/menus/3/menuItems/74;750ml: R$ 297,00;PRECO_EM_OPCAO;FONTE_VERIFICADA;PENDENTE;
213;madonna_cucina;| Tintos;Adega > | Tintos;691b1e1f308a9fdefff72671 > 6925e7914ca04d4034d10696;69e125f3c31aa4aaf9093b3a;wine;Second De Camensac;"2854 M4 Os tintos matizados e desenvolvidos são vinhos de corpo médio ou encorpado, nos quais a maturação criou notas de couro, estábulo, carvalho e ervas.

Esses sabores e aromas terrosos tornam-se mais pronunciados à medida que o vinho amadurece e se desenvolve. A maturação em carvalho também adiciona notas picantes e de baunilha.

Dicas de uso
Vinhos complexos e encorpados combinam bem com pratos rústicos de carne. Você também pode harmonizá-los com queijos ou apreciá-los sozinhos.

Experimente com bife de rena, entrecôte ou queijos duros e envelhecidos, como Gouda, Parmesão ou Manchego.";;68800;688,00;opcao ativa unica;/2/menus/3/menuItems/75/options/0/price;/2/menus/3/menuItems/75;750ml: R$ 688,00;PRECO_EM_OPCAO;FONTE_VERIFICADA;PENDENTE;
214;madonna_cucina;| Tintos;Adega > | Tintos;691b1e1f308a9fdefff72671 > 6925e7914ca04d4034d10696;69e12650f4731091156669ba;wine;Pauillac;"Este Pauillac revela uma bela e intensa cor rubi.
No nariz tem aromas de fruta preta madura, especiarias, alcaçuz e um toque de fumo.
Na boca, o início é fresco e suave, o paladar é redondo e frutado; o final é encorpado e mineral, com notas de frutas maceradas, em especial cereja morello.
A impressão geral é carnuda, refletindo o clima ensolarado do ano, e pode ser apreciado desde já.";;171000;1710,00;opcao ativa unica;/2/menus/3/menuItems/76/options/0/price;/2/menus/3/menuItems/76;750ml: R$ 1710,00;PRECO_EM_OPCAO;FONTE_VERIFICADA;PENDENTE;
215;madonna_cucina;| Tintos;Adega > | Tintos;691b1e1f308a9fdefff72671 > 6925e7914ca04d4034d10696;69e126aff4731091156678f9;wine;Petit Pittacum ;Petit Pittacum é originado a partir da irresistível uva Mencía de vinhedos centenários, como os outros tintos do produtor. A diferença é que essa versão passa apenas três meses em barrica, resultando em um vinho cheio de fruta vermelha, saboroso e fácil de agradar. Também é ótimo para combinar com comida.;;28700;287,00;opcao ativa unica;/2/menus/3/menuItems/77/options/0/price;/2/menus/3/menuItems/77;750ml: R$ 287,00;PRECO_EM_OPCAO | NOME_REPETIDO_PRESERVAR_CATEGORIA_E_VOLUME;FONTE_VERIFICADA;PENDENTE;
216;madonna_cucina;| Tintos;Adega > | Tintos;691b1e1f308a9fdefff72671 > 6925e7914ca04d4034d10696;69e126e3f4731091156680f7;wine;Emilio Moro ;Well integrated berry fruit aromas, with power & concentration.;;63200;632,00;opcao ativa unica;/2/menus/3/menuItems/78/options/0/price;/2/menus/3/menuItems/78;750ml: R$ 632,00;PRECO_EM_OPCAO;FONTE_VERIFICADA;PENDENTE;
217;madonna_cucina;| Tintos;Adega > | Tintos;691b1e1f308a9fdefff72671 > 6925e7914ca04d4034d10696;69e1272cf473109115668c51;wine;Emilio Moro Malleolus;;;99800;998,00;opcao ativa unica;/2/menus/3/menuItems/79/options/0/price;/2/menus/3/menuItems/79;750ml: R$ 998,00;PRECO_EM_OPCAO | DESCRICAO_PT_AUSENTE;FONTE_VERIFICADA;PENDENTE;
218;madonna_cucina;| Tintos;Adega > | Tintos;691b1e1f308a9fdefff72671 > 6925e7914ca04d4034d10696;69e127c3f47310911566a7b5;wine;Tarapaca Gran Reserva Syrah;;;29600;296,00;opcao ativa unica;/2/menus/3/menuItems/80/options/0/price;/2/menus/3/menuItems/80;750ml: R$ 296,00;PRECO_EM_OPCAO | DESCRICAO_PT_AUSENTE;FONTE_VERIFICADA;PENDENTE;
219;madonna_cucina;| Tintos;Adega > | Tintos;691b1e1f308a9fdefff72671 > 6925e7914ca04d4034d10696;69e12802f47310911566b66f;wine;ALTA VISTA ATEMPORAL;;;29700;297,00;opcao ativa unica;/2/menus/3/menuItems/81/options/0/price;/2/menus/3/menuItems/81;750ml: R$ 297,00;PRECO_EM_OPCAO | DESCRICAO_PT_AUSENTE;FONTE_VERIFICADA;PENDENTE;
220;madonna_cucina;| Tintos;Adega > | Tintos;691b1e1f308a9fdefff72671 > 6925e7914ca04d4034d10696;692b94773537030715deba4b;dish;Rolha convencional;"
";18000;18000;180,00;price direto;/2/menus/3/menuItems/82/price;/2/menus/3/menuItems/82;;DESCRICAO_PT_AUSENTE;FONTE_VERIFICADA;PENDENTE;
221;madonna_cucina;| Tintos;Adega > | Tintos;691b1e1f308a9fdefff72671 > 6925e7914ca04d4034d10696;69fcf82555153376bd6a1337;wine;Charmes De Kirwan;Cor vermelha profunda e um nariz floral frutado com notas de cerejas. Taninos redondos no primeiro momento. Na boca é agradável e equilibrado. ;;136000;1360,00;opcao ativa unica;/2/menus/3/menuItems/83/options/0/price;/2/menus/3/menuItems/83;750ml: R$ 1360,00;PRECO_EM_OPCAO;FONTE_VERIFICADA;PENDENTE;
222;madonna_cucina;| Tintos;Adega > | Tintos;691b1e1f308a9fdefff72671 > 6925e7914ca04d4034d10696;69fcf90e55153376bd6a3498;wine;Luzon Crianza Seleccion;"Intense cherry red with a red ruby rim.
Delicate, black fruit, balsamic, scrubland memories (rosemary, rockrose and liquorice). Delicate and elegant structure, sweet tannins and balsamic species (nutmeg, vanilla and cinnamon). Complex, touched by the delicacy and elegance from the Mediterranean climate";;41500;415,00;opcao ativa unica;/2/menus/3/menuItems/84/options/0/price;/2/menus/3/menuItems/84;750ml: R$ 415,00;PRECO_EM_OPCAO;FONTE_VERIFICADA;PENDENTE;
223;madonna_cucina;| Tintos;Adega > | Tintos;691b1e1f308a9fdefff72671 > 6925e7914ca04d4034d10696;69fcfa3e55153376bd6a7274;wine;Viña Progreso Sueños De Elisa Open Barrel Tannat;;;99900;999,00;opcao ativa unica;/2/menus/3/menuItems/85/options/0/price;/2/menus/3/menuItems/85;750ml: R$ 999,00;PRECO_EM_OPCAO | DESCRICAO_PT_AUSENTE;FONTE_VERIFICADA;PENDENTE;
224;madonna_cucina;| Doces | Sobremesas;Adega > | Doces | Sobremesas;691b1e1f308a9fdefff72671 > 692760031286fbb165cd2674;6927607d1286fbb165cd48d5;wine; Capofaro di Salina;;;99600;996,00;opcao ativa unica;/2/menus/4/menuItems/0/options/0/price;/2/menus/4/menuItems/0;500ml: R$ 996,00;PRECO_EM_OPCAO | NOME_REPETIDO_PRESERVAR_CATEGORIA_E_VOLUME | DESCRICAO_PT_AUSENTE;FONTE_VERIFICADA;PENDENTE;
225;madonna_cucina;| Doces | Sobremesas;Adega > | Doces | Sobremesas;691b1e1f308a9fdefff72671 > 692760031286fbb165cd2674;692c6447f71be2acd3ec1460;wine;"Tokaji Aszú ""3 Puttonyos"" ";;;121800;1218,00;opcao ativa unica;/2/menus/4/menuItems/1/options/0/price;/2/menus/4/menuItems/1;500ml: R$ 1218,00;PRECO_EM_OPCAO | NOME_REPETIDO_PRESERVAR_CATEGORIA_E_VOLUME | DESCRICAO_PT_AUSENTE;FONTE_VERIFICADA;PENDENTE;
226;madonna_cucina;| Vinhos Fortificados;Adega > | Vinhos Fortificados;691b1e1f308a9fdefff72671 > 692760e01286fbb165cd5eee;692761571286fbb165cd7347;wine;Jerez Napoleon Amontillado;;;83400;834,00;opcao ativa unica;/2/menus/5/menuItems/0/options/0/price;/2/menus/5/menuItems/0;500ml: R$ 834,00;PRECO_EM_OPCAO | NOME_REPETIDO_PRESERVAR_CATEGORIA_E_VOLUME | DESCRICAO_PT_AUSENTE;FONTE_VERIFICADA;PENDENTE;
227;madonna_cucina;| Vinhos Fortificados;Adega > | Vinhos Fortificados;691b1e1f308a9fdefff72671 > 692760e01286fbb165cd5eee;692c675b617a06b0f69845cb;wine;Meandro Finest Reserve Port;;;45600;456,00;opcao ativa unica;/2/menus/5/menuItems/1/options/0/price;/2/menus/5/menuItems/1;750ml: R$ 456,00;PRECO_EM_OPCAO | NOME_REPETIDO_PRESERVAR_CATEGORIA_E_VOLUME | DESCRICAO_PT_AUSENTE;FONTE_VERIFICADA;PENDENTE;
228;madonna_cucina;| Vinhos Fortificados;Adega > | Vinhos Fortificados;691b1e1f308a9fdefff72671 > 692760e01286fbb165cd5eee;69e129cbf473109115670d82;wine;Porto Ramos Pinto Tawny 10 Years ;;;105200;1052,00;opcao ativa unica;/2/menus/5/menuItems/2/options/0/price;/2/menus/5/menuItems/2;750ml: R$ 1052,00;PRECO_EM_OPCAO | NOME_REPETIDO_PRESERVAR_CATEGORIA_E_VOLUME | DESCRICAO_PT_AUSENTE;FONTE_VERIFICADA;PENDENTE;
229;madonna_cucina;| Destilado Vinico;Adega > | Destilado Vinico;691b1e1f308a9fdefff72671 > 6927629e1286fbb165cdb5d0;692b65cf878d1d9427239a32;wine;Grappa Unica ;;;107800;1078,00;opcao ativa unica;/2/menus/6/menuItems/0/options/0/price;/2/menus/6/menuItems/0;500ml: R$ 1078,00;PRECO_EM_OPCAO | NOME_REPETIDO_PRESERVAR_CATEGORIA_E_VOLUME | DESCRICAO_PT_AUSENTE;FONTE_VERIFICADA;PENDENTE;
230;madonna_cucina;| Espumante Meia Garrafa;Adega > | Espumante Meia Garrafa;691b1e1f308a9fdefff72671 > 6927631e1286fbb165cdcceb;692c6c5c617a06b0f69a32f2;wine;Vallontano Brut ;;;13100;131,00;opcao ativa unica;/2/menus/7/menuItems/0/options/0/price;/2/menus/7/menuItems/0;Meia-Garrafa: R$ 131,00;PRECO_EM_OPCAO | NOME_REPETIDO_PRESERVAR_CATEGORIA_E_VOLUME | DESCRICAO_PT_AUSENTE;FONTE_VERIFICADA;PENDENTE;
231;madonna_cucina;| Vinhos Brancos Meia Garrafa;Adega > | Vinhos Brancos Meia Garrafa;691b1e1f308a9fdefff72671 > 6927646b1286fbb165ce0ba1;69276491ed38c96634f6b40f;wine;Campagnola Delle Venezie ;;;18100;181,00;opcao ativa unica;/2/menus/8/menuItems/0/options/0/price;/2/menus/8/menuItems/0;Meia-Garrafa: R$ 181,00;PRECO_EM_OPCAO | DESCRICAO_PT_AUSENTE;FONTE_VERIFICADA;PENDENTE;
232;madonna_cucina;| Vinhos Brancos Meia Garrafa;Adega > | Vinhos Brancos Meia Garrafa;691b1e1f308a9fdefff72671 > 6927646b1286fbb165ce0ba1;6927651ced38c96634f6cd18;wine;Luis Pato Blanc;;;15600;156,00;opcao ativa unica;/2/menus/8/menuItems/1/options/0/price;/2/menus/8/menuItems/1;Meia-Garrafa: R$ 156,00;PRECO_EM_OPCAO | DESCRICAO_PT_AUSENTE;FONTE_VERIFICADA;PENDENTE;
233;madonna_cucina;| Vinhos Brancos Meia Garrafa;Adega > | Vinhos Brancos Meia Garrafa;691b1e1f308a9fdefff72671 > 6927646b1286fbb165ce0ba1;692c6f58617a06b0f69b76b7;wine;La Vieille Ferme Blanc;;;18100;181,00;opcao ativa unica;/2/menus/8/menuItems/2/options/0/price;/2/menus/8/menuItems/2;Meia-Garrafa: R$ 181,00;PRECO_EM_OPCAO | DESCRICAO_PT_AUSENTE;FONTE_VERIFICADA;PENDENTE;
234;madonna_cucina;| Vinhos Brancos Meia Garrafa;Adega > | Vinhos Brancos Meia Garrafa;691b1e1f308a9fdefff72671 > 6927646b1286fbb165ce0ba1;692c7205dec6e888ee2c32ef;wine;Carmen Insigne Blanc ;;;16200;162,00;opcao ativa unica;/2/menus/8/menuItems/3/options/0/price;/2/menus/8/menuItems/3;Meia-Garrafa: R$ 162,00;PRECO_EM_OPCAO | DESCRICAO_PT_AUSENTE;FONTE_VERIFICADA;PENDENTE;
235;madonna_cucina;| Vinhos Rosés Meia Garrafa;Adega > | Vinhos Rosés Meia Garrafa;691b1e1f308a9fdefff72671 > 69276587ed38c96634f6d968;692c7389dec6e888ee2cde3a;wine;Château Routas ;;;26800;268,00;opcao ativa unica;/2/menus/9/menuItems/0/options/0/price;/2/menus/9/menuItems/0;Meia-Garrafa: R$ 268,00;PRECO_EM_OPCAO | DESCRICAO_PT_AUSENTE;FONTE_VERIFICADA;PENDENTE;
236;madonna_cucina;| Vinhos Tintos Meia Garrafa;Adega > | Vinhos Tintos Meia Garrafa;691b1e1f308a9fdefff72671 > 692765afede94a7d9103fb0b;69276651ede94a7d91041566;wine;Sassoaloro IGT;;;51200;512,00;opcao ativa unica;/2/menus/10/menuItems/0/options/0/price;/2/menus/10/menuItems/0;Meia-Garrafa: R$ 512,00;PRECO_EM_OPCAO | DESCRICAO_PT_AUSENTE;FONTE_VERIFICADA;PENDENTE;
237;madonna_cucina;| Vinhos Tintos Meia Garrafa;Adega > | Vinhos Tintos Meia Garrafa;691b1e1f308a9fdefff72671 > 692765afede94a7d9103fb0b;69276697ede94a7d910424d4;wine;Viña Bujanda ;;;15000;150,00;opcao ativa unica;/2/menus/10/menuItems/1/options/0/price;/2/menus/10/menuItems/1;Meia-Garrafa: R$ 150,00;PRECO_EM_OPCAO | DESCRICAO_PT_AUSENTE;FONTE_VERIFICADA;PENDENTE;
238;madonna_cucina;| Vinhos Tintos Meia Garrafa;Adega > | Vinhos Tintos Meia Garrafa;691b1e1f308a9fdefff72671 > 692765afede94a7d9103fb0b;692c768edec6e888ee2e4886;wine;Altano ;;;16500;165,00;opcao ativa unica;/2/menus/10/menuItems/2/options/0/price;/2/menus/10/menuItems/2;Meia-Garrafa: R$ 165,00;PRECO_EM_OPCAO | DESCRICAO_PT_AUSENTE;FONTE_VERIFICADA;PENDENTE;
239;madonna_cucina;| Vinhos Tintos Meia Garrafa;Adega > | Vinhos Tintos Meia Garrafa;691b1e1f308a9fdefff72671 > 692765afede94a7d9103fb0b;69de9e1158b41df72975265f;wine;CL Lapostolle Gran Selection Carmenere;"Paladar: Na boca é elegante, concentrado e cativante.

Aromas: No nariz tem notas de fruta madura. 

Amadurecimento: 46% do vinho é maturado em barricas de carvalho francês.";;19200;192,00;opcao ativa unica;/2/menus/10/menuItems/3/options/0/price;/2/menus/10/menuItems/3;350ml: R$ 192,00;PRECO_EM_OPCAO;FONTE_VERIFICADA;PENDENTE;
240;madonna_cucina;| Vinhos Tintos Meia Garrafa;Adega > | Vinhos Tintos Meia Garrafa;691b1e1f308a9fdefff72671 > 692765afede94a7d9103fb0b;69fcfa8a55153376bd6a875f;wine;Chateau Marjosse;;;28900;289,00;opcao ativa unica;/2/menus/10/menuItems/4/options/0/price;/2/menus/10/menuItems/4;350ml: R$ 289,00;PRECO_EM_OPCAO | DESCRICAO_PT_AUSENTE;FONTE_VERIFICADA;PENDENTE;
241;madonna_cucina;| Vinhos em Taça;Adega > | Vinhos em Taça;691b1e1f308a9fdefff72671 > 69276718ede94a7d91044331;69e12bb5f473109115675edd;wine;Prosecco Cabert Extra Dry DOC;;;6400;64,00;opcao ativa unica;/2/menus/11/menuItems/0/options/0/price;/2/menus/11/menuItems/0;187ml: R$ 64,00;PRECO_EM_OPCAO | NOME_REPETIDO_PRESERVAR_CATEGORIA_E_VOLUME | DESCRICAO_PT_AUSENTE;FONTE_VERIFICADA;PENDENTE;
242;madonna_cucina;| Vinhos em Taça;Adega > | Vinhos em Taça;691b1e1f308a9fdefff72671 > 69276718ede94a7d91044331;69e0114af4731091154df5f7;wine;"Gaierhof ""Nosiola"" DOC";;;7500;75,00;opcao ativa unica;/2/menus/11/menuItems/1/options/0/price;/2/menus/11/menuItems/1;187ml: R$ 75,00;PRECO_EM_OPCAO | NOME_REPETIDO_PRESERVAR_CATEGORIA_E_VOLUME | DESCRICAO_PT_AUSENTE;FONTE_VERIFICADA;PENDENTE;
243;madonna_cucina;| Vinhos em Taça;Adega > | Vinhos em Taça;691b1e1f308a9fdefff72671 > 69276718ede94a7d91044331;692c7ab5dec6e888ee306542;wine;Robertson Blanc;;;5600;56,00;opcao ativa unica;/2/menus/11/menuItems/2/options/0/price;/2/menus/11/menuItems/2;Taça de 150ml: R$ 56,00;PRECO_EM_OPCAO | NOME_REPETIDO_PRESERVAR_CATEGORIA_E_VOLUME | DESCRICAO_PT_AUSENTE;FONTE_VERIFICADA;PENDENTE;
244;madonna_cucina;| Vinhos em Taça;Adega > | Vinhos em Taça;691b1e1f308a9fdefff72671 > 69276718ede94a7d91044331;69276849ede94a7d91047cbc;wine;Bayanegra Rosé;;;6300;63,00;opcao ativa unica;/2/menus/11/menuItems/3/options/0/price;/2/menus/11/menuItems/3;Taça de 150ml: R$ 63,00;PRECO_EM_OPCAO | DESCRICAO_PT_AUSENTE;FONTE_VERIFICADA;PENDENTE;
245;madonna_cucina;| Vinhos em Taça;Adega > | Vinhos em Taça;691b1e1f308a9fdefff72671 > 69276718ede94a7d91044331;69e12b3cf47310911567508f;wine;Petit Pittacum ;Petit Pittacum é originado a partir da irresistível uva Mencía de vinhedos centenários, como os outros tintos do produtor. A diferença é que essa versão passa apenas três meses em barrica, resultando em um vinho cheio de fruta vermelha, saboroso e fácil de agradar. Também é ótimo para combinar com comida.;;8400;84,00;opcao ativa unica;/2/menus/11/menuItems/4/options/0/price;/2/menus/11/menuItems/4;187ml: R$ 84,00;PRECO_EM_OPCAO | NOME_REPETIDO_PRESERVAR_CATEGORIA_E_VOLUME;FONTE_VERIFICADA;PENDENTE;
246;madonna_cucina;| Vinhos em Taça;Adega > | Vinhos em Taça;691b1e1f308a9fdefff72671 > 69276718ede94a7d91044331;692c7eccdec6e888ee32441f;wine;Epicuro Rosso;;;8400;84,00;opcao ativa unica;/2/menus/11/menuItems/5/options/0/price;/2/menus/11/menuItems/5;Taça de 150ml: R$ 84,00;PRECO_EM_OPCAO | DESCRICAO_PT_AUSENTE;FONTE_VERIFICADA;PENDENTE;
247;madonna_cucina;| Vinhos em Taça;Adega > | Vinhos em Taça;691b1e1f308a9fdefff72671 > 69276718ede94a7d91044331;69e0116ef4731091154dfed6;wine;Romulo IGT;;;5800;58,00;opcao ativa unica;/2/menus/11/menuItems/6/options/0/price;/2/menus/11/menuItems/6;187ml: R$ 58,00;PRECO_EM_OPCAO | NOME_REPETIDO_PRESERVAR_CATEGORIA_E_VOLUME | DESCRICAO_PT_AUSENTE;FONTE_VERIFICADA;PENDENTE;
248;madonna_cucina;| Vinhos em Taça;Adega > | Vinhos em Taça;691b1e1f308a9fdefff72671 > 69276718ede94a7d91044331;69e12ae8f47310911567424b;wine;Porto Ramos Pinto Tawny 10 Years ;;;12800;128,00;opcao ativa unica;/2/menus/11/menuItems/7/options/0/price;/2/menus/11/menuItems/7;Taça de 60ml: R$ 128,00;PRECO_EM_OPCAO | NOME_REPETIDO_PRESERVAR_CATEGORIA_E_VOLUME | DESCRICAO_PT_AUSENTE;FONTE_VERIFICADA;PENDENTE;
249;madonna_cucina;| Vinhos em Taça;Adega > | Vinhos em Taça;691b1e1f308a9fdefff72671 > 69276718ede94a7d91044331;692760531286fbb165cd3c1e;wine;Capofaro di Salina;;;15700;157,00;opcao ativa unica;/2/menus/11/menuItems/8/options/0/price;/2/menus/11/menuItems/8;Taça de 60ml: R$ 157,00;PRECO_EM_OPCAO | NOME_REPETIDO_PRESERVAR_CATEGORIA_E_VOLUME | DESCRICAO_PT_AUSENTE;FONTE_VERIFICADA;PENDENTE;
250;madonna_cucina;| Vinhos em Taça;Adega > | Vinhos em Taça;691b1e1f308a9fdefff72671 > 69276718ede94a7d91044331;692c6366f71be2acd3ebe2ab;wine;"Tokaji Aszú ""3 Puttonyos""";;;17400;174,00;opcao ativa unica;/2/menus/11/menuItems/9/options/0/price;/2/menus/11/menuItems/9;Taça de 60ml: R$ 174,00;PRECO_EM_OPCAO | NOME_REPETIDO_PRESERVAR_CATEGORIA_E_VOLUME | DESCRICAO_PT_AUSENTE;FONTE_VERIFICADA;PENDENTE;
251;madonna_cucina;| Vinhos em Taça;Adega > | Vinhos em Taça;691b1e1f308a9fdefff72671 > 69276718ede94a7d91044331;6927611c1286fbb165cd6aa8;wine;Jerez Napoleon Amontillado;;;7600;76,00;opcao ativa unica;/2/menus/11/menuItems/10/options/0/price;/2/menus/11/menuItems/10;Taça de 60ml: R$ 76,00;PRECO_EM_OPCAO | NOME_REPETIDO_PRESERVAR_CATEGORIA_E_VOLUME | DESCRICAO_PT_AUSENTE;FONTE_VERIFICADA;PENDENTE;
252;madonna_cucina;| Vinhos em Taça;Adega > | Vinhos em Taça;691b1e1f308a9fdefff72671 > 69276718ede94a7d91044331;692c6681617a06b0f697f5b3;wine;Meandro Finest Reserve Port;;;6200;62,00;opcao ativa unica;/2/menus/11/menuItems/11/options/0/price;/2/menus/11/menuItems/11;Taça de 60ml: R$ 62,00;PRECO_EM_OPCAO | NOME_REPETIDO_PRESERVAR_CATEGORIA_E_VOLUME | DESCRICAO_PT_AUSENTE;FONTE_VERIFICADA;PENDENTE;
253;madonna_cucina;| Vinhos em Taça;Adega > | Vinhos em Taça;691b1e1f308a9fdefff72671 > 69276718ede94a7d91044331;692b64ff878d1d942723689d;wine;Grappa Unica ;;;17300;173,00;opcao ativa unica;/2/menus/11/menuItems/12/options/0/price;/2/menus/11/menuItems/12;Taça de 60ml: R$ 173,00;PRECO_EM_OPCAO | NOME_REPETIDO_PRESERVAR_CATEGORIA_E_VOLUME | DESCRICAO_PT_AUSENTE;FONTE_VERIFICADA;PENDENTE;
